strategy,demand_ratio,total_demand_veh_h,interventions,successful_releases,timed_out_interventions,yielded_main_vehicles,side_merges_after_intervention,meter_release_interval_s,meter_activations,meter_active_time_s,meter_active_share,meter_releases,main_loaded_veh,main_departed_veh,main_arrived_veh,main_network_unfinished_veh,main_pending_veh_end,main_total_unfinished_veh,main_network_time_spent_s,main_insertion_wait_time_s,main_total_time_spent_s,main_stopped_time_s,main_avg_stopped_time_s,main_peak_network_queue_vehicles,main_peak_pending_vehicles,side_loaded_veh,side_departed_veh,side_arrived_veh,side_network_unfinished_veh,side_pending_veh_end,side_total_unfinished_veh,side_network_time_spent_s,side_insertion_wait_time_s,side_total_time_spent_s,side_stopped_time_s,side_avg_stopped_time_s,side_peak_network_queue_vehicles,side_peak_pending_vehicles,network_time_spent_s,insertion_wait_time_s,total_time_spent_s,accounted_loaded_veh,loaded_reconciliation_error_veh,main_veh_h,side_veh_h,expected_generated_veh,generated_veh,arrived_veh,unfinished_vehicles,throughput,avg_wait_time_s,total_wait_time_s,queue_length,avg_travel_time_s,total_travel_time_s,state,seed,duration_s,clearance_time_s,simulation_end_s,peak_queue_vehicles,final_running_vehicles,final_waiting_vehicles,inserted_vehicles,loaded_vehicles,teleports,collisions
uncontrolled,1:1,800,0,0,0,0,0,0.0,0,0.0,0.0,0,200,200,200,0,0,0,11731.0,0.0,11731.0,0.0,0.0,0,0,200,200,200,0,0,0,94241.0,66965.0,161206.0,60529.0,302.645,53,89,105972.0,66965.0,172937.0,400,0,400,400,400,400,400,0,0.2222222222222222,151.3025,60521.0,0,264.93,105972.0,queue,1,1800.0,600.0,2400.0,133,0,0,400,400,0,0
uncontrolled,1:1,800,0,0,0,0,0,0.0,0,0.0,0.0,0,200,200,200,0,0,0,11741.0,0.0,11741.0,0.0,0.0,0,0,200,200,200,0,0,0,92587.0,59377.0,151964.0,58661.0,293.305,53,83,104328.0,59377.0,163705.0,400,0,400,400,400,400,400,0,0.2222222222222222,146.62,58648.0,0,260.82,104328.0,queue,2,1800.0,600.0,2400.0,122,0,0,400,400,0,0
uncontrolled,1:1,800,0,0,0,0,0,0.0,0,0.0,0.0,0,200,200,200,0,0,0,11654.0,0.0,11654.0,0.0,0.0,0,0,200,200,200,0,0,0,91091.0,57658.0,148749.0,57350.0,286.75,53,82,102745.0,57658.0,160403.0,400,0,400,400,400,400,400,0,0.2222222222222222,143.3425,57337.0,0,256.8625,102745.0,queue,3,1800.0,600.0,2400.0,131,0,0,400,400,0,0
uncontrolled,1:1,800,0,0,0,0,0,0.0,0,0.0,0.0,0,200,200,200,0,0,0,11595.0,0.0,11595.0,0.0,0.0,0,0,200,200,200,0,0,0,93865.0,63956.0,157821.0,59757.0,298.785,53,87,105460.0,63956.0,169416.0,400,0,400,400,400,400,400,0,0.2222222222222222,149.3675,59747.0,0,263.65,105460.0,queue,4,1800.0,600.0,2400.0,131,0,0,400,400,0,0
uncontrolled,1:1,800,0,0,0,0,0,0.0,0,0.0,0.0,0,200,200,200,0,0,0,11702.0,0.0,11702.0,0.0,0.0,0,0,200,200,200,0,0,0,93317.0,63126.0,156443.0,58864.0,294.32,53,85,105019.0,63126.0,168145.0,400,0,400,400,400,400,400,0,0.2222222222222222,147.135,58854.0,0,262.5475,105019.0,queue,5,1800.0,600.0,2400.0,127,0,0,400,400,0,0
cooperative_limited,1:1,800,100,1,99,100,67,0.0,0,0.0,0.0,0,200,200,200,0,0,0,11892.0,0.0,11892.0,0.0,0.0,0,0,200,200,200,0,0,0,93567.0,63343.0,156910.0,60176.0,300.88,53,86,105459.0,63343.0,168802.0,400,0,400,400,400,400,400,0,0.2222222222222222,150.4175,60167.0,0,263.6475,105459.0,queue,1,1800.0,600.0,2400.0,127,0,0,400,400,0,0
cooperative_limited,1:1,800,98,0,98,98,69,0.0,0,0.0,0.0,0,200,200,200,0,0,0,11882.0,0.0,11882.0,0.0,0.0,0,0,200,200,200,0,0,0,93733.0,61395.0,155128.0,59198.0,295.99,53,84,105615.0,61395.0,167010.0,400,0,400,400,400,400,400,0,0.2222222222222222,147.975,59190.0,0,264.0375,105615.0,queue,2,1800.0,600.0,2400.0,129,0,0,400,400,0,0
cooperative_limited,1:1,800,96,0,96,96,70,0.0,0,0.0,0.0,0,200,200,200,0,0,0,11830.0,0.0,11830.0,0.0,0.0,0,0,200,200,200,0,0,0,90333.0,57211.0,147544.0,57385.0,286.925,53,79,102163.0,57211.0,159374.0,400,0,400,400,400,400,400,0,0.2222222222222222,143.4425,57377.0,0,255.4075,102163.0,queue,3,1800.0,600.0,2400.0,132,0,0,400,400,0,0
cooperative_limited,1:1,800,99,0,99,99,63,0.0,0,0.0,0.0,0,200,200,200,0,0,0,11758.0,0.0,11758.0,0.0,0.0,0,0,200,200,200,0,0,0,95559.0,70607.0,166166.0,62645.0,313.225,53,92,107317.0,70607.0,177924.0,400,0,400,400,400,400,400,0,0.2222222222222222,156.595,62638.0,0,268.2925,107317.0,queue,4,1800.0,600.0,2400.0,138,0,0,400,400,0,0
cooperative_limited,1:1,800,98,1,97,98,72,0.0,0,0.0,0.0,0,200,200,200,0,0,0,11850.0,0.0,11850.0,0.0,0.0,0,0,200,200,200,0,0,0,93016.0,61602.0,154618.0,58147.0,290.735,53,83,104866.0,61602.0,166468.0,400,0,400,400,400,400,400,0,0.2222222222222222,145.35,58140.0,0,262.165,104866.0,queue,5,1800.0,600.0,2400.0,123,0,0,400,400,0,0
ramp_fixed_4s,1:1,800,0,0,0,0,0,4.0,0,0.0,0.0,190,200,200,200,0,0,0,11749.0,0.0,11749.0,0.0,0.0,0,0,200,200,180,20,0,20,102065.0,74301.0,176366.0,57853.0,289.265,53,90,113814.0,74301.0,188115.0,400,0,400,400,400,400,380,20,0.2111111111111111,152.20263157894738,57837.0,20,290.88684210526316,110537.0,breakdown,1,1800.0,600.0,2400.0,132,20,0,400,400,0,0
ramp_fixed_4s,1:1,800,0,0,0,0,0,4.0,0,0.0,0.0,191,200,200,200,0,0,0,11750.0,0.0,11750.0,0.0,0.0,0,0,200,200,181,19,0,19,102978.0,73628.0,176606.0,58044.0,290.22,53,90,114728.0,73628.0,188356.0,400,0,400,400,400,400,381,19,0.21166666666666667,152.30971128608923,58030.0,19,293.18897637795277,111705.0,breakdown,2,1800.0,600.0,2400.0,127,19,0,400,400,0,0
ramp_fixed_4s,1:1,800,0,0,0,0,0,4.0,0,0.0,0.0,192,200,200,200,0,0,0,11665.0,0.0,11665.0,0.0,0.0,0,0,200,200,180,20,0,20,101588.0,76608.0,178196.0,58099.0,290.495,53,88,113253.0,76608.0,189861.0,400,0,400,400,400,400,380,20,0.2111111111111111,152.8684210526316,58090.0,20,289.65,110067.0,breakdown,3,1800.0,600.0,2400.0,141,20,0,400,400,0,0
ramp_fixed_4s,1:1,800,0,0,0,0,0,4.0,0,0.0,0.0,189,200,200,200,0,0,0,11601.0,0.0,11601.0,0.0,0.0,0,0,200,200,176,24,0,24,103699.0,73717.0,177416.0,59059.0,295.295,53,88,115300.0,73717.0,189017.0,400,0,400,400,400,400,376,24,0.2088888888888889,157.0345744680851,59045.0,24,296.54787234042556,111502.0,breakdown,4,1800.0,600.0,2400.0,130,24,0,400,400,0,0
ramp_fixed_4s,1:1,800,0,0,0,0,0,4.0,0,0.0,0.0,193,200,200,200,0,0,0,11720.0,0.0,11720.0,0.0,0.0,0,0,200,200,181,19,0,19,103953.0,75435.0,179388.0,58136.0,290.68,53,88,115673.0,75435.0,191108.0,400,0,400,400,400,400,381,19,0.21166666666666667,152.5538057742782,58123.0,19,295.33858267716533,112524.0,breakdown,5,1800.0,600.0,2400.0,133,19,0,400,400,0,0
ramp_on_demand_4s,1:1,800,0,0,0,0,0,4.0,11,1337.0,0.5570833333333334,5,200,200,200,0,0,0,11731.0,0.0,11731.0,0.0,0.0,0,0,200,200,200,0,0,0,94241.0,66965.0,161206.0,60491.0,302.455,53,89,105972.0,66965.0,172937.0,400,0,400,400,400,400,400,0,0.2222222222222222,151.2075,60483.0,0,264.93,105972.0,queue,1,1800.0,600.0,2400.0,133,0,0,400,400,0,0
ramp_on_demand_4s,1:1,800,0,0,0,0,0,4.0,8,1517.0,0.6320833333333333,18,200,200,200,0,0,0,11742.0,0.0,11742.0,0.0,0.0,0,0,200,200,200,0,0,0,94655.0,64176.0,158831.0,59962.0,299.81,53,87,106397.0,64176.0,170573.0,400,0,400,400,400,400,400,0,0.2222222222222222,149.8725,59949.0,0,265.9925,106397.0,queue,2,1800.0,600.0,2400.0,128,0,0,400,400,0,0
ramp_on_demand_4s,1:1,800,0,0,0,0,0,4.0,9,1334.0,0.5558333333333333,18,200,200,200,0,0,0,11695.0,0.0,11695.0,0.0,0.0,0,0,200,200,200,0,0,0,91679.0,63783.0,155462.0,57841.0,289.205,53,85,103374.0,63783.0,167157.0,400,0,400,400,400,400,400,0,0.2222222222222222,144.5825,57833.0,0,258.435,103374.0,queue,3,1800.0,600.0,2400.0,137,0,0,400,400,0,0
ramp_on_demand_4s,1:1,800,0,0,0,0,0,4.0,7,1207.0,0.5029166666666667,3,200,200,200,0,0,0,11595.0,0.0,11595.0,0.0,0.0,0,0,200,200,200,0,0,0,93865.0,63956.0,157821.0,59742.0,298.71,53,87,105460.0,63956.0,169416.0,400,0,400,400,400,400,400,0,0.2222222222222222,149.33,59732.0,0,263.65,105460.0,queue,4,1800.0,600.0,2400.0,131,0,0,400,400,0,0
ramp_on_demand_4s,1:1,800,0,0,0,0,0,4.0,9,1100.0,0.4583333333333333,0,200,200,200,0,0,0,11702.0,0.0,11702.0,0.0,0.0,0,0,200,200,200,0,0,0,93317.0,63126.0,156443.0,58864.0,294.32,53,85,105019.0,63126.0,168145.0,400,0,400,400,400,400,400,0,0.2222222222222222,147.135,58854.0,0,262.5475,105019.0,queue,5,1800.0,600.0,2400.0,127,0,0,400,400,0,0
uncontrolled,1:2,800,0,0,0,0,0,0.0,0,0.0,0.0,0,134,134,134,0,0,0,7836.0,0.0,7836.0,0.0,0.0,0,0,267,267,267,0,0,0,96965.0,79711.0,176676.0,51596.0,193.24344569288388,41,102,104801.0,79711.0,184512.0,401,0,267,533,400,401,401,0,0.22277777777777777,128.6284289276808,51580.0,0,261.34912718204487,104801.0,queue,1,1800.0,600.0,2400.0,136,0,0,401,401,0,0
uncontrolled,1:2,800,0,0,0,0,0,0.0,0,0.0,0.0,0,134,134,134,0,0,0,7830.0,0.0,7830.0,0.0,0.0,0,0,267,267,267,0,0,0,101781.0,97178.0,198959.0,54964.0,205.85767790262173,44,116,109611.0,97178.0,206789.0,401,0,267,533,400,401,401,0,0.22277777777777777,137.03491271820448,54951.0,0,273.3441396508728,109611.0,queue,2,1800.0,600.0,2400.0,150,0,0,401,401,0,0
uncontrolled,1:2,800,0,0,0,0,0,0.0,0,0.0,0.0,0,134,134,134,0,0,0,7854.0,0.0,7854.0,0.0,0.0,0,0,267,267,267,0,0,0,100534.0,97522.0,198056.0,55309.0,207.1498127340824,49,114,108388.0,97522.0,205910.0,401,0,267,533,400,401,401,0,0.22277777777777777,137.90274314214463,55299.0,0,270.2942643391521,108388.0,queue,3,1800.0,600.0,2400.0,149,0,0,401,401,0,0
uncontrolled,1:2,800,0,0,0,0,0,0.0,0,0.0,0.0,0,134,134,134,0,0,0,7758.0,0.0,7758.0,0.0,0.0,0,0,267,267,267,0,0,0,99714.0,90626.0,190340.0,53701.0,201.12734082397003,44,109,107472.0,90626.0,198098.0,401,0,267,533,400,401,401,0,0.22277777777777777,133.88279301745635,53687.0,0,268.00997506234415,107472.0,queue,4,1800.0,600.0,2400.0,148,0,0,401,401,0,0
uncontrolled,1:2,800,0,0,0,0,0,0.0,0,0.0,0.0,0,134,134,134,0,0,0,7806.0,0.0,7806.0,0.0,0.0,0,0,267,267,267,0,0,0,98586.0,83848.0,182434.0,51951.0,194.57303370786516,41,104,106392.0,83848.0,190240.0,401,0,267,533,400,401,401,0,0.22277777777777777,129.5211970074813,51938.0,0,265.3167082294264,106392.0,queue,5,1800.0,600.0,2400.0,138,0,0,401,401,0,0
cooperative_limited,1:2,800,88,3,85,88,119,0.0,0,0.0,0.0,0,134,134,134,0,0,0,7964.0,0.0,7964.0,0.0,0.0,0,0,267,267,267,0,0,0,98640.0,88805.0,187445.0,53695.0,201.10486891385767,46,109,106604.0,88805.0,195409.0,401,0,267,533,400,401,401,0,0.22277777777777777,133.86533665835412,53680.0,0,265.8453865336658,106604.0,queue,1,1800.0,600.0,2400.0,146,0,0,401,401,0,0
cooperative_limited,1:2,800,87,7,80,87,115,0.0,0,0.0,0.0,0,134,134,134,0,0,0,7958.0,0.0,7958.0,0.0,0.0,0,0,267,267,267,0,0,0,100715.0,88206.0,188921.0,54233.0,203.1198501872659,47,106,108673.0,88206.0,196879.0,401,0,267,533,400,401,401,0,0.22277777777777777,135.22194513715712,54224.0,0,271.00498753117205,108673.0,queue,2,1800.0,600.0,2400.0,137,0,0,401,401,0,0
cooperative_limited,1:2,800,88,6,82,88,112,0.0,0,0.0,0.0,0,134,134,134,0,0,0,7970.0,0.0,7970.0,0.0,0.0,0,0,267,267,267,0,0,0,99143.0,90004.0,189147.0,53903.0,201.88389513108615,47,108,107113.0,90004.0,197117.0,401,0,267,533,400,401,401,0,0.22277777777777777,134.39900249376558,53894.0,0,267.1147132169576,107113.0,queue,3,1800.0,600.0,2400.0,145,0,0,401,401,0,0
cooperative_limited,1:2,800,89,6,83,89,108,0.0,0,0.0,0.0,0,134,134,134,0,0,0,7898.0,0.0,7898.0,0.0,0.0,0,0,267,267,267,0,0,0,99230.0,91444.0,190674.0,54072.0,202.51685393258427,46,107,107128.0,91444.0,198572.0,401,0,267,533,400,401,401,0,0.22277777777777777,134.81047381546134,54059.0,0,267.15211970074813,107128.0,queue,4,1800.0,600.0,2400.0,144,0,0,401,401,0,0
cooperative_limited,1:2,800,87,6,81,87,124,0.0,0,0.0,0.0,0,134,134,134,0,0,0,7954.0,0.0,7954.0,0.0,0.0,0,0,267,267,267,0,0,0,96451.0,76941.0,173392.0,50986.0,190.95880149812734,40,96,104405.0,76941.0,181346.0,401,0,267,533,400,401,401,0,0.22277777777777777,127.12219451371571,50976.0,0,260.3615960099751,104405.0,queue,5,1800.0,600.0,2400.0,129,0,0,401,401,0,0
ramp_fixed_4s,1:2,800,0,0,0,0,0,4.0,0,0.0,0.0,251,134,134,134,0,0,0,7851.0,0.0,7851.0,0.0,0.0,0,0,267,267,240,27,0,27,103294.0,88325.0,191619.0,44609.0,167.0749063670412,40,102,111145.0,88325.0,199470.0,401,0,267,533,400,401,374,27,0.20777777777777778,119.21657754010695,44587.0,27,286.5187165775401,107158.0,breakdown,1,1800.0,600.0,2400.0,127,27,0,401,401,0,0
ramp_fixed_4s,1:2,800,0,0,0,0,0,4.0,0,0.0,0.0,249,134,134,134,0,0,0,7832.0,0.0,7832.0,0.0,0.0,0,0,267,267,236,31,0,31,103948.0,88107.0,192055.0,45356.0,169.87265917602997,44,100,111780.0,88107.0,199887.0,401,0,267,533,400,401,370,31,0.20555555555555555,122.53243243243243,45337.0,31,290.0810810810811,107330.0,breakdown,2,1800.0,600.0,2400.0,133,31,0,401,401,0,0
ramp_fixed_4s,1:2,800,0,0,0,0,0,4.0,0,0.0,0.0,229,134,134,134,0,0,0,7844.0,0.0,7844.0,0.0,0.0,0,0,267,262,219,43,5,48,106441.0,109972.0,216413.0,50163.0,191.4618320610687,41,112,114285.0,109972.0,224257.0,401,0,267,533,400,401,353,48,0.19611111111111112,142.03116147308782,50137.0,48,310.25495750708217,109520.0,breakdown,3,1800.0,600.0,2400.0,147,43,5,396,401,0,0
ramp_fixed_4s,1:2,800,0,0,0,0,0,4.0,0,0.0,0.0,232,134,134,134,0,0,0,7744.0,0.0,7744.0,0.0,0.0,0,0,267,265,223,42,2,44,106872.0,108370.0,215242.0,49167.0,185.53584905660378,41,112,114616.0,108370.0,222986.0,401,0,267,533,400,401,357,44,0.19833333333333333,137.65826330532212,49144.0,44,308.515406162465,110140.0,breakdown,4,1800.0,600.0,2400.0,149,42,2,399,401,0,0
ramp_fixed_4s,1:2,800,0,0,0,0,0,4.0,0,0.0,0.0,255,134,134,134,0,0,0,7811.0,0.0,7811.0,0.0,0.0,0,0,267,267,245,22,0,22,97864.0,74224.0,172088.0,43052.0,161.24344569288388,40,94,105675.0,74224.0,179899.0,401,0,267,533,400,401,379,22,0.21055555555555555,113.53034300791556,43028.0,22,269.62796833773086,102189.0,breakdown,5,1800.0,600.0,2400.0,124,22,0,401,401,0,0
ramp_on_demand_4s,1:2,800,0,0,0,0,0,4.0,8,1385.0,0.5770833333333333,37,134,134,134,0,0,0,7847.0,0.0,7847.0,0.0,0.0,0,0,267,267,267,0,0,0,96713.0,80752.0,177465.0,51275.0,192.04119850187266,40,103,104560.0,80752.0,185312.0,401,0,267,533,400,401,401,0,0.22277777777777777,127.8428927680798,51265.0,0,260.74812967581045,104560.0,queue,1,1800.0,600.0,2400.0,139,0,0,401,401,0,0
ramp_on_demand_4s,1:2,800,0,0,0,0,0,4.0,7,1430.0,0.5958333333333333,35,134,134,134,0,0,0,7835.0,0.0,7835.0,0.0,0.0,0,0,267,267,267,0,0,0,101172.0,95163.0,196335.0,52936.0,198.2621722846442,41,109,109007.0,95163.0,204170.0,401,0,267,533,400,401,401,0,0.22277777777777777,131.96758104738154,52919.0,0,271.8379052369077,109007.0,queue,2,1800.0,600.0,2400.0,144,0,0,401,401,0,0
ramp_on_demand_4s,1:2,800,0,0,0,0,0,4.0,8,1293.0,0.53875,30,134,134,134,0,0,0,7838.0,0.0,7838.0,0.0,0.0,0,0,267,267,267,0,0,0,92876.0,70275.0,163151.0,50118.0,187.7078651685393,42,98,100714.0,70275.0,170989.0,401,0,267,533,400,401,401,0,0.22277777777777777,124.95511221945137,50107.0,0,251.1571072319202,100714.0,queue,3,1800.0,600.0,2400.0,135,0,0,401,401,0,0
ramp_on_demand_4s,1:2,800,0,0,0,0,0,4.0,4,1629.0,0.67875,91,134,134,134,0,0,0,7793.0,0.0,7793.0,0.0,0.0,0,0,267,267,267,0,0,0,89403.0,66829.0,156232.0,44735.0,167.54681647940075,42,94,97196.0,66829.0,164025.0,401,0,267,533,400,401,401,0,0.22277777777777777,111.53615960099751,44726.0,0,242.38403990024938,97196.0,queue,4,1800.0,600.0,2400.0,131,0,0,401,401,0,0
ramp_on_demand_4s,1:2,800,0,0,0,0,0,4.0,4,1500.0,0.625,50,134,134,134,0,0,0,7793.0,0.0,7793.0,0.0,0.0,0,0,267,267,267,0,0,0,99276.0,90542.0,189818.0,50397.0,188.75280898876406,40,111,107069.0,90542.0,197611.0,401,0,267,533,400,401,401,0,0.22277777777777777,125.64837905236908,50385.0,0,267.00498753117205,107069.0,queue,5,1800.0,600.0,2400.0,145,0,0,401,401,0,0
uncontrolled,1:3,800,0,0,0,0,0,0.0,0,0.0,0.0,0,100,100,100,0,0,0,5901.0,0.0,5901.0,0.0,0.0,0,0,300,300,300,0,0,0,76731.0,17714.0,94445.0,29111.0,97.03666666666666,37,35,82632.0,17714.0,100346.0,400,0,200,600,400,400,400,0,0.2222222222222222,72.7475,29099.0,0,206.58,82632.0,queue,1,1800.0,600.0,2400.0,67,0,0,400,400,0,0
uncontrolled,1:3,800,0,0,0,0,0,0.0,0,0.0,0.0,0,100,100,100,0,0,0,5959.0,0.0,5959.0,0.0,0.0,0,0,300,300,300,0,0,0,79370.0,29545.0,108915.0,29923.0,99.74333333333334,39,47,85329.0,29545.0,114874.0,400,0,200,600,400,400,400,0,0.2222222222222222,74.77,29908.0,0,213.3225,85329.0,queue,2,1800.0,600.0,2400.0,72,0,0,400,400,0,0
uncontrolled,1:3,800,0,0,0,0,0,0.0,0,0.0,0.0,0,100,100,100,0,0,0,5883.0,0.0,5883.0,0.0,0.0,0,0,300,300,300,0,0,0,82581.0,26611.0,109192.0,31737.0,105.79,38,44,88464.0,26611.0,115075.0,400,0,200,600,400,400,400,0,0.2222222222222222,79.305,31722.0,0,221.16,88464.0,queue,3,1800.0,600.0,2400.0,75,0,0,400,400,0,0
uncontrolled,1:3,800,0,0,0,0,0,0.0,0,0.0,0.0,0,100,100,100,0,0,0,5891.0,0.0,5891.0,0.0,0.0,0,0,300,300,300,0,0,0,85802.0,29127.0,114929.0,33036.0,110.12,38,47,91693.0,29127.0,120820.0,400,0,200,600,400,400,400,0,0.2222222222222222,82.5575,33023.0,0,229.2325,91693.0,queue,4,1800.0,600.0,2400.0,73,0,0,400,400,0,0
uncontrolled,1:3,800,0,0,0,0,0,0.0,0,0.0,0.0,0,100,100,100,0,0,0,5938.0,0.0,5938.0,0.0,0.0,0,0,300,300,300,0,0,0,84531.0,37495.0,122026.0,35681.0,118.93666666666667,37,58,90469.0,37495.0,127964.0,400,0,200,600,400,400,400,0,0.2222222222222222,89.1775,35671.0,0,226.1725,90469.0,queue,5,1800.0,600.0,2400.0,89,0,0,400,400,0,0
cooperative_limited,1:3,800,86,0,86,86,157,0.0,0,0.0,0.0,0,100,100,100,0,0,0,6014.0,0.0,6014.0,0.0,0.0,0,0,300,300,300,0,0,0,95754.0,77780.0,173534.0,47390.0,157.96666666666667,39,100,101768.0,77780.0,179548.0,400,0,200,600,400,400,400,0,0.2222222222222222,118.4425,47377.0,0,254.42,101768.0,queue,1,1800.0,600.0,2400.0,133,0,0,400,400,0,0
cooperative_limited,1:3,800,84,1,83,84,149,0.0,0,0.0,0.0,0,100,100,100,0,0,0,6070.0,0.0,6070.0,0.0,0.0,0,0,300,300,300,0,0,0,94065.0,69287.0,163352.0,45637.0,152.12333333333333,39,93,100135.0,69287.0,169422.0,400,0,200,600,400,400,400,0,0.2222222222222222,114.065,45626.0,0,250.3375,100135.0,queue,2,1800.0,600.0,2400.0,130,0,0,400,400,0,0
cooperative_limited,1:3,800,81,0,81,81,146,0.0,0,0.0,0.0,0,100,100,100,0,0,0,5990.0,0.0,5990.0,0.0,0.0,0,0,300,300,300,0,0,0,95569.0,73334.0,168903.0,46719.0,155.73,39,94,101559.0,73334.0,174893.0,400,0,200,600,400,400,400,0,0.2222222222222222,116.7675,46707.0,0,253.8975,101559.0,queue,3,1800.0,600.0,2400.0,126,0,0,400,400,0,0
cooperative_limited,1:3,800,89,0,89,89,139,0.0,0,0.0,0.0,0,100,100,100,0,0,0,5968.0,0.0,5968.0,0.0,0.0,0,0,300,300,300,0,0,0,97552.0,89235.0,186787.0,48954.0,163.18,39,110,103520.0,89235.0,192755.0,400,0,200,600,400,400,400,0,0.2222222222222222,122.35,48940.0,0,258.8,103520.0,queue,4,1800.0,600.0,2400.0,140,0,0,400,400,0,0
cooperative_limited,1:3,800,87,0,87,87,161,0.0,0,0.0,0.0,0,100,100,100,0,0,0,6051.0,0.0,6051.0,0.0,0.0,0,0,300,300,300,0,0,0,94831.0,69338.0,164169.0,44999.0,149.99666666666667,38,90,100882.0,69338.0,170220.0,400,0,200,600,400,400,400,0,0.2222222222222222,112.465,44986.0,0,252.205,100882.0,queue,5,1800.0,600.0,2400.0,116,0,0,400,400,0,0
ramp_fixed_4s,1:3,800,0,0,0,0,0,4.0,0,0.0,0.0,300,100,100,100,0,0,0,5923.0,0.0,5923.0,0.0,0.0,0,0,300,300,300,0,0,0,72388.0,10521.0,82909.0,17433.0,58.11,31,26,78311.0,10521.0,88832.0,400,0,200,600,400,400,400,0,0.2222222222222222,43.555,17422.0,0,195.7775,78311.0,queue,1,1800.0,600.0,2400.0,50,0,0,400,400,0,0
ramp_fixed_4s,1:3,800,0,0,0,0,0,4.0,0,0.0,0.0,300,100,100,100,0,0,0,5952.0,0.0,5952.0,0.0,0.0,0,0,300,300,300,0,0,0,85229.0,37388.0,122617.0,23113.0,77.04333333333334,34,50,91181.0,37388.0,128569.0,400,0,200,600,400,400,400,0,0.2222222222222222,57.75,23100.0,0,227.9525,91181.0,queue,2,1800.0,600.0,2400.0,66,0,0,400,400,0,0
ramp_fixed_4s,1:3,800,0,0,0,0,0,4.0,0,0.0,0.0,300,100,100,100,0,0,0,5906.0,0.0,5906.0,0.0,0.0,0,0,300,300,300,0,0,0,86239.0,28460.0,114699.0,23079.0,76.93,33,46,92145.0,28460.0,120605.0,400,0,200,600,400,400,400,0,0.2222222222222222,57.66,23064.0,0,230.3625,92145.0,queue,3,1800.0,600.0,2400.0,70,0,0,400,400,0,0
ramp_fixed_4s,1:3,800,0,0,0,0,0,4.0,0,0.0,0.0,300,100,100,100,0,0,0,5879.0,0.0,5879.0,0.0,0.0,0,0,300,300,300,0,0,0,91434.0,34821.0,126255.0,23268.0,77.56,34,50,97313.0,34821.0,132134.0,400,0,200,600,400,400,400,0,0.2222222222222222,58.1225,23249.0,0,243.2825,97313.0,queue,4,1800.0,600.0,2400.0,75,0,0,400,400,0,0
ramp_fixed_4s,1:3,800,0,0,0,0,0,4.0,0,0.0,0.0,300,100,100,100,0,0,0,5940.0,0.0,5940.0,0.0,0.0,0,0,300,300,300,0,0,0,80232.0,23486.0,103718.0,21797.0,72.65666666666667,35,40,86172.0,23486.0,109658.0,400,0,200,600,400,400,400,0,0.2222222222222222,54.4625,21785.0,0,215.43,86172.0,queue,5,1800.0,600.0,2400.0,66,0,0,400,400,0,0
ramp_on_demand_4s,1:3,800,0,0,0,0,0,4.0,10,1301.0,0.5420833333333334,79,100,100,100,0,0,0,5915.0,0.0,5915.0,0.0,0.0,0,0,300,300,300,0,0,0,80462.0,21481.0,101943.0,27921.0,93.07,34,36,86377.0,21481.0,107858.0,400,0,200,600,400,400,400,0,0.2222222222222222,69.7725,27909.0,0,215.9425,86377.0,queue,1,1800.0,600.0,2400.0,69,0,0,400,400,0,0
ramp_on_demand_4s,1:3,800,0,0,0,0,0,4.0,8,1595.0,0.6645833333333333,132,100,100,100,0,0,0,5985.0,0.0,5985.0,0.0,0.0,0,0,300,300,300,0,0,0,77881.0,23469.0,101350.0,25269.0,84.23,36,42,83866.0,23469.0,107335.0,400,0,200,600,400,400,400,0,0.2222222222222222,63.145,25258.0,0,209.665,83866.0,queue,2,1800.0,600.0,2400.0,66,0,0,400,400,0,0
ramp_on_demand_4s,1:3,800,0,0,0,0,0,4.0,6,1325.0,0.5520833333333334,86,100,100,100,0,0,0,5873.0,0.0,5873.0,0.0,0.0,0,0,300,300,300,0,0,0,82605.0,28174.0,110779.0,29704.0,99.01333333333334,35,49,88478.0,28174.0,116652.0,400,0,200,600,400,400,400,0,0.2222222222222222,74.2325,29693.0,0,221.195,88478.0,queue,3,1800.0,600.0,2400.0,81,0,0,400,400,0,0
ramp_on_demand_4s,1:3,800,0,0,0,0,0,4.0,7,1384.0,0.5766666666666667,96,100,100,100,0,0,0,5888.0,0.0,5888.0,0.0,0.0,0,0,300,300,300,0,0,0,85305.0,29857.0,115162.0,27295.0,90.98333333333333,36,47,91193.0,29857.0,121050.0,400,0,200,600,400,400,400,0,0.2222222222222222,68.1975,27279.0,0,227.9825,91193.0,queue,4,1800.0,600.0,2400.0,72,0,0,400,400,0,0
ramp_on_demand_4s,1:3,800,0,0,0,0,0,4.0,5,1376.0,0.5733333333333334,108,100,100,100,0,0,0,5958.0,0.0,5958.0,0.0,0.0,0,0,300,300,300,0,0,0,82808.0,33106.0,115914.0,28559.0,95.19666666666667,38,50,88766.0,33106.0,121872.0,400,0,200,600,400,400,400,0,0.2222222222222222,71.365,28546.0,0,221.915,88766.0,queue,5,1800.0,600.0,2400.0,82,0,0,400,400,0,0
uncontrolled,1:4,800,0,0,0,0,0,0.0,0,0.0,0.0,0,80,80,80,0,0,0,4826.0,0.0,4826.0,0.0,0.0,0,0,320,320,320,0,0,0,20462.0,0.0,20462.0,44.0,0.1375,1,0,25288.0,0.0,25288.0,400,0,160,640,400,400,400,0,0.2222222222222222,0.11,44.0,0,63.22,25288.0,queue,1,1800.0,600.0,2400.0,1,0,0,400,400,0,0
uncontrolled,1:4,800,0,0,0,0,0,0.0,0,0.0,0.0,0,80,80,80,0,0,0,4830.0,0.0,4830.0,0.0,0.0,0,0,320,320,320,0,0,0,20550.0,0.0,20550.0,25.0,0.078125,1,0,25380.0,0.0,25380.0,400,0,160,640,400,400,400,0,0.2222222222222222,0.0625,25.0,0,63.45,25380.0,queue,2,1800.0,600.0,2400.0,1,0,0,400,400,0,0
uncontrolled,1:4,800,0,0,0,0,0,0.0,0,0.0,0.0,0,80,80,80,0,0,0,4857.0,0.0,4857.0,0.0,0.0,0,0,320,320,320,0,0,0,20619.0,0.0,20619.0,54.0,0.16875,2,0,25476.0,0.0,25476.0,400,0,160,640,400,400,400,0,0.2222222222222222,0.135,54.0,0,63.69,25476.0,queue,3,1800.0,600.0,2400.0,2,0,0,400,400,0,0
uncontrolled,1:4,800,0,0,0,0,0,0.0,0,0.0,0.0,0,80,80,80,0,0,0,4788.0,0.0,4788.0,0.0,0.0,0,0,320,320,320,0,0,0,20390.0,0.0,20390.0,32.0,0.1,1,0,25178.0,0.0,25178.0,400,0,160,640,400,400,400,0,0.2222222222222222,0.08,32.0,0,62.945,25178.0,queue,4,1800.0,600.0,2400.0,1,0,0,400,400,0,0
uncontrolled,1:4,800,0,0,0,0,0,0.0,0,0.0,0.0,0,80,80,80,0,0,0,4840.0,0.0,4840.0,0.0,0.0,0,0,320,320,320,0,0,0,20497.0,0.0,20497.0,68.0,0.2125,1,0,25337.0,0.0,25337.0,400,0,160,640,400,400,400,0,0.2222222222222222,0.17,68.0,0,63.3425,25337.0,queue,5,1800.0,600.0,2400.0,1,0,0,400,400,0,0
cooperative_limited,1:4,800,0,0,0,0,0,0.0,0,0.0,0.0,0,80,80,80,0,0,0,4826.0,0.0,4826.0,0.0,0.0,0,0,320,320,320,0,0,0,20462.0,0.0,20462.0,44.0,0.1375,1,0,25288.0,0.0,25288.0,400,0,160,640,400,400,400,0,0.2222222222222222,0.11,44.0,0,63.22,25288.0,queue,1,1800.0,600.0,2400.0,1,0,0,400,400,0,0
cooperative_limited,1:4,800,0,0,0,0,0,0.0,0,0.0,0.0,0,80,80,80,0,0,0,4830.0,0.0,4830.0,0.0,0.0,0,0,320,320,320,0,0,0,20550.0,0.0,20550.0,25.0,0.078125,1,0,25380.0,0.0,25380.0,400,0,160,640,400,400,400,0,0.2222222222222222,0.0625,25.0,0,63.45,25380.0,queue,2,1800.0,600.0,2400.0,1,0,0,400,400,0,0
cooperative_limited,1:4,800,0,0,0,0,0,0.0,0,0.0,0.0,0,80,80,80,0,0,0,4857.0,0.0,4857.0,0.0,0.0,0,0,320,320,320,0,0,0,20619.0,0.0,20619.0,54.0,0.16875,2,0,25476.0,0.0,25476.0,400,0,160,640,400,400,400,0,0.2222222222222222,0.135,54.0,0,63.69,25476.0,queue,3,1800.0,600.0,2400.0,2,0,0,400,400,0,0
cooperative_limited,1:4,800,0,0,0,0,0,0.0,0,0.0,0.0,0,80,80,80,0,0,0,4788.0,0.0,4788.0,0.0,0.0,0,0,320,320,320,0,0,0,20390.0,0.0,20390.0,32.0,0.1,1,0,25178.0,0.0,25178.0,400,0,160,640,400,400,400,0,0.2222222222222222,0.08,32.0,0,62.945,25178.0,queue,4,1800.0,600.0,2400.0,1,0,0,400,400,0,0
cooperative_limited,1:4,800,0,0,0,0,0,0.0,0,0.0,0.0,0,80,80,80,0,0,0,4840.0,0.0,4840.0,0.0,0.0,0,0,320,320,320,0,0,0,20497.0,0.0,20497.0,68.0,0.2125,1,0,25337.0,0.0,25337.0,400,0,160,640,400,400,400,0,0.2222222222222222,0.17,68.0,0,63.3425,25337.0,queue,5,1800.0,600.0,2400.0,1,0,0,400,400,0,0
ramp_fixed_4s,1:4,800,0,0,0,0,0,4.0,0,0.0,0.0,320,80,80,80,0,0,0,4772.0,0.0,4772.0,0.0,0.0,0,0,320,320,320,0,0,0,23262.0,0.0,23262.0,99.0,0.309375,1,0,28034.0,0.0,28034.0,400,0,160,640,400,400,400,0,0.2222222222222222,0.2475,99.0,0,70.085,28034.0,queue,1,1800.0,600.0,2400.0,1,0,0,400,400,0,0
ramp_fixed_4s,1:4,800,0,0,0,0,0,4.0,0,0.0,0.0,320,80,80,80,0,0,0,4828.0,0.0,4828.0,0.0,0.0,0,0,320,320,320,0,0,0,23541.0,0.0,23541.0,150.0,0.46875,5,0,28369.0,0.0,28369.0,400,0,160,640,400,400,400,0,0.2222222222222222,0.375,150.0,0,70.9225,28369.0,queue,2,1800.0,600.0,2400.0,5,0,0,400,400,0,0
ramp_fixed_4s,1:4,800,0,0,0,0,0,4.0,0,0.0,0.0,320,80,80,80,0,0,0,4848.0,0.0,4848.0,0.0,0.0,0,0,320,320,320,0,0,0,23399.0,0.0,23399.0,169.0,0.528125,4,0,28247.0,0.0,28247.0,400,0,160,640,400,400,400,0,0.2222222222222222,0.4225,169.0,0,70.6175,28247.0,queue,3,1800.0,600.0,2400.0,4,0,0,400,400,0,0
ramp_fixed_4s,1:4,800,0,0,0,0,0,4.0,0,0.0,0.0,320,80,80,80,0,0,0,4724.0,0.0,4724.0,0.0,0.0,0,0,320,320,320,0,0,0,23409.0,0.0,23409.0,287.0,0.896875,5,0,28133.0,0.0,28133.0,400,0,160,640,400,400,400,0,0.2222222222222222,0.7175,287.0,0,70.3325,28133.0,queue,4,1800.0,600.0,2400.0,5,0,0,400,400,0,0
ramp_fixed_4s,1:4,800,0,0,0,0,0,4.0,0,0.0,0.0,320,80,80,80,0,0,0,4764.0,0.0,4764.0,0.0,0.0,0,0,320,320,320,0,0,0,23551.0,0.0,23551.0,246.0,0.76875,5,0,28315.0,0.0,28315.0,400,0,160,640,400,400,400,0,0.2222222222222222,0.615,246.0,0,70.7875,28315.0,queue,5,1800.0,600.0,2400.0,5,0,0,400,400,0,0
ramp_on_demand_4s,1:4,800,0,0,0,0,0,4.0,10,1222.0,0.5091666666666667,197,80,80,80,0,0,0,4787.0,0.0,4787.0,0.0,0.0,0,0,320,320,320,0,0,0,22316.0,0.0,22316.0,82.0,0.25625,1,0,27103.0,0.0,27103.0,400,0,160,640,400,400,400,0,0.2222222222222222,0.205,82.0,0,67.7575,27103.0,queue,1,1800.0,600.0,2400.0,1,0,0,400,400,0,0
ramp_on_demand_4s,1:4,800,0,0,0,0,0,4.0,10,1011.0,0.42125,160,80,80,80,0,0,0,4817.0,0.0,4817.0,0.0,0.0,0,0,320,320,320,0,0,0,22119.0,0.0,22119.0,74.0,0.23125,1,0,26936.0,0.0,26936.0,400,0,160,640,400,400,400,0,0.2222222222222222,0.185,74.0,0,67.34,26936.0,queue,2,1800.0,600.0,2400.0,1,0,0,400,400,0,0
ramp_on_demand_4s,1:4,800,0,0,0,0,0,4.0,8,1134.0,0.4725,185,80,80,80,0,0,0,4834.0,0.0,4834.0,0.0,0.0,0,0,320,320,320,0,0,0,22384.0,0.0,22384.0,135.0,0.421875,4,0,27218.0,0.0,27218.0,400,0,160,640,400,400,400,0,0.2222222222222222,0.3375,135.0,0,68.045,27218.0,queue,3,1800.0,600.0,2400.0,4,0,0,400,400,0,0
ramp_on_demand_4s,1:4,800,0,0,0,0,0,4.0,9,1222.0,0.5091666666666667,200,80,80,80,0,0,0,4736.0,0.0,4736.0,0.0,0.0,0,0,320,320,320,0,0,0,22404.0,0.0,22404.0,138.0,0.43125,4,0,27140.0,0.0,27140.0,400,0,160,640,400,400,400,0,0.2222222222222222,0.345,138.0,0,67.85,27140.0,queue,4,1800.0,600.0,2400.0,4,0,0,400,400,0,0
ramp_on_demand_4s,1:4,800,0,0,0,0,0,4.0,4,1297.0,0.5404166666666667,223,80,80,80,0,0,0,4801.0,0.0,4801.0,0.0,0.0,0,0,320,320,320,0,0,0,22509.0,0.0,22509.0,107.0,0.334375,4,0,27310.0,0.0,27310.0,400,0,160,640,400,400,400,0,0.2222222222222222,0.2675,107.0,0,68.275,27310.0,queue,5,1800.0,600.0,2400.0,4,0,0,400,400,0,0
uncontrolled,1:5,800,0,0,0,0,0,0.0,0,0.0,0.0,0,67,67,67,0,0,0,3977.0,0.0,3977.0,0.0,0.0,0,0,334,334,334,0,0,0,21469.0,0.0,21469.0,60.0,0.17964071856287425,1,0,25446.0,0.0,25446.0,401,0,133,667,400,401,401,0,0.22277777777777777,0.14962593516209477,60.0,0,63.45635910224439,25446.0,queue,1,1800.0,600.0,2400.0,1,0,0,401,401,0,0
uncontrolled,1:5,800,0,0,0,0,0,0.0,0,0.0,0.0,0,67,67,67,0,0,0,4041.0,0.0,4041.0,0.0,0.0,0,0,334,334,334,0,0,0,21577.0,0.0,21577.0,85.0,0.25449101796407186,1,0,25618.0,0.0,25618.0,401,0,133,667,400,401,401,0,0.22277777777777777,0.2119700748129676,85.0,0,63.885286783042396,25618.0,queue,2,1800.0,600.0,2400.0,1,0,0,401,401,0,0
uncontrolled,1:5,800,0,0,0,0,0,0.0,0,0.0,0.0,0,67,67,67,0,0,0,4044.0,0.0,4044.0,0.0,0.0,0,0,334,334,334,0,0,0,21504.0,0.0,21504.0,67.0,0.20059880239520958,1,0,25548.0,0.0,25548.0,401,0,133,667,400,401,401,0,0.22277777777777777,0.16708229426433915,67.0,0,63.71072319201995,25548.0,queue,3,1800.0,600.0,2400.0,1,0,0,401,401,0,0
uncontrolled,1:5,800,0,0,0,0,0,0.0,0,0.0,0.0,0,67,67,67,0,0,0,3995.0,0.0,3995.0,0.0,0.0,0,0,334,334,334,0,0,0,21336.0,0.0,21336.0,57.0,0.17065868263473055,1,0,25331.0,0.0,25331.0,401,0,133,667,400,401,401,0,0.22277777777777777,0.14214463840399003,57.0,0,63.16957605985037,25331.0,queue,4,1800.0,600.0,2400.0,1,0,0,401,401,0,0
uncontrolled,1:5,800,0,0,0,0,0,0.0,0,0.0,0.0,0,67,67,67,0,0,0,3987.0,0.0,3987.0,0.0,0.0,0,0,334,334,334,0,0,0,21528.0,0.0,21528.0,85.0,0.25449101796407186,2,0,25515.0,0.0,25515.0,401,0,133,667,400,401,401,0,0.22277777777777777,0.2119700748129676,85.0,0,63.6284289276808,25515.0,queue,5,1800.0,600.0,2400.0,2,0,0,401,401,0,0
cooperative_limited,1:5,800,0,0,0,0,0,0.0,0,0.0,0.0,0,67,67,67,0,0,0,3977.0,0.0,3977.0,0.0,0.0,0,0,334,334,334,0,0,0,21469.0,0.0,21469.0,60.0,0.17964071856287425,1,0,25446.0,0.0,25446.0,401,0,133,667,400,401,401,0,0.22277777777777777,0.14962593516209477,60.0,0,63.45635910224439,25446.0,queue,1,1800.0,600.0,2400.0,1,0,0,401,401,0,0
cooperative_limited,1:5,800,0,0,0,0,0,0.0,0,0.0,0.0,0,67,67,67,0,0,0,4041.0,0.0,4041.0,0.0,0.0,0,0,334,334,334,0,0,0,21577.0,0.0,21577.0,85.0,0.25449101796407186,1,0,25618.0,0.0,25618.0,401,0,133,667,400,401,401,0,0.22277777777777777,0.2119700748129676,85.0,0,63.885286783042396,25618.0,queue,2,1800.0,600.0,2400.0,1,0,0,401,401,0,0
cooperative_limited,1:5,800,0,0,0,0,0,0.0,0,0.0,0.0,0,67,67,67,0,0,0,4044.0,0.0,4044.0,0.0,0.0,0,0,334,334,334,0,0,0,21504.0,0.0,21504.0,67.0,0.20059880239520958,1,0,25548.0,0.0,25548.0,401,0,133,667,400,401,401,0,0.22277777777777777,0.16708229426433915,67.0,0,63.71072319201995,25548.0,queue,3,1800.0,600.0,2400.0,1,0,0,401,401,0,0
cooperative_limited,1:5,800,0,0,0,0,0,0.0,0,0.0,0.0,0,67,67,67,0,0,0,3995.0,0.0,3995.0,0.0,0.0,0,0,334,334,334,0,0,0,21336.0,0.0,21336.0,57.0,0.17065868263473055,1,0,25331.0,0.0,25331.0,401,0,133,667,400,401,401,0,0.22277777777777777,0.14214463840399003,57.0,0,63.16957605985037,25331.0,queue,4,1800.0,600.0,2400.0,1,0,0,401,401,0,0
cooperative_limited,1:5,800,0,0,0,0,0,0.0,0,0.0,0.0,0,67,67,67,0,0,0,3987.0,0.0,3987.0,0.0,0.0,0,0,334,334,334,0,0,0,21528.0,0.0,21528.0,85.0,0.25449101796407186,2,0,25515.0,0.0,25515.0,401,0,133,667,400,401,401,0,0.22277777777777777,0.2119700748129676,85.0,0,63.6284289276808,25515.0,queue,5,1800.0,600.0,2400.0,2,0,0,401,401,0,0
ramp_fixed_4s,1:5,800,0,0,0,0,0,4.0,0,0.0,0.0,334,67,67,67,0,0,0,3978.0,0.0,3978.0,0.0,0.0,0,0,334,334,334,0,0,0,24402.0,0.0,24402.0,70.0,0.20958083832335328,1,0,28380.0,0.0,28380.0,401,0,133,667,400,401,401,0,0.22277777777777777,0.1745635910224439,70.0,0,70.77306733167082,28380.0,queue,1,1800.0,600.0,2400.0,1,0,0,401,401,0,0
ramp_fixed_4s,1:5,800,0,0,0,0,0,4.0,0,0.0,0.0,334,67,67,67,0,0,0,4070.0,0.0,4070.0,0.0,0.0,0,0,334,334,334,0,0,0,24329.0,0.0,24329.0,56.0,0.16766467065868262,2,0,28399.0,0.0,28399.0,401,0,133,667,400,401,401,0,0.22277777777777777,0.1396508728179551,56.0,0,70.82044887780549,28399.0,queue,2,1800.0,600.0,2400.0,2,0,0,401,401,0,0
ramp_fixed_4s,1:5,800,0,0,0,0,0,4.0,0,0.0,0.0,334,67,67,67,0,0,0,4089.0,0.0,4089.0,0.0,0.0,0,0,334,334,334,0,0,0,24353.0,0.0,24353.0,49.0,0.1467065868263473,1,0,28442.0,0.0,28442.0,401,0,133,667,400,401,401,0,0.22277777777777777,0.12219451371571072,49.0,0,70.92768079800499,28442.0,queue,3,1800.0,600.0,2400.0,1,0,0,401,401,0,0
ramp_fixed_4s,1:5,800,0,0,0,0,0,4.0,0,0.0,0.0,334,67,67,67,0,0,0,3979.0,0.0,3979.0,0.0,0.0,0,0,334,334,334,0,0,0,24117.0,0.0,24117.0,70.0,0.20958083832335328,2,0,28096.0,0.0,28096.0,401,0,133,667,400,401,401,0,0.22277777777777777,0.1745635910224439,70.0,0,70.06483790523691,28096.0,queue,4,1800.0,600.0,2400.0,2,0,0,401,401,0,0
ramp_fixed_4s,1:5,800,0,0,0,0,0,4.0,0,0.0,0.0,334,67,67,67,0,0,0,4015.0,0.0,4015.0,0.0,0.0,0,0,334,334,334,0,0,0,24305.0,0.0,24305.0,71.0,0.2125748502994012,1,0,28320.0,0.0,28320.0,401,0,133,667,400,401,401,0,0.22277777777777777,0.1770573566084788,71.0,0,70.62344139650872,28320.0,queue,5,1800.0,600.0,2400.0,1,0,0,401,401,0,0
ramp_on_demand_4s,1:5,800,0,0,0,0,0,4.0,13,923.0,0.38458333333333333,145,67,67,67,0,0,0,3951.0,0.0,3951.0,0.0,0.0,0,0,334,334,334,0,0,0,22931.0,0.0,22931.0,76.0,0.2275449101796407,2,0,26882.0,0.0,26882.0,401,0,133,667,400,401,401,0,0.22277777777777777,0.18952618453865336,76.0,0,67.03740648379052,26882.0,queue,1,1800.0,600.0,2400.0,2,0,0,401,401,0,0
ramp_on_demand_4s,1:5,800,0,0,0,0,0,4.0,12,758.0,0.31583333333333335,115,67,67,67,0,0,0,4040.0,0.0,4040.0,0.0,0.0,0,0,334,334,334,0,0,0,22738.0,0.0,22738.0,90.0,0.2694610778443114,2,0,26778.0,0.0,26778.0,401,0,133,667,400,401,401,0,0.22277777777777777,0.22443890274314215,90.0,0,66.7780548628429,26778.0,queue,2,1800.0,600.0,2400.0,2,0,0,401,401,0,0
ramp_on_demand_4s,1:5,800,0,0,0,0,0,4.0,13,988.0,0.4116666666666667,153,67,67,67,0,0,0,4069.0,0.0,4069.0,0.0,0.0,0,0,334,334,334,0,0,0,22978.0,0.0,22978.0,76.0,0.2275449101796407,2,0,27047.0,0.0,27047.0,401,0,133,667,400,401,401,0,0.22277777777777777,0.18952618453865336,76.0,0,67.44887780548629,27047.0,queue,3,1800.0,600.0,2400.0,2,0,0,401,401,0,0
ramp_on_demand_4s,1:5,800,0,0,0,0,0,4.0,7,620.0,0.25833333333333336,101,67,67,67,0,0,0,3986.0,0.0,3986.0,0.0,0.0,0,0,334,334,334,0,0,0,22232.0,0.0,22232.0,67.0,0.20059880239520958,1,0,26218.0,0.0,26218.0,401,0,133,667,400,401,401,0,0.22277777777777777,0.16708229426433915,67.0,0,65.38154613466334,26218.0,queue,4,1800.0,600.0,2400.0,1,0,0,401,401,0,0
ramp_on_demand_4s,1:5,800,0,0,0,0,0,4.0,9,804.0,0.335,131,67,67,67,0,0,0,3996.0,0.0,3996.0,0.0,0.0,0,0,334,334,334,0,0,0,22779.0,0.0,22779.0,70.0,0.20958083832335328,1,0,26775.0,0.0,26775.0,401,0,133,667,400,401,401,0,0.22277777777777777,0.1745635910224439,70.0,0,66.77057356608479,26775.0,queue,5,1800.0,600.0,2400.0,1,0,0,401,401,0,0
uncontrolled,1:1,1000,0,0,0,0,0,0.0,0,0.0,0.0,0,250,250,250,0,0,0,14790.0,0.0,14790.0,0.0,0.0,0,0,250,250,250,0,0,0,106763.0,137698.0,244461.0,65503.0,262.012,53,146,121553.0,137698.0,259251.0,500,0,500,500,500,500,500,0,0.2777777777777778,130.986,65493.0,0,243.106,121553.0,queue,1,1800.0,600.0,2400.0,197,0,0,500,500,0,0
uncontrolled,1:1,1000,0,0,0,0,0,0.0,0,0.0,0.0,0,250,250,250,0,0,0,14836.0,0.0,14836.0,0.0,0.0,0,0,250,250,250,0,0,0,105719.0,132662.0,238381.0,64490.0,257.96,53,143,120555.0,132662.0,253217.0,500,0,500,500,500,500,500,0,0.2777777777777778,128.962,64481.0,0,241.11,120555.0,queue,2,1800.0,600.0,2400.0,191,0,0,500,500,0,0
uncontrolled,1:1,1000,0,0,0,0,0,0.0,0,0.0,0.0,0,250,250,250,0,0,0,14594.0,0.0,14594.0,0.0,0.0,0,0,250,250,248,2,0,2,108174.0,143704.0,251878.0,67050.0,268.2,53,149,122768.0,143704.0,266472.0,500,0,500,500,500,500,498,2,0.27666666666666667,134.6164658634538,67039.0,2,246.0120481927711,122514.0,breakdown,3,1800.0,600.0,2400.0,202,2,0,500,500,0,0
uncontrolled,1:1,1000,0,0,0,0,0,0.0,0,0.0,0.0,0,250,250,250,0,0,0,14557.0,0.0,14557.0,0.0,0.0,0,0,250,250,250,0,0,0,107208.0,136510.0,243718.0,66013.0,264.052,53,147,121765.0,136510.0,258275.0,500,0,500,500,500,500,500,0,0.2777777777777778,131.992,65996.0,0,243.53,121765.0,queue,4,1800.0,600.0,2400.0,198,0,0,500,500,0,0
uncontrolled,1:1,1000,0,0,0,0,0,0.0,0,0.0,0.0,0,250,250,250,0,0,0,14611.0,0.0,14611.0,0.0,0.0,0,0,250,250,242,8,0,8,108353.0,149699.0,258052.0,67955.0,271.82,53,157,122964.0,149699.0,272663.0,500,0,500,500,500,500,492,8,0.2733333333333333,138.10162601626016,67946.0,8,247.9918699186992,122012.0,breakdown,5,1800.0,600.0,2400.0,200,8,0,500,500,0,0
cooperative_limited,1:1,1000,106,1,105,106,53,0.0,0,0.0,0.0,0,250,250,250,0,0,0,14947.0,0.0,14947.0,0.0,0.0,0,0,250,250,248,2,0,2,107640.0,143753.0,251393.0,68021.0,272.084,53,151,122587.0,143753.0,266340.0,500,0,500,500,500,500,498,2,0.27666666666666667,136.5562248995984,68005.0,2,245.67871485943775,122348.0,breakdown,1,1800.0,600.0,2400.0,202,2,0,500,500,0,0
cooperative_limited,1:1,1000,104,3,101,104,62,0.0,0,0.0,0.0,0,250,250,250,0,0,0,14981.0,0.0,14981.0,0.0,0.0,0,0,250,250,250,0,0,0,106066.0,132248.0,238314.0,64765.0,259.06,53,143,121047.0,132248.0,253295.0,500,0,500,500,500,500,500,0,0.2777777777777778,129.512,64756.0,0,242.094,121047.0,queue,2,1800.0,600.0,2400.0,191,0,0,500,500,0,0
cooperative_limited,1:1,1000,105,3,102,105,46,0.0,0,0.0,0.0,0,250,250,250,0,0,0,14727.0,0.0,14727.0,0.0,0.0,0,0,250,250,238,12,0,12,109892.0,157066.0,266958.0,69766.0,279.064,53,161,124619.0,157066.0,281685.0,500,0,500,500,500,500,488,12,0.27111111111111114,142.94467213114754,69757.0,12,252.6372950819672,123287.0,breakdown,3,1800.0,600.0,2400.0,209,12,0,500,500,0,0
cooperative_limited,1:1,1000,103,4,99,103,52,0.0,0,0.0,0.0,0,250,250,250,0,0,0,14697.0,0.0,14697.0,0.0,0.0,0,0,250,250,250,0,0,0,107296.0,136860.0,244156.0,67274.0,269.096,53,148,121993.0,136860.0,258853.0,500,0,500,500,500,500,500,0,0.2777777777777778,134.524,67262.0,0,243.986,121993.0,queue,4,1800.0,600.0,2400.0,194,0,0,500,500,0,0
cooperative_limited,1:1,1000,103,2,101,103,51,0.0,0,0.0,0.0,0,250,250,250,0,0,0,14772.0,0.0,14772.0,0.0,0.0,0,0,250,250,248,2,0,2,107385.0,143257.0,250642.0,67387.0,269.548,53,153,122157.0,143257.0,265414.0,500,0,500,500,500,500,498,2,0.27666666666666667,135.29718875502007,67378.0,2,244.79718875502007,121909.0,breakdown,5,1800.0,600.0,2400.0,196,2,0,500,500,0,0
ramp_fixed_4s,1:1,1000,0,0,0,0,0,4.0,0,0.0,0.0,173,250,250,250,0,0,0,14797.0,0.0,14797.0,0.0,0.0,0,0,250,206,163,43,44,87,109496.0,166345.0,275841.0,65531.0,318.1116504854369,53,150,124293.0,166345.0,290638.0,500,0,500,500,500,500,413,87,0.22944444444444445,158.61985472154964,65510.0,87,289.9782082324455,119761.0,breakdown,1,1800.0,600.0,2400.0,201,43,44,456,500,0,0
ramp_fixed_4s,1:1,1000,0,0,0,0,0,4.0,0,0.0,0.0,183,250,250,250,0,0,0,14822.0,0.0,14822.0,0.0,0.0,0,0,250,215,172,43,35,78,108439.0,154880.0,263319.0,63598.0,295.8046511627907,53,145,123261.0,154880.0,278141.0,500,0,500,500,500,500,422,78,0.23444444444444446,150.67298578199052,63584.0,78,281.3957345971564,118749.0,breakdown,2,1800.0,600.0,2400.0,192,43,35,465,500,0,0
ramp_fixed_4s,1:1,1000,0,0,0,0,0,4.0,0,0.0,0.0,173,250,250,250,0,0,0,14590.0,0.0,14590.0,0.0,0.0,0,0,250,206,162,44,44,88,109690.0,167275.0,276965.0,66470.0,322.66990291262135,53,151,124280.0,167275.0,291555.0,500,0,500,500,500,500,412,88,0.2288888888888889,161.29126213592232,66452.0,88,289.747572815534,119376.0,breakdown,3,1800.0,600.0,2400.0,204,44,44,456,500,0,0
ramp_fixed_4s,1:1,1000,0,0,0,0,0,4.0,0,0.0,0.0,174,250,250,250,0,0,0,14525.0,0.0,14525.0,0.0,0.0,0,0,250,206,163,43,44,87,110143.0,165336.0,275479.0,66984.0,325.1650485436893,53,153,124668.0,165336.0,290004.0,500,0,500,500,500,500,413,87,0.22944444444444445,162.11622276029055,66954.0,87,290.86924939467315,120129.0,breakdown,4,1800.0,600.0,2400.0,199,43,44,456,500,0,0
ramp_fixed_4s,1:1,1000,0,0,0,0,0,4.0,0,0.0,0.0,171,250,250,250,0,0,0,14609.0,0.0,14609.0,0.0,0.0,0,0,250,203,159,44,47,91,108600.0,167102.0,275702.0,66077.0,325.5024630541872,53,155,123209.0,167102.0,290311.0,500,0,500,500,500,500,409,91,0.22722222222222221,161.49877750611248,66053.0,91,289.39364303178485,118362.0,breakdown,5,1800.0,600.0,2400.0,198,44,47,453,500,0,0
ramp_on_demand_4s,1:1,1000,0,0,0,0,0,4.0,12,1322.0,0.5508333333333333,3,250,250,250,0,0,0,14790.0,0.0,14790.0,0.0,0.0,0,0,250,250,250,0,0,0,106763.0,137698.0,244461.0,65482.0,261.928,53,146,121553.0,137698.0,259251.0,500,0,500,500,500,500,500,0,0.2777777777777778,130.944,65472.0,0,243.106,121553.0,queue,1,1800.0,600.0,2400.0,197,0,0,500,500,0,0
ramp_on_demand_4s,1:1,1000,0,0,0,0,0,4.0,8,1488.0,0.62,11,250,250,250,0,0,0,14825.0,0.0,14825.0,0.0,0.0,0,0,250,250,250,0,0,0,107206.0,137529.0,244735.0,65855.0,263.42,53,146,122031.0,137529.0,259560.0,500,0,500,500,500,500,500,0,0.2777777777777778,131.696,65848.0,0,244.062,122031.0,queue,2,1800.0,600.0,2400.0,194,0,0,500,500,0,0
ramp_on_demand_4s,1:1,1000,0,0,0,0,0,4.0,8,1232.0,0.5133333333333333,6,250,250,250,0,0,0,14594.0,0.0,14594.0,0.0,0.0,0,0,250,250,248,2,0,2,108174.0,143704.0,251878.0,67005.0,268.02,53,149,122768.0,143704.0,266472.0,500,0,500,500,500,500,498,2,0.27666666666666667,134.5261044176707,66994.0,2,246.0120481927711,122514.0,breakdown,3,1800.0,600.0,2400.0,202,2,0,500,500,0,0
ramp_on_demand_4s,1:1,1000,0,0,0,0,0,4.0,6,1260.0,0.525,9,250,250,250,0,0,0,14540.0,0.0,14540.0,0.0,0.0,0,0,250,250,250,0,0,0,106887.0,137379.0,244266.0,66276.0,265.104,53,148,121427.0,137379.0,258806.0,500,0,500,500,500,500,500,0,0.2777777777777778,132.538,66269.0,0,242.854,121427.0,queue,4,1800.0,600.0,2400.0,194,0,0,500,500,0,0
ramp_on_demand_4s,1:1,1000,0,0,0,0,0,4.0,8,1063.0,0.4429166666666667,0,250,250,250,0,0,0,14611.0,0.0,14611.0,0.0,0.0,0,0,250,250,242,8,0,8,108353.0,149699.0,258052.0,67955.0,271.82,53,157,122964.0,149699.0,272663.0,500,0,500,500,500,500,492,8,0.2733333333333333,138.10162601626016,67946.0,8,247.9918699186992,122012.0,breakdown,5,1800.0,600.0,2400.0,200,8,0,500,500,0,0
uncontrolled,1:2,1000,0,0,0,0,0,0.0,0,0.0,0.0,0,167,167,167,0,0,0,9693.0,0.0,9693.0,0.0,0.0,0,0,334,330,284,46,4,50,112050.0,210590.0,322640.0,61622.0,186.73333333333332,50,200,121743.0,210590.0,332333.0,501,0,333,667,500,501,451,50,0.25055555555555553,136.59423503325942,61604.0,50,263.74057649667407,118947.0,breakdown,1,1800.0,600.0,2400.0,240,46,4,497,501,0,0
uncontrolled,1:2,1000,0,0,0,0,0,0.0,0,0.0,0.0,0,167,167,167,0,0,0,9809.0,0.0,9809.0,0.0,0.0,0,0,334,330,282,48,4,52,112956.0,215293.0,328249.0,62196.0,188.47272727272727,53,202,122765.0,215293.0,338058.0,501,0,333,667,500,501,449,52,0.24944444444444444,138.48329621380847,62179.0,52,266.4877505567929,119653.0,breakdown,2,1800.0,600.0,2400.0,239,48,4,497,501,0,0
uncontrolled,1:2,1000,0,0,0,0,0,0.0,0,0.0,0.0,0,167,167,167,0,0,0,9786.0,0.0,9786.0,0.0,0.0,0,0,334,329,284,45,5,50,111876.0,212571.0,324447.0,61490.0,186.89969604863222,50,200,121662.0,212571.0,334233.0,501,0,333,667,500,501,451,50,0.25055555555555553,136.3059866962306,61474.0,50,263.6008869179601,118884.0,breakdown,3,1800.0,600.0,2400.0,240,45,5,496,501,0,0
uncontrolled,1:2,1000,0,0,0,0,0,0.0,0,0.0,0.0,0,167,167,167,0,0,0,9699.0,0.0,9699.0,0.0,0.0,0,0,334,325,280,45,9,54,112628.0,218822.0,331450.0,62599.0,192.6123076923077,50,203,122327.0,218822.0,341149.0,501,0,333,667,500,501,447,54,0.24833333333333332,140.00671140939596,62583.0,54,267.37136465324386,119515.0,breakdown,4,1800.0,600.0,2400.0,251,45,9,492,501,0,0
uncontrolled,1:2,1000,0,0,0,0,0,0.0,0,0.0,0.0,0,167,167,167,0,0,0,9688.0,0.0,9688.0,0.0,0.0,0,0,334,321,274,47,13,60,112034.0,223832.0,335866.0,62388.0,194.3551401869159,53,208,121722.0,223832.0,345554.0,501,0,333,667,500,501,441,60,0.245,141.43990929705217,62375.0,60,269.01814058956916,118637.0,breakdown,5,1800.0,600.0,2400.0,251,47,13,488,501,0,0
cooperative_limited,1:2,1000,89,1,88,89,82,0.0,0,0.0,0.0,0,167,167,167,0,0,0,9833.0,0.0,9833.0,0.0,0.0,0,0,334,326,281,45,8,53,112123.0,212987.0,325110.0,62143.0,190.62269938650306,53,203,121956.0,212987.0,334943.0,501,0,333,667,500,501,448,53,0.24888888888888888,138.68973214285714,62133.0,53,266.04910714285717,119190.0,breakdown,1,1800.0,600.0,2400.0,244,45,8,493,501,0,0
cooperative_limited,1:2,1000,93,0,93,93,80,0.0,0,0.0,0.0,0,167,167,167,0,0,0,9984.0,0.0,9984.0,0.0,0.0,0,0,334,318,272,46,16,62,113414.0,233577.0,346991.0,64393.0,202.4937106918239,53,210,123398.0,233577.0,356975.0,501,0,333,667,500,501,439,62,0.24388888888888888,146.65831435079727,64383.0,62,274.5763097949886,120539.0,breakdown,2,1800.0,600.0,2400.0,247,46,16,485,501,0,0
cooperative_limited,1:2,1000,86,1,85,86,88,0.0,0,0.0,0.0,0,167,167,167,0,0,0,9880.0,0.0,9880.0,0.0,0.0,0,0,334,333,286,47,1,48,112041.0,208954.0,320995.0,62226.0,186.86486486486487,52,197,121921.0,208954.0,330875.0,501,0,333,667,500,501,453,48,0.25166666666666665,137.33774834437085,62214.0,48,262.52759381898454,118925.0,breakdown,3,1800.0,600.0,2400.0,241,47,1,500,501,0,0
cooperative_limited,1:2,1000,88,0,88,88,87,0.0,0,0.0,0.0,0,167,167,167,0,0,0,9798.0,0.0,9798.0,0.0,0.0,0,0,334,325,279,46,9,55,112600.0,216650.0,329250.0,63369.0,194.98153846153846,53,205,122398.0,216650.0,339048.0,501,0,333,667,500,501,446,55,0.2477777777777778,142.04708520179372,63353.0,55,267.91255605381167,119489.0,breakdown,4,1800.0,600.0,2400.0,241,46,9,492,501,0,0
cooperative_limited,1:2,1000,88,0,88,88,80,0.0,0,0.0,0.0,0,167,167,167,0,0,0,9833.0,0.0,9833.0,0.0,0.0,0,0,334,327,279,48,7,55,111561.0,211968.0,323529.0,62613.0,191.47706422018348,52,203,121394.0,211968.0,333362.0,501,0,333,667,500,501,446,55,0.2477777777777778,140.35874439461884,62600.0,55,265.2152466367713,118286.0,breakdown,5,1800.0,600.0,2400.0,243,48,7,494,501,0,0
ramp_fixed_4s,1:2,1000,0,0,0,0,0,4.0,0,0.0,0.0,206,167,167,167,0,0,0,9690.0,0.0,9690.0,0.0,0.0,0,0,334,238,195,43,96,139,110324.0,235157.0,345481.0,58100.0,244.11764705882354,49,202,120014.0,235157.0,355171.0,501,0,333,667,500,501,362,139,0.2011111111111111,160.4585635359116,58086.0,139,317.34806629834253,114880.0,breakdown,1,1800.0,600.0,2400.0,239,43,96,405,501,0,0
ramp_fixed_4s,1:2,1000,0,0,0,0,0,4.0,0,0.0,0.0,216,167,167,167,0,0,0,9834.0,0.0,9834.0,0.0,0.0,0,0,334,247,204,43,87,130,111279.0,232164.0,343443.0,58074.0,235.1174089068826,47,195,121113.0,232164.0,353277.0,501,0,333,667,500,501,371,130,0.2061111111111111,156.4797843665768,58054.0,130,314.23719676549865,116582.0,breakdown,2,1800.0,600.0,2400.0,234,43,87,414,501,0,0
ramp_fixed_4s,1:2,1000,0,0,0,0,0,4.0,0,0.0,0.0,209,167,167,167,0,0,0,9747.0,0.0,9747.0,0.0,0.0,0,0,334,241,199,42,93,135,111404.0,241565.0,352969.0,59048.0,245.0124481327801,47,202,121151.0,241565.0,362716.0,501,0,333,667,500,501,366,135,0.20333333333333334,161.27322404371586,59026.0,135,319.08469945355193,116785.0,breakdown,3,1800.0,600.0,2400.0,244,42,93,408,501,0,0
ramp_fixed_4s,1:2,1000,0,0,0,0,0,4.0,0,0.0,0.0,210,167,167,167,0,0,0,9693.0,0.0,9693.0,0.0,0.0,0,0,334,242,198,44,92,136,110527.0,236469.0,346996.0,59295.0,245.0206611570248,49,201,120220.0,236469.0,356689.0,501,0,333,667,500,501,365,136,0.20277777777777778,162.38630136986302,59271.0,136,316.06301369863013,115363.0,breakdown,4,1800.0,600.0,2400.0,246,44,92,409,501,0,0
ramp_fixed_4s,1:2,1000,0,0,0,0,0,4.0,0,0.0,0.0,198,167,167,167,0,0,0,9680.0,0.0,9680.0,0.0,0.0,0,0,334,231,187,44,103,147,112225.0,255525.0,367750.0,61222.0,265.030303030303,48,213,121905.0,255525.0,377430.0,501,0,333,667,500,501,354,147,0.19666666666666666,172.8728813559322,61197.0,147,331.34180790960454,117295.0,breakdown,5,1800.0,600.0,2400.0,255,44,103,398,501,0,0
ramp_on_demand_4s,1:2,1000,0,0,0,0,0,4.0,9,1503.0,0.62625,6,167,167,167,0,0,0,9707.0,0.0,9707.0,0.0,0.0,0,0,334,334,288,46,0,46,111701.0,208303.0,320004.0,60620.0,181.49700598802394,51,197,121408.0,208303.0,329711.0,501,0,333,667,500,501,455,46,0.25277777777777777,133.2,60606.0,46,260.5164835164835,118535.0,breakdown,1,1800.0,600.0,2400.0,238,46,0,501,501,0,0
ramp_on_demand_4s,1:2,1000,0,0,0,0,0,4.0,3,1622.0,0.6758333333333333,43,167,167,167,0,0,0,9831.0,0.0,9831.0,0.0,0.0,0,0,334,333,289,44,1,45,112717.0,211164.0,323881.0,59534.0,178.7807807807808,53,199,122548.0,211164.0,333712.0,501,0,333,667,500,501,456,45,0.25333333333333335,130.52850877192984,59521.0,45,262.87719298245617,119872.0,breakdown,2,1800.0,600.0,2400.0,231,44,1,500,501,0,0
ramp_on_demand_4s,1:2,1000,0,0,0,0,0,4.0,6,1550.0,0.6458333333333334,39,167,167,167,0,0,0,9752.0,0.0,9752.0,0.0,0.0,0,0,334,329,284,45,5,50,112016.0,210210.0,322226.0,60193.0,182.95744680851064,51,200,121768.0,210210.0,331978.0,501,0,333,667,500,501,451,50,0.25055555555555553,133.43237250554324,60178.0,50,263.9977827050998,119063.0,breakdown,3,1800.0,600.0,2400.0,239,45,5,496,501,0,0
ramp_on_demand_4s,1:2,1000,0,0,0,0,0,4.0,8,1339.0,0.5579166666666666,19,167,167,167,0,0,0,9686.0,0.0,9686.0,0.0,0.0,0,0,334,325,280,45,9,54,112605.0,219436.0,332041.0,61864.0,190.35076923076923,50,204,122291.0,219436.0,341727.0,501,0,333,667,500,501,447,54,0.24833333333333332,138.37136465324386,61852.0,54,267.2930648769575,119480.0,breakdown,4,1800.0,600.0,2400.0,243,45,9,492,501,0,0
ramp_on_demand_4s,1:2,1000,0,0,0,0,0,4.0,7,1234.0,0.5141666666666667,2,167,167,167,0,0,0,9688.0,0.0,9688.0,0.0,0.0,0,0,334,320,274,46,14,60,112081.0,225215.0,337296.0,62726.0,196.01875,53,210,121769.0,225215.0,346984.0,501,0,333,667,500,501,441,60,0.245,142.19954648526078,62710.0,60,269.5442176870748,118869.0,breakdown,5,1800.0,600.0,2400.0,254,46,14,487,501,0,0
uncontrolled,1:3,1000,0,0,0,0,0,0.0,0,0.0,0.0,0,125,125,125,0,0,0,7307.0,0.0,7307.0,0.0,0.0,0,0,375,372,325,47,3,50,111838.0,211170.0,323008.0,55046.0,147.9731182795699,42,203,119145.0,211170.0,330315.0,500,0,250,750,500,500,450,50,0.25,122.28444444444445,55028.0,50,258.06,116127.0,breakdown,1,1800.0,600.0,2400.0,240,47,3,497,500,0,0
uncontrolled,1:3,1000,0,0,0,0,0,0.0,0,0.0,0.0,0,125,125,125,0,0,0,7428.0,0.0,7428.0,0.0,0.0,0,0,375,367,322,45,8,53,112382.0,221664.0,334046.0,55585.0,151.45776566757493,42,208,119810.0,221664.0,341474.0,500,0,250,750,500,500,447,53,0.24833333333333332,124.32662192393737,55574.0,53,261.88366890380314,117062.0,breakdown,2,1800.0,600.0,2400.0,245,45,8,492,500,0,0
uncontrolled,1:3,1000,0,0,0,0,0,0.0,0,0.0,0.0,0,125,125,125,0,0,0,7283.0,0.0,7283.0,0.0,0.0,0,0,375,360,315,45,15,60,112472.0,228676.0,341148.0,56815.0,157.81944444444446,42,212,119755.0,228676.0,348431.0,500,0,250,750,500,500,440,60,0.24444444444444444,129.10227272727272,56805.0,60,265.8681818181818,116982.0,breakdown,3,1800.0,600.0,2400.0,246,45,15,485,500,0,0
uncontrolled,1:3,1000,0,0,0,0,0,0.0,0,0.0,0.0,0,125,125,125,0,0,0,7251.0,0.0,7251.0,0.0,0.0,0,0,375,366,319,47,9,56,111189.0,217852.0,329041.0,55819.0,152.51092896174865,42,207,118440.0,217852.0,336292.0,500,0,250,750,500,500,444,56,0.24666666666666667,125.69369369369369,55808.0,56,259.85585585585585,115376.0,breakdown,4,1800.0,600.0,2400.0,240,47,9,491,500,0,0
uncontrolled,1:3,1000,0,0,0,0,0,0.0,0,0.0,0.0,0,125,125,125,0,0,0,7357.0,0.0,7357.0,0.0,0.0,0,0,375,365,319,46,10,56,111817.0,224416.0,336233.0,56159.0,153.86027397260273,41,209,119174.0,224416.0,343590.0,500,0,250,750,500,500,444,56,0.24666666666666667,126.44144144144144,56140.0,56,261.85360360360363,116263.0,breakdown,5,1800.0,600.0,2400.0,242,46,10,490,500,0,0
cooperative_limited,1:3,1000,88,14,74,88,144,0.0,0,0.0,0.0,0,125,125,125,0,0,0,7459.0,0.0,7459.0,0.0,0.0,0,0,375,375,337,38,0,38,111265.0,199929.0,311194.0,52410.0,139.76,41,190,118724.0,199929.0,318653.0,500,0,250,750,500,500,462,38,0.25666666666666665,113.4090909090909,52395.0,38,250.15151515151516,115570.0,breakdown,1,1800.0,600.0,2400.0,222,38,0,500,500,0,0
cooperative_limited,1:3,1000,89,3,86,89,118,0.0,0,0.0,0.0,0,125,125,125,0,0,0,7522.0,0.0,7522.0,0.0,0.0,0,0,375,367,322,45,8,53,112429.0,222288.0,334717.0,56219.0,153.18528610354224,43,207,119951.0,222288.0,342239.0,500,0,250,750,500,500,447,53,0.24833333333333332,125.73825503355705,56205.0,53,262.1633109619687,117187.0,breakdown,2,1800.0,600.0,2400.0,244,45,8,492,500,0,0
cooperative_limited,1:3,1000,88,4,84,88,131,0.0,0,0.0,0.0,0,125,125,125,0,0,0,7443.0,0.0,7443.0,0.0,0.0,0,0,375,373,328,45,2,47,112023.0,211467.0,323490.0,54711.0,146.67828418230562,42,200,119466.0,211467.0,330933.0,500,0,250,750,500,500,453,47,0.25166666666666665,120.73951434878587,54695.0,47,257.6048565121413,116695.0,breakdown,3,1800.0,600.0,2400.0,231,45,2,498,500,0,0
cooperative_limited,1:3,1000,88,4,84,88,125,0.0,0,0.0,0.0,0,125,125,125,0,0,0,7423.0,0.0,7423.0,0.0,0.0,0,0,375,375,337,38,0,38,110397.0,199224.0,309621.0,52863.0,140.968,42,192,117820.0,199224.0,317044.0,500,0,250,750,500,500,462,38,0.25666666666666665,114.3896103896104,52848.0,38,249.16017316017317,115112.0,breakdown,4,1800.0,600.0,2400.0,228,38,0,500,500,0,0
cooperative_limited,1:3,1000,89,6,83,89,117,0.0,0,0.0,0.0,0,125,125,125,0,0,0,7480.0,0.0,7480.0,0.0,0.0,0,0,375,361,314,47,14,61,111843.0,225785.0,337628.0,56239.0,155.78670360110803,43,209,119323.0,225785.0,345108.0,500,0,250,750,500,500,439,61,0.24388888888888888,128.07744874715263,56226.0,61,264.7380410022779,116220.0,breakdown,5,1800.0,600.0,2400.0,242,47,14,486,500,0,0
ramp_fixed_4s,1:3,1000,0,0,0,0,0,4.0,0,0.0,0.0,252,125,125,125,0,0,0,7335.0,0.0,7335.0,0.0,0.0,0,0,375,285,242,43,90,133,110416.0,233382.0,343798.0,47334.0,166.0842105263158,39,202,117751.0,233382.0,351133.0,500,0,250,750,500,500,367,133,0.2038888888888889,128.91553133514986,47312.0,133,308.2397820163488,113124.0,breakdown,1,1800.0,600.0,2400.0,232,43,90,410,500,0,0
ramp_fixed_4s,1:3,1000,0,0,0,0,0,4.0,0,0.0,0.0,260,125,125,125,0,0,0,7415.0,0.0,7415.0,0.0,0.0,0,0,375,292,248,44,83,127,110678.0,238884.0,349562.0,47691.0,163.32534246575344,38,205,118093.0,238884.0,356977.0,500,0,250,750,500,500,373,127,0.20722222222222222,127.77211796246648,47659.0,127,304.21983914209113,113474.0,breakdown,2,1800.0,600.0,2400.0,232,44,83,417,500,0,0
ramp_fixed_4s,1:3,1000,0,0,0,0,0,4.0,0,0.0,0.0,251,125,125,125,0,0,0,7292.0,0.0,7292.0,0.0,0.0,0,0,375,283,240,43,92,135,109705.0,235258.0,344963.0,48778.0,172.36042402826854,38,202,116997.0,235258.0,352255.0,500,0,250,750,500,500,365,135,0.20277777777777778,133.6027397260274,48765.0,135,308.21643835616436,112499.0,breakdown,3,1800.0,600.0,2400.0,234,43,92,408,500,0,0
ramp_fixed_4s,1:3,1000,0,0,0,0,0,4.0,0,0.0,0.0,244,125,125,125,0,0,0,7257.0,0.0,7257.0,0.0,0.0,0,0,375,278,234,44,97,141,111243.0,253520.0,364763.0,49092.0,176.58992805755395,40,211,118500.0,253520.0,372020.0,500,0,250,750,500,500,359,141,0.19944444444444445,136.6908077994429,49072.0,141,317.1225626740947,113847.0,breakdown,4,1800.0,600.0,2400.0,239,44,97,403,500,0,0
ramp_fixed_4s,1:3,1000,0,0,0,0,0,4.0,0,0.0,0.0,241,125,125,125,0,0,0,7342.0,0.0,7342.0,0.0,0.0,0,0,375,273,230,43,102,145,111001.0,257774.0,368775.0,50901.0,186.45054945054946,40,215,118343.0,257774.0,376117.0,500,0,250,750,500,500,355,145,0.19722222222222222,143.33802816901408,50885.0,145,320.3408450704225,113721.0,breakdown,5,1800.0,600.0,2400.0,245,43,102,398,500,0,0
ramp_on_demand_4s,1:3,1000,0,0,0,0,0,4.0,5,1439.0,0.5995833333333334,51,125,125,125,0,0,0,7334.0,0.0,7334.0,0.0,0.0,0,0,375,367,321,46,8,54,112546.0,221524.0,334070.0,53552.0,145.91825613079018,40,208,119880.0,221524.0,341404.0,500,0,250,750,500,500,446,54,0.2477777777777778,120.03139013452915,53534.0,54,262.21973094170403,116950.0,breakdown,1,1800.0,600.0,2400.0,245,46,8,492,500,0,0
ramp_on_demand_4s,1:3,1000,0,0,0,0,0,4.0,5,1467.0,0.61125,56,125,125,125,0,0,0,7440.0,0.0,7440.0,0.0,0.0,0,0,375,375,340,35,0,35,109952.0,199745.0,309697.0,49740.0,132.64,42,196,117392.0,199745.0,317137.0,500,0,250,750,500,500,465,35,0.25833333333333336,106.9268817204301,49721.0,35,246.88172043010752,114800.0,breakdown,2,1800.0,600.0,2400.0,226,35,0,500,500,0,0
ramp_on_demand_4s,1:3,1000,0,0,0,0,0,4.0,7,1370.0,0.5708333333333333,21,125,125,125,0,0,0,7281.0,0.0,7281.0,0.0,0.0,0,0,375,372,327,45,3,48,112124.0,215260.0,327384.0,53378.0,143.48924731182797,41,203,119405.0,215260.0,334665.0,500,0,250,750,500,500,452,48,0.2511111111111111,118.0575221238938,53362.0,48,258.2212389380531,116716.0,breakdown,3,1800.0,600.0,2400.0,243,45,3,497,500,0,0
ramp_on_demand_4s,1:3,1000,0,0,0,0,0,4.0,3,1606.0,0.6691666666666667,80,125,125,125,0,0,0,7266.0,0.0,7266.0,0.0,0.0,0,0,375,373,327,46,2,48,110705.0,212508.0,323213.0,50844.0,136.31099195710456,40,203,117971.0,212508.0,330479.0,500,0,250,750,500,500,452,48,0.2511111111111111,112.44026548672566,50823.0,48,254.8230088495575,115180.0,breakdown,4,1800.0,600.0,2400.0,238,46,2,498,500,0,0
ramp_on_demand_4s,1:3,1000,0,0,0,0,0,4.0,5,1457.0,0.6070833333333333,26,125,125,125,0,0,0,7358.0,0.0,7358.0,0.0,0.0,0,0,375,370,323,47,5,52,111537.0,223407.0,334944.0,53979.0,145.88918918918918,41,210,118895.0,223407.0,342302.0,500,0,250,750,500,500,448,52,0.24888888888888888,120.45982142857143,53966.0,52,258.76785714285717,115928.0,breakdown,5,1800.0,600.0,2400.0,238,47,5,495,500,0,0
uncontrolled,1:4,1000,0,0,0,0,0,0.0,0,0.0,0.0,0,100,100,100,0,0,0,5890.0,0.0,5890.0,0.0,0.0,0,0,400,400,400,0,0,0,105718.0,132165.0,237883.0,36666.0,91.665,39,146,111608.0,132165.0,243773.0,500,0,200,800,500,500,500,0,0.2777777777777778,73.308,36654.0,0,223.216,111608.0,queue,1,1800.0,600.0,2400.0,178,0,0,500,500,0,0
uncontrolled,1:4,1000,0,0,0,0,0,0.0,0,0.0,0.0,0,100,100,100,0,0,0,5982.0,0.0,5982.0,0.0,0.0,0,0,400,400,400,0,0,0,106611.0,151434.0,258045.0,38284.0,95.71,37,152,112593.0,151434.0,264027.0,500,0,200,800,500,500,500,0,0.2777777777777778,76.53,38265.0,0,225.186,112593.0,queue,2,1800.0,600.0,2400.0,183,0,0,500,500,0,0
uncontrolled,1:4,1000,0,0,0,0,0,0.0,0,0.0,0.0,0,100,100,100,0,0,0,5984.0,0.0,5984.0,0.0,0.0,0,0,400,400,400,0,0,0,104063.0,132096.0,236159.0,35402.0,88.505,39,143,110047.0,132096.0,242143.0,500,0,200,800,500,500,500,0,0.2777777777777778,70.766,35383.0,0,220.094,110047.0,queue,3,1800.0,600.0,2400.0,172,0,0,500,500,0,0
uncontrolled,1:4,1000,0,0,0,0,0,0.0,0,0.0,0.0,0,100,100,100,0,0,0,5867.0,0.0,5867.0,0.0,0.0,0,0,400,400,400,0,0,0,103377.0,129526.0,232903.0,35328.0,88.32,37,142,109244.0,129526.0,238770.0,500,0,200,800,500,500,500,0,0.2777777777777778,70.612,35306.0,0,218.488,109244.0,queue,4,1800.0,600.0,2400.0,163,0,0,500,500,0,0
uncontrolled,1:4,1000,0,0,0,0,0,0.0,0,0.0,0.0,0,100,100,100,0,0,0,5965.0,0.0,5965.0,0.0,0.0,0,0,400,400,400,0,0,0,102723.0,121284.0,224007.0,34390.0,85.975,38,133,108688.0,121284.0,229972.0,500,0,200,800,500,500,500,0,0.2777777777777778,68.744,34372.0,0,217.376,108688.0,queue,5,1800.0,600.0,2400.0,163,0,0,500,500,0,0
cooperative_limited,1:4,1000,89,0,89,89,160,0.0,0,0.0,0.0,0,100,100,100,0,0,0,6028.0,0.0,6028.0,0.0,0.0,0,0,400,400,359,41,0,41,112039.0,209986.0,322025.0,50568.0,126.42,40,197,118067.0,209986.0,328053.0,500,0,200,800,500,500,459,41,0.255,110.13725490196079,50553.0,41,250.86274509803923,115146.0,breakdown,1,1800.0,600.0,2400.0,229,41,0,500,500,0,0
cooperative_limited,1:4,1000,86,0,86,86,150,0.0,0,0.0,0.0,0,100,100,100,0,0,0,6068.0,0.0,6068.0,0.0,0.0,0,0,400,400,362,38,0,38,111386.0,208538.0,319924.0,50303.0,125.7575,39,200,117454.0,208538.0,325992.0,500,0,200,800,500,500,462,38,0.25666666666666665,108.83766233766234,50283.0,38,248.06926406926408,114608.0,breakdown,2,1800.0,600.0,2400.0,229,38,0,500,500,0,0
cooperative_limited,1:4,1000,87,0,87,87,152,0.0,0,0.0,0.0,0,100,100,100,0,0,0,6075.0,0.0,6075.0,0.0,0.0,0,0,400,400,356,44,0,44,112080.0,216434.0,328514.0,51204.0,128.01,40,202,118155.0,216434.0,334589.0,500,0,200,800,500,500,456,44,0.25333333333333335,112.2609649122807,51191.0,44,253.08991228070175,115409.0,breakdown,3,1800.0,600.0,2400.0,230,44,0,500,500,0,0
cooperative_limited,1:4,1000,91,0,91,91,142,0.0,0,0.0,0.0,0,100,100,100,0,0,0,5971.0,0.0,5971.0,0.0,0.0,0,0,400,397,350,47,3,50,111269.0,219683.0,330952.0,52292.0,131.71788413098236,39,207,117240.0,219683.0,336923.0,500,0,200,800,500,500,450,50,0.25,116.16444444444444,52274.0,50,253.8177777777778,114218.0,breakdown,4,1800.0,600.0,2400.0,243,47,3,497,500,0,0
cooperative_limited,1:4,1000,79,1,78,79,165,0.0,0,0.0,0.0,0,100,100,100,0,0,0,6016.0,0.0,6016.0,0.0,0.0,0,0,400,400,380,20,0,20,109156.0,178780.0,287936.0,46136.0,115.34,39,177,115172.0,178780.0,293952.0,500,0,200,800,500,500,480,20,0.26666666666666666,96.07291666666667,46115.0,20,236.04166666666666,113300.0,breakdown,5,1800.0,600.0,2400.0,214,20,0,500,500,0,0
ramp_fixed_4s,1:4,1000,0,0,0,0,0,4.0,0,0.0,0.0,345,100,100,100,0,0,0,5907.0,0.0,5907.0,0.0,0.0,0,0,400,377,333,44,23,67,107676.0,151051.0,258727.0,23394.0,62.05305039787798,32,139,113583.0,151051.0,264634.0,500,0,200,800,500,500,433,67,0.24055555555555555,53.9445727482679,23358.0,67,251.62124711316397,108952.0,breakdown,1,1800.0,600.0,2400.0,169,44,23,477,500,0,0
ramp_fixed_4s,1:4,1000,0,0,0,0,0,4.0,0,0.0,0.0,327,100,100,100,0,0,0,5971.0,0.0,5971.0,0.0,0.0,0,0,400,360,316,44,40,84,108519.0,183642.0,292161.0,28103.0,78.06388888888888,33,158,114490.0,183642.0,298132.0,500,0,200,800,500,500,416,84,0.2311111111111111,67.48798076923077,28075.0,84,263.75,109720.0,breakdown,2,1800.0,600.0,2400.0,174,44,40,460,500,0,0
ramp_fixed_4s,1:4,1000,0,0,0,0,0,4.0,0,0.0,0.0,333,100,100,100,0,0,0,5996.0,0.0,5996.0,0.0,0.0,0,0,400,366,322,44,34,78,107374.0,164806.0,272180.0,26302.0,71.86338797814207,34,151,113370.0,164806.0,278176.0,500,0,200,800,500,500,422,78,0.23444444444444446,62.258293838862556,26273.0,78,257.21800947867297,108546.0,breakdown,3,1800.0,600.0,2400.0,177,44,34,466,500,0,0
ramp_fixed_4s,1:4,1000,0,0,0,0,0,4.0,0,0.0,0.0,328,100,100,100,0,0,0,5883.0,0.0,5883.0,0.0,0.0,0,0,400,360,316,44,40,84,107754.0,172556.0,280310.0,27340.0,75.94444444444444,32,153,113637.0,172556.0,286193.0,500,0,200,800,500,500,416,84,0.2311111111111111,65.65384615384616,27312.0,84,261.46634615384613,108770.0,breakdown,4,1800.0,600.0,2400.0,175,44,40,460,500,0,0
ramp_fixed_4s,1:4,1000,0,0,0,0,0,4.0,0,0.0,0.0,328,100,100,100,0,0,0,5946.0,0.0,5946.0,0.0,0.0,0,0,400,359,316,43,41,84,107725.0,178590.0,286315.0,29564.0,82.35097493036211,34,155,113671.0,178590.0,292261.0,500,0,200,800,500,500,416,84,0.2311111111111111,70.97836538461539,29527.0,84,262.03125,109005.0,breakdown,5,1800.0,600.0,2400.0,184,43,41,459,500,0,0
ramp_on_demand_4s,1:4,1000,0,0,0,0,0,4.0,5,1543.0,0.6429166666666667,117,100,100,100,0,0,0,5929.0,0.0,5929.0,0.0,0.0,0,0,400,400,400,0,0,0,104571.0,139434.0,244005.0,31597.0,78.9925,39,144,110500.0,139434.0,249934.0,500,0,200,800,500,500,500,0,0.2777777777777778,63.152,31576.0,0,221.0,110500.0,queue,1,1800.0,600.0,2400.0,175,0,0,500,500,0,0
ramp_on_demand_4s,1:4,1000,0,0,0,0,0,4.0,7,1243.0,0.5179166666666667,71,100,100,100,0,0,0,5970.0,0.0,5970.0,0.0,0.0,0,0,400,400,400,0,0,0,107080.0,157547.0,264627.0,34805.0,87.0125,36,153,113050.0,157547.0,270597.0,500,0,200,800,500,500,500,0,0.2777777777777778,69.574,34787.0,0,226.1,113050.0,queue,2,1800.0,600.0,2400.0,181,0,0,500,500,0,0
ramp_on_demand_4s,1:4,1000,0,0,0,0,0,4.0,6,1474.0,0.6141666666666666,119,100,100,100,0,0,0,5983.0,0.0,5983.0,0.0,0.0,0,0,400,400,400,0,0,0,103113.0,131410.0,234523.0,28934.0,72.335,38,140,109096.0,131410.0,240506.0,500,0,200,800,500,500,500,0,0.2777777777777778,57.832,28916.0,0,218.192,109096.0,queue,3,1800.0,600.0,2400.0,169,0,0,500,500,0,0
ramp_on_demand_4s,1:4,1000,0,0,0,0,0,4.0,5,1503.0,0.62625,125,100,100,100,0,0,0,5903.0,0.0,5903.0,0.0,0.0,0,0,400,400,400,0,0,0,101571.0,120464.0,222035.0,29264.0,73.16,36,138,107474.0,120464.0,227938.0,500,0,200,800,500,500,500,0,0.2777777777777778,58.498,29249.0,0,214.948,107474.0,queue,4,1800.0,600.0,2400.0,158,0,0,500,500,0,0
ramp_on_demand_4s,1:4,1000,0,0,0,0,0,4.0,7,1506.0,0.6275,121,100,100,100,0,0,0,5963.0,0.0,5963.0,0.0,0.0,0,0,400,400,400,0,0,0,101201.0,123174.0,224375.0,28592.0,71.48,38,128,107164.0,123174.0,230338.0,500,0,200,800,500,500,500,0,0.2777777777777778,57.14,28570.0,0,214.328,107164.0,queue,5,1800.0,600.0,2400.0,164,0,0,500,500,0,0
uncontrolled,1:5,1000,0,0,0,0,0,0.0,0,0.0,0.0,0,84,84,84,0,0,0,5115.0,0.0,5115.0,0.0,0.0,0,0,417,417,417,0,0,0,27898.0,0.0,27898.0,338.0,0.8105515587529976,6,0,33013.0,0.0,33013.0,501,0,167,833,500,501,501,0,0.2783333333333333,0.6746506986027944,338.0,0,65.8942115768463,33013.0,queue,1,1800.0,600.0,2400.0,6,0,0,501,501,0,0
uncontrolled,1:5,1000,0,0,0,0,0,0.0,0,0.0,0.0,0,84,84,84,0,0,0,5126.0,0.0,5126.0,0.0,0.0,0,0,417,417,417,0,0,0,29215.0,0.0,29215.0,661.0,1.5851318944844124,9,0,34341.0,0.0,34341.0,501,0,167,833,500,501,501,0,0.2783333333333333,1.3193612774451098,661.0,0,68.54491017964072,34341.0,queue,2,1800.0,600.0,2400.0,9,0,0,501,501,0,0
uncontrolled,1:5,1000,0,0,0,0,0,0.0,0,0.0,0.0,0,84,84,84,0,0,0,5143.0,0.0,5143.0,0.0,0.0,0,0,417,417,417,0,0,0,27561.0,0.0,27561.0,164.0,0.3932853717026379,5,0,32704.0,0.0,32704.0,501,0,167,833,500,501,501,0,0.2783333333333333,0.3273453093812375,164.0,0,65.27744510978044,32704.0,queue,3,1800.0,600.0,2400.0,5,0,0,501,501,0,0
uncontrolled,1:5,1000,0,0,0,0,0,0.0,0,0.0,0.0,0,84,84,84,0,0,0,5077.0,0.0,5077.0,0.0,0.0,0,0,417,417,417,0,0,0,27414.0,0.0,27414.0,201.0,0.48201438848920863,5,0,32491.0,0.0,32491.0,501,0,167,833,500,501,501,0,0.2783333333333333,0.40119760479041916,201.0,0,64.85229540918164,32491.0,queue,4,1800.0,600.0,2400.0,5,0,0,501,501,0,0
uncontrolled,1:5,1000,0,0,0,0,0,0.0,0,0.0,0.0,0,84,84,84,0,0,0,5126.0,0.0,5126.0,0.0,0.0,0,0,417,417,417,0,0,0,27994.0,0.0,27994.0,395.0,0.947242206235012,6,0,33120.0,0.0,33120.0,501,0,167,833,500,501,501,0,0.2783333333333333,0.7884231536926147,395.0,0,66.10778443113773,33120.0,queue,5,1800.0,600.0,2400.0,6,0,0,501,501,0,0
cooperative_limited,1:5,1000,7,0,7,7,37,0.0,0,0.0,0.0,0,84,84,84,0,0,0,5123.0,0.0,5123.0,0.0,0.0,0,0,417,417,417,0,0,0,29268.0,0.0,29268.0,823.0,1.973621103117506,11,0,34391.0,0.0,34391.0,501,0,167,833,500,501,501,0,0.2783333333333333,1.6427145708582835,823.0,0,68.64471057884232,34391.0,queue,1,1800.0,600.0,2400.0,11,0,0,501,501,0,0
cooperative_limited,1:5,1000,6,0,6,6,40,0.0,0,0.0,0.0,0,84,84,84,0,0,0,5160.0,0.0,5160.0,0.0,0.0,0,0,417,417,417,0,0,0,29991.0,0.0,29991.0,867.0,2.079136690647482,10,0,35151.0,0.0,35151.0,501,0,167,833,500,501,501,0,0.2783333333333333,1.7305389221556886,867.0,0,70.16167664670658,35151.0,queue,2,1800.0,600.0,2400.0,10,0,0,501,501,0,0
cooperative_limited,1:5,1000,1,0,1,1,6,0.0,0,0.0,0.0,0,84,84,84,0,0,0,5140.0,0.0,5140.0,0.0,0.0,0,0,417,417,417,0,0,0,27581.0,0.0,27581.0,180.0,0.4316546762589928,5,0,32721.0,0.0,32721.0,501,0,167,833,500,501,501,0,0.2783333333333333,0.3592814371257485,180.0,0,65.31137724550898,32721.0,queue,3,1800.0,600.0,2400.0,5,0,0,501,501,0,0
cooperative_limited,1:5,1000,2,0,2,2,13,0.0,0,0.0,0.0,0,84,84,84,0,0,0,5076.0,0.0,5076.0,0.0,0.0,0,0,417,417,417,0,0,0,27539.0,0.0,27539.0,279.0,0.6690647482014388,6,0,32615.0,0.0,32615.0,501,0,167,833,500,501,501,0,0.2783333333333333,0.5568862275449101,279.0,0,65.0998003992016,32615.0,queue,4,1800.0,600.0,2400.0,6,0,0,501,501,0,0
cooperative_limited,1:5,1000,5,0,5,5,29,0.0,0,0.0,0.0,0,84,84,84,0,0,0,5146.0,0.0,5146.0,0.0,0.0,0,0,417,417,417,0,0,0,28507.0,0.0,28507.0,569.0,1.3645083932853717,6,0,33653.0,0.0,33653.0,501,0,167,833,500,501,501,0,0.2783333333333333,1.1357285429141717,569.0,0,67.17165668662675,33653.0,queue,5,1800.0,600.0,2400.0,6,0,0,501,501,0,0
ramp_fixed_4s,1:5,1000,0,0,0,0,0,4.0,0,0.0,0.0,417,84,84,84,0,0,0,5081.0,0.0,5081.0,0.0,0.0,0,0,417,417,417,0,0,0,77787.0,16068.0,93855.0,896.0,2.1486810551558753,14,29,82868.0,16068.0,98936.0,501,0,167,833,500,501,501,0,0.2783333333333333,1.744510978043912,874.0,0,165.40518962075848,82868.0,queue,1,1800.0,600.0,2400.0,29,0,0,501,501,0,0
ramp_fixed_4s,1:5,1000,0,0,0,0,0,4.0,0,0.0,0.0,417,84,84,84,0,0,0,5147.0,0.0,5147.0,0.0,0.0,0,0,417,417,417,0,0,0,73068.0,9386.0,82454.0,220.0,0.5275779376498801,4,22,78215.0,9386.0,87601.0,501,0,167,833,500,501,501,0,0.2783333333333333,0.4111776447105788,206.0,0,156.11776447105788,78215.0,queue,2,1800.0,600.0,2400.0,22,0,0,501,501,0,0
ramp_fixed_4s,1:5,1000,0,0,0,0,0,4.0,0,0.0,0.0,417,84,84,84,0,0,0,5058.0,0.0,5058.0,0.0,0.0,0,0,417,417,417,0,0,0,74547.0,12345.0,86892.0,140.0,0.33573141486810554,4,24,79605.0,12345.0,91950.0,501,0,167,833,500,501,501,0,0.2783333333333333,0.25149700598802394,126.0,0,158.89221556886227,79605.0,queue,3,1800.0,600.0,2400.0,28,0,0,501,501,0,0
ramp_fixed_4s,1:5,1000,0,0,0,0,0,4.0,0,0.0,0.0,417,84,84,84,0,0,0,5054.0,0.0,5054.0,0.0,0.0,0,0,417,417,417,0,0,0,73786.0,8932.0,82718.0,115.0,0.27577937649880097,2,19,78840.0,8932.0,87772.0,501,0,167,833,500,501,501,0,0.2783333333333333,0.20758483033932135,104.0,0,157.36526946107784,78840.0,queue,4,1800.0,600.0,2400.0,20,0,0,501,501,0,0
ramp_fixed_4s,1:5,1000,0,0,0,0,0,4.0,0,0.0,0.0,417,84,84,84,0,0,0,5100.0,0.0,5100.0,0.0,0.0,0,0,417,417,417,0,0,0,70344.0,6545.0,76889.0,229.0,0.5491606714628298,5,18,75444.0,6545.0,81989.0,501,0,167,833,500,501,501,0,0.2783333333333333,0.4431137724550898,222.0,0,150.5868263473054,75444.0,queue,5,1800.0,600.0,2400.0,18,0,0,501,501,0,0
ramp_on_demand_4s,1:5,1000,0,0,0,0,0,4.0,9,1078.0,0.44916666666666666,195,84,84,84,0,0,0,5126.0,0.0,5126.0,0.0,0.0,0,0,417,417,417,0,0,0,34667.0,0.0,34667.0,325.0,0.7793764988009593,5,0,39793.0,0.0,39793.0,501,0,167,833,500,501,501,0,0.2783333333333333,0.6467065868263473,324.0,0,79.42714570858283,39793.0,queue,1,1800.0,600.0,2400.0,5,0,0,501,501,0,0
ramp_on_demand_4s,1:5,1000,0,0,0,0,0,4.0,6,1318.0,0.5491666666666667,244,84,84,84,0,0,0,5161.0,0.0,5161.0,0.0,0.0,0,0,417,417,417,0,0,0,42228.0,0.0,42228.0,412.0,0.988009592326139,5,0,47389.0,0.0,47389.0,501,0,167,833,500,501,501,0,0.2783333333333333,0.8183632734530938,410.0,0,94.58882235528942,47389.0,queue,2,1800.0,600.0,2400.0,5,0,0,501,501,0,0
ramp_on_demand_4s,1:5,1000,0,0,0,0,0,4.0,6,1470.0,0.6125,276,84,84,84,0,0,0,5121.0,0.0,5121.0,0.0,0.0,0,0,417,417,417,0,0,0,43318.0,0.0,43318.0,310.0,0.7434052757793765,8,0,48439.0,0.0,48439.0,501,0,167,833,500,501,501,0,0.2783333333333333,0.6127744510978044,307.0,0,96.68463073852296,48439.0,queue,3,1800.0,600.0,2400.0,8,0,0,501,501,0,0
ramp_on_demand_4s,1:5,1000,0,0,0,0,0,4.0,10,1111.0,0.46291666666666664,203,84,84,84,0,0,0,5078.0,0.0,5078.0,0.0,0.0,0,0,417,417,417,0,0,0,33284.0,0.0,33284.0,328.0,0.7865707434052758,5,0,38362.0,0.0,38362.0,501,0,167,833,500,501,501,0,0.2783333333333333,0.654690618762475,328.0,0,76.57085828343314,38362.0,queue,4,1800.0,600.0,2400.0,5,0,0,501,501,0,0
ramp_on_demand_4s,1:5,1000,0,0,0,0,0,4.0,6,1313.0,0.5470833333333334,246,84,84,84,0,0,0,5121.0,0.0,5121.0,0.0,0.0,0,0,417,417,417,0,0,0,40226.0,0.0,40226.0,998.0,2.393285371702638,12,0,45347.0,0.0,45347.0,501,0,167,833,500,501,501,0,0.2783333333333333,1.9900199600798403,997.0,0,90.51297405189621,45347.0,queue,5,1800.0,600.0,2400.0,12,0,0,501,501,0,0
uncontrolled,1:1,1200,0,0,0,0,0,0.0,0,0.0,0.0,0,300,300,300,0,0,0,17812.0,0.0,17812.0,0.0,0.0,0,0,300,286,238,48,14,62,112816.0,221583.0,334399.0,71470.0,249.8951048951049,53,209,130628.0,221583.0,352211.0,600,0,600,600,600,600,538,62,0.29888888888888887,132.82342007434943,71459.0,62,236.8996282527881,127452.0,breakdown,1,1800.0,600.0,2400.0,258,48,14,586,600,0,0
uncontrolled,1:1,1200,0,0,0,0,0,0.0,0,0.0,0.0,0,300,300,300,0,0,0,17855.0,0.0,17855.0,0.0,0.0,0,0,300,294,249,45,6,51,112974.0,216406.0,329380.0,69661.0,236.9421768707483,53,202,130829.0,216406.0,347235.0,600,0,600,600,600,600,549,51,0.305,126.85974499089254,69646.0,51,233.16211293260474,128006.0,breakdown,2,1800.0,600.0,2400.0,244,45,6,594,600,0,0
uncontrolled,1:1,1200,0,0,0,0,0,0.0,0,0.0,0.0,0,300,300,300,0,0,0,17584.0,0.0,17584.0,0.0,0.0,0,0,300,280,232,48,20,68,113728.0,232496.0,346224.0,71892.0,256.75714285714287,53,213,131312.0,232496.0,363808.0,600,0,600,600,600,600,532,68,0.29555555555555557,135.1109022556391,71879.0,68,240.9436090225564,128182.0,breakdown,3,1800.0,600.0,2400.0,264,48,20,580,600,0,0
uncontrolled,1:1,1200,0,0,0,0,0,0.0,0,0.0,0.0,0,300,300,300,0,0,0,17491.0,0.0,17491.0,0.0,0.0,0,0,300,277,232,45,23,68,113686.0,238664.0,352350.0,73605.0,265.72202166064983,53,215,131177.0,238664.0,369841.0,600,0,600,600,600,600,532,68,0.29555555555555557,138.32894736842104,73591.0,68,241.3515037593985,128399.0,breakdown,4,1800.0,600.0,2400.0,268,45,23,577,600,0,0
uncontrolled,1:1,1200,0,0,0,0,0,0.0,0,0.0,0.0,0,300,300,300,0,0,0,17542.0,0.0,17542.0,0.0,0.0,0,0,300,279,232,47,21,68,113780.0,230821.0,344601.0,73177.0,262.2831541218638,53,214,131322.0,230821.0,362143.0,600,0,600,600,600,600,532,68,0.29555555555555557,137.52443609022558,73163.0,68,241.0639097744361,128246.0,breakdown,5,1800.0,600.0,2400.0,257,47,21,579,600,0,0
cooperative_limited,1:1,1200,108,6,102,108,45,0.0,0,0.0,0.0,0,300,300,300,0,0,0,17954.0,0.0,17954.0,0.0,0.0,0,0,300,285,237,48,15,63,113038.0,227591.0,340629.0,72210.0,253.3684210526316,53,211,130992.0,227591.0,358583.0,600,0,600,600,600,600,537,63,0.29833333333333334,134.45437616387338,72202.0,63,238.15456238361267,127889.0,breakdown,1,1800.0,600.0,2400.0,259,48,15,585,600,0,0
cooperative_limited,1:1,1200,108,6,102,108,42,0.0,0,0.0,0.0,0,300,300,300,0,0,0,18006.0,0.0,18006.0,0.0,0.0,0,0,300,284,237,47,16,63,113626.0,230003.0,343629.0,72150.0,254.04929577464787,53,212,131632.0,230003.0,361635.0,600,0,600,600,600,600,537,63,0.29833333333333334,134.3296089385475,72135.0,63,239.45810055865923,128589.0,breakdown,2,1800.0,600.0,2400.0,249,47,16,584,600,0,0
cooperative_limited,1:1,1200,108,5,103,108,40,0.0,0,0.0,0.0,0,300,300,300,0,0,0,17735.0,0.0,17735.0,0.0,0.0,0,0,300,276,230,46,24,70,113820.0,238186.0,352006.0,73497.0,266.29347826086956,53,217,131555.0,238186.0,369741.0,600,0,600,600,600,600,530,70,0.29444444444444445,138.65849056603773,73489.0,70,242.76415094339623,128665.0,breakdown,3,1800.0,600.0,2400.0,270,46,24,576,600,0,0
cooperative_limited,1:1,1200,109,4,105,109,40,0.0,0,0.0,0.0,0,300,300,300,0,0,0,17661.0,0.0,17661.0,0.0,0.0,0,0,300,279,234,45,21,66,113604.0,233303.0,346907.0,73860.0,264.73118279569894,53,214,131265.0,233303.0,364568.0,600,0,600,600,600,600,534,66,0.2966666666666667,138.2996254681648,73852.0,66,240.65168539325842,128508.0,breakdown,4,1800.0,600.0,2400.0,267,45,21,579,600,0,0
cooperative_limited,1:1,1200,108,5,103,108,39,0.0,0,0.0,0.0,0,300,300,300,0,0,0,17680.0,0.0,17680.0,0.0,0.0,0,0,300,277,230,47,23,70,113772.0,233137.0,346909.0,73578.0,265.6245487364621,53,216,131452.0,233137.0,364589.0,600,0,600,600,600,600,530,70,0.29444444444444445,138.79811320754717,73563.0,70,242.38301886792453,128463.0,breakdown,5,1800.0,600.0,2400.0,262,47,23,577,600,0,0
ramp_fixed_4s,1:1,1200,0,0,0,0,0,4.0,0,0.0,0.0,167,300,300,300,0,0,0,17827.0,0.0,17827.0,0.0,0.0,0,0,300,200,156,44,100,144,111928.0,245592.0,357520.0,71068.0,355.34,53,210,129755.0,245592.0,375347.0,600,0,600,600,600,600,456,144,0.25333333333333335,155.81798245614036,71053.0,144,273.93640350877195,124915.0,breakdown,1,1800.0,600.0,2400.0,252,44,100,500,600,0,0
ramp_fixed_4s,1:1,1200,0,0,0,0,0,4.0,0,0.0,0.0,177,300,300,300,0,0,0,17869.0,0.0,17869.0,0.0,0.0,0,0,300,208,165,43,92,135,111852.0,240605.0,352457.0,68631.0,329.9567307692308,53,203,129721.0,240605.0,370326.0,600,0,600,600,600,600,465,135,0.25833333333333336,147.5505376344086,68611.0,135,268.81075268817204,124997.0,breakdown,2,1800.0,600.0,2400.0,245,43,92,508,600,0,0
ramp_fixed_4s,1:1,1200,0,0,0,0,0,4.0,0,0.0,0.0,159,300,300,300,0,0,0,17567.0,0.0,17567.0,0.0,0.0,0,0,300,192,149,43,108,151,111991.0,256094.0,368085.0,71416.0,371.9583333333333,53,213,129558.0,256094.0,385652.0,600,0,600,600,600,600,449,151,0.24944444444444444,159.02004454342983,71400.0,151,278.728285077951,125149.0,breakdown,3,1800.0,600.0,2400.0,265,43,108,492,600,0,0
ramp_fixed_4s,1:1,1200,0,0,0,0,0,4.0,0,0.0,0.0,157,300,300,300,0,0,0,17494.0,0.0,17494.0,0.0,0.0,0,0,300,189,147,42,111,153,112611.0,262083.0,374694.0,72708.0,384.6984126984127,53,215,130105.0,262083.0,392188.0,600,0,600,600,600,600,447,153,0.24833333333333332,162.61744966442953,72690.0,153,281.0402684563758,125625.0,breakdown,4,1800.0,600.0,2400.0,268,42,111,489,600,0,0
ramp_fixed_4s,1:1,1200,0,0,0,0,0,4.0,0,0.0,0.0,165,300,300,300,0,0,0,17557.0,0.0,17557.0,0.0,0.0,0,0,300,196,154,42,104,146,112426.0,250261.0,362687.0,71828.0,366.46938775510205,53,211,129983.0,250261.0,380244.0,600,0,600,600,600,600,454,146,0.25222222222222224,158.1806167400881,71814.0,146,276.66299559471366,125605.0,breakdown,5,1800.0,600.0,2400.0,261,42,104,496,600,0,0
ramp_on_demand_4s,1:1,1200,0,0,0,0,0,4.0,12,1239.0,0.51625,4,300,300,300,0,0,0,17826.0,0.0,17826.0,0.0,0.0,0,0,300,286,238,48,14,62,112838.0,219775.0,332613.0,70980.0,248.1818181818182,53,208,130664.0,219775.0,350439.0,600,0,600,600,600,600,538,62,0.29888888888888887,131.90520446096653,70965.0,62,236.88847583643124,127446.0,breakdown,1,1800.0,600.0,2400.0,253,48,14,586,600,0,0
ramp_on_demand_4s,1:1,1200,0,0,0,0,0,4.0,4,1507.0,0.6279166666666667,22,300,300,300,0,0,0,17861.0,0.0,17861.0,0.0,0.0,0,0,300,294,249,45,6,51,113098.0,216744.0,329842.0,69280.0,235.64625850340136,53,202,130959.0,216744.0,347703.0,600,0,600,600,600,600,549,51,0.305,126.16757741347905,69266.0,51,233.4025500910747,128138.0,breakdown,2,1800.0,600.0,2400.0,244,45,6,594,600,0,0
ramp_on_demand_4s,1:1,1200,0,0,0,0,0,4.0,9,1242.0,0.5175,8,300,300,300,0,0,0,17590.0,0.0,17590.0,0.0,0.0,0,0,300,281,232,49,19,68,113684.0,230876.0,344560.0,71472.0,254.34875444839858,53,211,131274.0,230876.0,362150.0,600,0,600,600,600,600,532,68,0.29555555555555557,134.32706766917292,71462.0,68,240.75,128079.0,breakdown,3,1800.0,600.0,2400.0,262,49,19,581,600,0,0
ramp_on_demand_4s,1:1,1200,0,0,0,0,0,4.0,6,1499.0,0.6245833333333334,0,300,300,300,0,0,0,17491.0,0.0,17491.0,0.0,0.0,0,0,300,277,232,45,23,68,113686.0,238664.0,352350.0,73605.0,265.72202166064983,53,215,131177.0,238664.0,369841.0,600,0,600,600,600,600,532,68,0.29555555555555557,138.32894736842104,73591.0,68,241.3515037593985,128399.0,breakdown,4,1800.0,600.0,2400.0,268,45,23,577,600,0,0
ramp_on_demand_4s,1:1,1200,0,0,0,0,0,4.0,5,975.0,0.40625,0,300,300,300,0,0,0,17542.0,0.0,17542.0,0.0,0.0,0,0,300,279,232,47,21,68,113780.0,230821.0,344601.0,73177.0,262.2831541218638,53,214,131322.0,230821.0,362143.0,600,0,600,600,600,600,532,68,0.29555555555555557,137.52443609022558,73163.0,68,241.0639097744361,128246.0,breakdown,5,1800.0,600.0,2400.0,257,47,21,579,600,0,0
uncontrolled,1:2,1200,0,0,0,0,0,0.0,0,0.0,0.0,0,200,200,200,0,0,0,11708.0,0.0,11708.0,0.0,0.0,0,0,400,308,262,46,92,138,114926.0,342379.0,457305.0,68179.0,221.3603896103896,53,290,126634.0,342379.0,469013.0,600,0,400,800,600,600,462,138,0.25666666666666665,147.53246753246754,68160.0,138,267.9069264069264,123773.0,breakdown,1,1800.0,600.0,2400.0,335,46,92,508,600,0,0
uncontrolled,1:2,1200,0,0,0,0,0,0.0,0,0.0,0.0,0,200,200,200,0,0,0,11763.0,0.0,11763.0,0.0,0.0,0,0,400,312,266,46,88,134,115308.0,338217.0,453525.0,66875.0,214.34294871794873,53,283,127071.0,338217.0,465288.0,600,0,400,800,600,600,466,134,0.2588888888888889,143.47424892703862,66859.0,134,266.343347639485,124116.0,breakdown,2,1800.0,600.0,2400.0,336,46,88,512,600,0,0
uncontrolled,1:2,1200,0,0,0,0,0,0.0,0,0.0,0.0,0,200,200,200,0,0,0,11705.0,0.0,11705.0,0.0,0.0,0,0,400,308,262,46,92,138,115280.0,341091.0,456371.0,67599.0,219.47727272727272,53,287,126985.0,341091.0,468076.0,600,0,400,800,600,600,462,138,0.25666666666666665,146.2922077922078,67587.0,138,268.4761904761905,124036.0,breakdown,3,1800.0,600.0,2400.0,330,46,92,508,600,0,0
uncontrolled,1:2,1200,0,0,0,0,0,0.0,0,0.0,0.0,0,200,200,200,0,0,0,11569.0,0.0,11569.0,0.0,0.0,0,0,400,305,258,47,95,142,115192.0,343978.0,459170.0,68041.0,223.08524590163935,53,289,126761.0,343978.0,470739.0,600,0,400,800,600,600,458,142,0.2544444444444444,148.53275109170306,68028.0,142,270.1943231441048,123749.0,breakdown,4,1800.0,600.0,2400.0,327,47,95,505,600,0,0
uncontrolled,1:2,1200,0,0,0,0,0,0.0,0,0.0,0.0,0,200,200,200,0,0,0,11591.0,0.0,11591.0,0.0,0.0,0,0,400,311,264,47,89,136,114426.0,335291.0,449717.0,67683.0,217.63022508038586,53,286,126017.0,335291.0,461308.0,600,0,400,800,600,600,464,136,0.2577777777777778,145.8405172413793,67670.0,136,265.2715517241379,123086.0,breakdown,5,1800.0,600.0,2400.0,328,47,89,511,600,0,0
cooperative_limited,1:2,1200,99,1,98,99,71,0.0,0,0.0,0.0,0,200,200,200,0,0,0,11842.0,0.0,11842.0,0.0,0.0,0,0,400,315,270,45,85,130,114643.0,330212.0,444855.0,67021.0,212.76507936507937,53,281,126485.0,330212.0,456697.0,600,0,400,800,600,600,470,130,0.2611111111111111,142.5744680851064,67010.0,130,263.22340425531917,123715.0,breakdown,1,1800.0,600.0,2400.0,326,45,85,515,600,0,0
cooperative_limited,1:2,1200,100,1,99,100,61,0.0,0,0.0,0.0,0,200,200,200,0,0,0,11913.0,0.0,11913.0,0.0,0.0,0,0,400,305,258,47,95,142,115393.0,347287.0,462680.0,69662.0,228.4,53,290,127306.0,347287.0,474593.0,600,0,400,800,600,600,458,142,0.2544444444444444,152.08515283842794,69655.0,142,271.410480349345,124306.0,breakdown,2,1800.0,600.0,2400.0,332,47,95,505,600,0,0
cooperative_limited,1:2,1200,100,0,100,100,66,0.0,0,0.0,0.0,0,200,200,200,0,0,0,11854.0,0.0,11854.0,0.0,0.0,0,0,400,304,258,46,96,142,115448.0,346814.0,462262.0,69029.0,227.0690789473684,53,290,127302.0,346814.0,474116.0,600,0,400,800,600,600,458,142,0.2544444444444444,150.68558951965065,69014.0,142,271.3122270742358,124261.0,breakdown,3,1800.0,600.0,2400.0,342,46,96,504,600,0,0
cooperative_limited,1:2,1200,99,1,98,99,68,0.0,0,0.0,0.0,0,200,200,200,0,0,0,11728.0,0.0,11728.0,0.0,0.0,0,0,400,311,266,45,89,134,115023.0,337358.0,452381.0,67931.0,218.42765273311898,53,285,126751.0,337358.0,464109.0,600,0,400,800,600,600,466,134,0.2588888888888889,145.74678111587983,67918.0,134,265.95922746781116,123937.0,breakdown,4,1800.0,600.0,2400.0,325,45,89,511,600,0,0
cooperative_limited,1:2,1200,99,1,98,99,75,0.0,0,0.0,0.0,0,200,200,200,0,0,0,11759.0,0.0,11759.0,0.0,0.0,0,0,400,318,273,45,82,127,114385.0,324850.0,439235.0,65964.0,207.43396226415095,53,278,126144.0,324850.0,450994.0,600,0,400,800,600,600,473,127,0.2627777777777778,139.42283298097252,65947.0,127,260.8689217758985,123391.0,breakdown,5,1800.0,600.0,2400.0,320,45,82,518,600,0,0
ramp_fixed_4s,1:2,1200,0,0,0,0,0,4.0,0,0.0,0.0,190,200,200,200,0,0,0,11676.0,0.0,11676.0,0.0,0.0,0,0,400,222,179,43,178,221,113789.0,361212.0,475001.0,63456.0,285.8378378378378,53,284,125465.0,361212.0,486677.0,600,0,400,800,600,600,379,221,0.21055555555555555,167.39313984168865,63442.0,221,318.311345646438,120640.0,breakdown,1,1800.0,600.0,2400.0,329,43,178,422,600,0,0
ramp_fixed_4s,1:2,1200,0,0,0,0,0,4.0,0,0.0,0.0,195,200,200,200,0,0,0,11771.0,0.0,11771.0,0.0,0.0,0,0,400,227,183,44,173,217,113989.0,361427.0,475416.0,64052.0,282.1674008810573,53,283,125760.0,361427.0,487187.0,600,0,400,800,600,600,383,217,0.2127777777777778,167.21148825065274,64042.0,217,315.3968668407311,120797.0,breakdown,2,1800.0,600.0,2400.0,336,44,173,427,600,0,0
ramp_fixed_4s,1:2,1200,0,0,0,0,0,4.0,0,0.0,0.0,189,200,200,200,0,0,0,11701.0,0.0,11701.0,0.0,0.0,0,0,400,221,178,43,179,222,113934.0,365647.0,479581.0,65843.0,297.9321266968326,53,289,125635.0,365647.0,491282.0,600,0,400,800,600,600,378,222,0.21,174.13492063492063,65823.0,222,320.6984126984127,121224.0,breakdown,3,1800.0,600.0,2400.0,329,43,179,421,600,0,0
ramp_fixed_4s,1:2,1200,0,0,0,0,0,4.0,0,0.0,0.0,185,200,200,200,0,0,0,11561.0,0.0,11561.0,0.0,0.0,0,0,400,218,174,44,182,226,113613.0,369860.0,483473.0,66855.0,306.6743119266055,53,290,125174.0,369860.0,495034.0,600,0,400,800,600,600,374,226,0.20777777777777778,178.71657754010695,66840.0,226,322.0534759358289,120448.0,breakdown,4,1800.0,600.0,2400.0,327,44,182,418,600,0,0
ramp_fixed_4s,1:2,1200,0,0,0,0,0,4.0,0,0.0,0.0,192,200,200,200,0,0,0,11589.0,0.0,11589.0,0.0,0.0,0,0,400,225,181,44,175,219,113656.0,359602.0,473258.0,64740.0,287.73333333333335,53,285,125245.0,359602.0,484847.0,600,0,400,800,600,600,381,219,0.21166666666666667,169.86614173228347,64719.0,219,316.20734908136484,120475.0,breakdown,5,1800.0,600.0,2400.0,325,44,175,425,600,0,0
ramp_on_demand_4s,1:2,1200,0,0,0,0,0,4.0,8,1117.0,0.46541666666666665,0,200,200,200,0,0,0,11708.0,0.0,11708.0,0.0,0.0,0,0,400,308,262,46,92,138,114926.0,342379.0,457305.0,68179.0,221.3603896103896,53,290,126634.0,342379.0,469013.0,600,0,400,800,600,600,462,138,0.25666666666666665,147.53246753246754,68160.0,138,267.9069264069264,123773.0,breakdown,1,1800.0,600.0,2400.0,335,46,92,508,600,0,0
ramp_on_demand_4s,1:2,1200,0,0,0,0,0,4.0,5,1302.0,0.5425,2,200,200,200,0,0,0,11763.0,0.0,11763.0,0.0,0.0,0,0,400,312,268,44,88,132,115279.0,338416.0,453695.0,66883.0,214.36858974358975,53,283,127042.0,338416.0,465458.0,600,0,400,800,600,600,468,132,0.26,142.87179487179486,66864.0,132,265.6837606837607,124340.0,breakdown,2,1800.0,600.0,2400.0,336,44,88,512,600,0,0
ramp_on_demand_4s,1:2,1200,0,0,0,0,0,4.0,5,1227.0,0.51125,10,200,200,200,0,0,0,11710.0,0.0,11710.0,0.0,0.0,0,0,400,306,259,47,94,141,115307.0,341848.0,457155.0,67448.0,220.41830065359477,53,289,127017.0,341848.0,468865.0,600,0,400,800,600,600,459,141,0.255,146.9193899782135,67436.0,141,269.9520697167756,123908.0,breakdown,3,1800.0,600.0,2400.0,334,47,94,506,600,0,0
ramp_on_demand_4s,1:2,1200,0,0,0,0,0,4.0,9,1003.0,0.41791666666666666,7,200,200,200,0,0,0,11569.0,0.0,11569.0,0.0,0.0,0,0,400,305,258,47,95,142,115192.0,343978.0,459170.0,67990.0,222.91803278688525,53,289,126761.0,343978.0,470739.0,600,0,400,800,600,600,458,142,0.2544444444444444,148.42139737991266,67977.0,142,270.1943231441048,123749.0,breakdown,4,1800.0,600.0,2400.0,327,47,95,505,600,0,0
ramp_on_demand_4s,1:2,1200,0,0,0,0,0,4.0,5,1130.0,0.4708333333333333,21,200,200,200,0,0,0,11594.0,0.0,11594.0,0.0,0.0,0,0,400,309,264,45,91,136,114401.0,336486.0,450887.0,67312.0,217.83818770226537,53,287,125995.0,336486.0,462481.0,600,0,400,800,600,600,464,136,0.2577777777777778,145.04310344827587,67300.0,136,265.6163793103448,123246.0,breakdown,5,1800.0,600.0,2400.0,329,45,91,509,600,0,0
uncontrolled,1:3,1200,0,0,0,0,0,0.0,0,0.0,0.0,0,150,150,150,0,0,0,8788.0,0.0,8788.0,0.0,0.0,0,0,450,352,307,45,98,143,114758.0,353690.0,468448.0,58832.0,167.13636363636363,48,296,123546.0,353690.0,477236.0,600,0,300,900,600,600,457,143,0.2538888888888889,128.68927789934355,58811.0,143,264.34792122538295,120807.0,breakdown,1,1800.0,600.0,2400.0,338,45,98,502,600,0,0
uncontrolled,1:3,1200,0,0,0,0,0,0.0,0,0.0,0.0,0,150,150,150,0,0,0,8852.0,0.0,8852.0,0.0,0.0,0,0,450,342,296,46,108,154,115519.0,375612.0,491131.0,61090.0,178.62573099415204,50,308,124371.0,375612.0,499983.0,600,0,300,900,600,600,446,154,0.2477777777777778,136.92376681614348,61068.0,154,272.4013452914798,121491.0,breakdown,2,1800.0,600.0,2400.0,346,46,108,492,600,0,0
uncontrolled,1:3,1200,0,0,0,0,0,0.0,0,0.0,0.0,0,150,150,150,0,0,0,8742.0,0.0,8742.0,0.0,0.0,0,0,450,333,287,46,117,163,115498.0,381319.0,496817.0,61946.0,186.02402402402402,47,313,124240.0,381319.0,505559.0,600,0,300,900,600,600,437,163,0.2427777777777778,141.71853546910756,61931.0,163,277.60183066361554,121312.0,breakdown,3,1800.0,600.0,2400.0,352,46,117,483,600,0,0
uncontrolled,1:3,1200,0,0,0,0,0,0.0,0,0.0,0.0,0,150,150,150,0,0,0,8670.0,0.0,8670.0,0.0,0.0,0,0,450,339,294,45,111,156,114717.0,371223.0,485940.0,61951.0,182.7463126843658,47,307,123387.0,371223.0,494610.0,600,0,300,900,600,600,444,156,0.24666666666666667,139.49324324324326,61935.0,156,271.64639639639637,120611.0,breakdown,4,1800.0,600.0,2400.0,347,45,111,489,600,0,0
uncontrolled,1:3,1200,0,0,0,0,0,0.0,0,0.0,0.0,0,150,150,150,0,0,0,8785.0,0.0,8785.0,0.0,0.0,0,0,450,339,294,45,111,156,115163.0,373572.0,488735.0,61546.0,181.55162241887905,47,308,123948.0,373572.0,497520.0,600,0,300,900,600,600,444,156,0.24666666666666667,138.58333333333334,61531.0,156,273.1599099099099,121283.0,breakdown,5,1800.0,600.0,2400.0,346,45,111,489,600,0,0
cooperative_limited,1:3,1200,85,1,84,85,102,0.0,0,0.0,0.0,0,150,150,150,0,0,0,8908.0,0.0,8908.0,0.0,0.0,0,0,450,347,301,46,103,149,114823.0,362593.0,477416.0,60899.0,175.5014409221902,49,300,123731.0,362593.0,486324.0,600,0,300,900,600,600,451,149,0.25055555555555553,135.00443458980044,60887.0,149,267.9490022172949,120845.0,breakdown,1,1800.0,600.0,2400.0,342,46,103,497,600,0,0
cooperative_limited,1:3,1200,85,1,84,85,105,0.0,0,0.0,0.0,0,150,150,150,0,0,0,8976.0,0.0,8976.0,0.0,0.0,0,0,450,349,303,46,101,147,115451.0,363662.0,479113.0,61174.0,175.28366762177652,52,300,124427.0,363662.0,488089.0,600,0,300,900,600,600,453,147,0.25166666666666665,135.01103752759383,61160.0,147,268.3774834437086,121575.0,breakdown,2,1800.0,600.0,2400.0,336,46,101,499,600,0,0
cooperative_limited,1:3,1200,85,3,82,85,86,0.0,0,0.0,0.0,0,150,150,150,0,0,0,8886.0,0.0,8886.0,0.0,0.0,0,0,450,330,282,48,120,168,115631.0,384828.0,500459.0,63519.0,192.48181818181817,51,316,124517.0,384828.0,509345.0,600,0,300,900,600,600,432,168,0.24,146.9976851851852,63503.0,168,281.0138888888889,121398.0,breakdown,3,1800.0,600.0,2400.0,355,48,120,480,600,0,0
cooperative_limited,1:3,1200,85,1,84,85,103,0.0,0,0.0,0.0,0,150,150,150,0,0,0,8826.0,0.0,8826.0,0.0,0.0,0,0,450,347,300,47,103,150,114572.0,356778.0,471350.0,62217.0,179.29971181556195,51,300,123398.0,356778.0,480176.0,600,0,300,900,600,600,450,150,0.25,138.23111111111112,62204.0,150,267.88666666666666,120549.0,breakdown,4,1800.0,600.0,2400.0,344,47,103,497,600,0,0
cooperative_limited,1:3,1200,87,2,85,87,106,0.0,0,0.0,0.0,0,150,150,150,0,0,0,8904.0,0.0,8904.0,0.0,0.0,0,0,450,346,299,47,104,151,115172.0,366453.0,481625.0,61627.0,178.11271676300578,48,302,124076.0,366453.0,490529.0,600,0,300,900,600,600,449,151,0.24944444444444444,137.21826280623608,61611.0,151,269.83518930957683,121156.0,breakdown,5,1800.0,600.0,2400.0,339,47,104,496,600,0,0
ramp_fixed_4s,1:3,1200,0,0,0,0,0,4.0,0,0.0,0.0,232,150,150,150,0,0,0,8770.0,0.0,8770.0,0.0,0.0,0,0,450,265,221,44,185,229,113055.0,376071.0,489126.0,53210.0,200.79245283018867,43,296,121825.0,376071.0,497896.0,600,0,300,900,600,600,371,229,0.2061111111111111,143.3477088948787,53182.0,229,314.9191374663073,116835.0,breakdown,1,1800.0,600.0,2400.0,334,44,185,415,600,0,0
ramp_fixed_4s,1:3,1200,0,0,0,0,0,4.0,0,0.0,0.0,226,150,150,150,0,0,0,8861.0,0.0,8861.0,0.0,0.0,0,0,450,259,215,44,191,235,113290.0,388918.0,502208.0,56673.0,218.8146718146718,43,304,122151.0,388918.0,511069.0,600,0,300,900,600,600,365,235,0.20277777777777778,155.1917808219178,56645.0,235,322.27945205479455,117632.0,breakdown,2,1800.0,600.0,2400.0,338,44,191,409,600,0,0
ramp_fixed_4s,1:3,1200,0,0,0,0,0,4.0,0,0.0,0.0,218,150,150,150,0,0,0,8748.0,0.0,8748.0,0.0,0.0,0,0,450,250,205,45,200,245,113545.0,398406.0,511951.0,58090.0,232.36,47,311,122293.0,398406.0,520699.0,600,0,300,900,600,600,355,245,0.19722222222222222,163.55774647887324,58063.0,245,329.8197183098591,117086.0,breakdown,3,1800.0,600.0,2400.0,349,45,200,400,600,0,0
ramp_fixed_4s,1:3,1200,0,0,0,0,0,4.0,0,0.0,0.0,216,150,150,150,0,0,0,8661.0,0.0,8661.0,0.0,0.0,0,0,450,249,206,43,201,244,113443.0,395551.0,508994.0,57576.0,231.2289156626506,42,309,122104.0,395551.0,517655.0,600,0,300,900,600,600,356,244,0.19777777777777777,161.67696629213484,57557.0,244,329.6629213483146,117360.0,breakdown,4,1800.0,600.0,2400.0,345,43,201,399,600,0,0
ramp_fixed_4s,1:3,1200,0,0,0,0,0,4.0,0,0.0,0.0,215,150,150,150,0,0,0,8782.0,0.0,8782.0,0.0,0.0,0,0,450,247,204,43,203,246,113923.0,401565.0,515488.0,57866.0,234.2753036437247,43,311,122705.0,401565.0,524270.0,600,0,300,900,600,600,354,246,0.19666666666666666,163.40395480225988,57845.0,246,333.3305084745763,117999.0,breakdown,5,1800.0,600.0,2400.0,347,43,203,397,600,0,0
ramp_on_demand_4s,1:3,1200,0,0,0,0,0,4.0,10,1266.0,0.5275,17,150,150,150,0,0,0,8749.0,0.0,8749.0,0.0,0.0,0,0,450,343,297,46,107,153,114933.0,364283.0,479216.0,59791.0,174.31778425655978,46,305,123682.0,364283.0,487965.0,600,0,300,900,600,600,447,153,0.24833333333333332,133.73154362416108,59778.0,153,270.14317673378076,120754.0,breakdown,1,1800.0,600.0,2400.0,346,46,107,493,600,0,0
ramp_on_demand_4s,1:3,1200,0,0,0,0,0,4.0,6,1535.0,0.6395833333333333,36,150,150,150,0,0,0,8857.0,0.0,8857.0,0.0,0.0,0,0,450,343,297,46,107,153,115384.0,372441.0,487825.0,59607.0,173.78134110787173,51,307,124241.0,372441.0,496682.0,600,0,300,900,600,600,447,153,0.24833333333333332,133.30872483221478,59589.0,153,271.58165548098435,121397.0,breakdown,2,1800.0,600.0,2400.0,343,46,107,493,600,0,0
ramp_on_demand_4s,1:3,1200,0,0,0,0,0,4.0,7,1342.0,0.5591666666666667,6,150,150,150,0,0,0,8746.0,0.0,8746.0,0.0,0.0,0,0,450,334,288,46,116,162,115468.0,379845.0,495313.0,61237.0,183.3443113772455,45,311,124214.0,379845.0,504059.0,600,0,300,900,600,600,438,162,0.24333333333333335,139.76255707762556,61216.0,162,276.87899543378995,121273.0,breakdown,3,1800.0,600.0,2400.0,349,46,116,484,600,0,0
ramp_on_demand_4s,1:3,1200,0,0,0,0,0,4.0,6,1441.0,0.6004166666666667,14,150,150,150,0,0,0,8681.0,0.0,8681.0,0.0,0.0,0,0,450,343,298,45,107,152,114596.0,369533.0,484129.0,60825.0,177.33236151603498,46,305,123277.0,369533.0,492810.0,600,0,300,900,600,600,448,152,0.24888888888888888,135.72991071428572,60807.0,152,269.23214285714283,120616.0,breakdown,4,1800.0,600.0,2400.0,344,45,107,493,600,0,0
ramp_on_demand_4s,1:3,1200,0,0,0,0,0,4.0,9,1454.0,0.6058333333333333,0,150,150,150,0,0,0,8785.0,0.0,8785.0,0.0,0.0,0,0,450,339,294,45,111,156,115163.0,373572.0,488735.0,61546.0,181.55162241887905,47,308,123948.0,373572.0,497520.0,600,0,300,900,600,600,444,156,0.24666666666666667,138.58333333333334,61531.0,156,273.1599099099099,121283.0,breakdown,5,1800.0,600.0,2400.0,346,45,111,489,600,0,0
uncontrolled,1:4,1200,0,0,0,0,0,0.0,0,0.0,0.0,0,120,120,120,0,0,0,7040.0,0.0,7040.0,0.0,0.0,0,0,480,378,332,46,102,148,114333.0,361300.0,475633.0,55469.0,146.74338624338625,43,302,121373.0,361300.0,482673.0,600,0,240,960,600,600,452,148,0.2511111111111111,122.67477876106194,55449.0,148,262.3495575221239,118582.0,breakdown,1,1800.0,600.0,2400.0,336,46,102,498,600,0,0
uncontrolled,1:4,1200,0,0,0,0,0,0.0,0,0.0,0.0,0,120,120,120,0,0,0,7072.0,0.0,7072.0,0.0,0.0,0,0,480,377,332,45,103,148,114621.0,364089.0,478710.0,55486.0,147.17771883289126,42,305,121693.0,364089.0,485782.0,600,0,240,960,600,600,452,148,0.2511111111111111,122.69911504424779,55460.0,148,262.98230088495575,118868.0,breakdown,2,1800.0,600.0,2400.0,334,45,103,497,600,0,0
uncontrolled,1:4,1200,0,0,0,0,0,0.0,0,0.0,0.0,0,120,120,120,0,0,0,7102.0,0.0,7102.0,0.0,0.0,0,0,480,393,345,48,87,135,113902.0,344713.0,458615.0,51813.0,131.83969465648855,39,291,121004.0,344713.0,465717.0,600,0,240,960,600,600,465,135,0.25833333333333336,111.39139784946236,51797.0,135,253.6236559139785,117935.0,breakdown,3,1800.0,600.0,2400.0,321,48,87,513,600,0,0
uncontrolled,1:4,1200,0,0,0,0,0,0.0,0,0.0,0.0,0,120,120,120,0,0,0,6988.0,0.0,6988.0,0.0,0.0,0,0,480,381,335,46,99,145,113984.0,356048.0,470032.0,53598.0,140.6771653543307,42,300,120972.0,356048.0,477020.0,600,0,240,960,600,600,455,145,0.25277777777777777,117.77142857142857,53586.0,145,259.45274725274726,118051.0,breakdown,4,1800.0,600.0,2400.0,332,46,99,501,600,0,0
uncontrolled,1:4,1200,0,0,0,0,0,0.0,0,0.0,0.0,0,120,120,120,0,0,0,7051.0,0.0,7051.0,0.0,0.0,0,0,480,387,341,46,93,139,114304.0,353993.0,468297.0,53290.0,137.70025839793283,40,294,121355.0,353993.0,475348.0,600,0,240,960,600,600,461,139,0.2561111111111111,115.56832971800434,53277.0,139,256.9110629067245,118436.0,breakdown,5,1800.0,600.0,2400.0,325,46,93,507,600,0,0
cooperative_limited,1:4,1200,93,10,83,93,137,0.0,0,0.0,0.0,0,120,120,120,0,0,0,7223.0,0.0,7223.0,0.0,0.0,0,0,480,382,336,46,98,144,114507.0,359533.0,474040.0,55918.0,146.38219895287958,44,298,121730.0,359533.0,481263.0,600,0,240,960,600,600,456,144,0.25333333333333335,122.59868421052632,55905.0,144,260.82894736842104,118938.0,breakdown,1,1800.0,600.0,2400.0,337,46,98,502,600,0,0
cooperative_limited,1:4,1200,94,7,87,94,127,0.0,0,0.0,0.0,0,120,120,120,0,0,0,7208.0,0.0,7208.0,0.0,0.0,0,0,480,371,325,46,109,155,114864.0,370496.0,485360.0,57117.0,153.9541778975741,44,310,122072.0,370496.0,492568.0,600,0,240,960,600,600,445,155,0.24722222222222223,128.323595505618,57104.0,155,267.7730337078652,119159.0,breakdown,2,1800.0,600.0,2400.0,351,46,109,491,600,0,0
cooperative_limited,1:4,1200,93,9,84,93,128,0.0,0,0.0,0.0,0,120,120,120,0,0,0,7211.0,0.0,7211.0,0.0,0.0,0,0,480,375,329,46,105,151,114348.0,367758.0,482106.0,56417.0,150.44533333333334,44,304,121559.0,367758.0,489317.0,600,0,240,960,600,600,449,151,0.24944444444444444,125.61024498886414,56399.0,151,264.4632516703786,118744.0,breakdown,3,1800.0,600.0,2400.0,343,46,105,495,600,0,0
cooperative_limited,1:4,1200,91,6,85,91,132,0.0,0,0.0,0.0,0,120,120,120,0,0,0,7124.0,0.0,7124.0,0.0,0.0,0,0,480,387,342,45,93,138,113924.0,343651.0,457575.0,54238.0,140.1498708010336,43,294,121048.0,343651.0,464699.0,600,0,240,960,600,600,462,138,0.25666666666666665,117.36363636363636,54222.0,138,255.84415584415584,118200.0,breakdown,4,1800.0,600.0,2400.0,330,45,93,507,600,0,0
cooperative_limited,1:4,1200,92,10,82,92,134,0.0,0,0.0,0.0,0,120,120,120,0,0,0,7186.0,0.0,7186.0,0.0,0.0,0,0,480,381,335,46,99,145,114486.0,363320.0,477806.0,55697.0,146.18635170603673,44,301,121672.0,363320.0,484992.0,600,0,240,960,600,600,455,145,0.25277777777777777,122.36923076923077,55678.0,145,261.2241758241758,118857.0,breakdown,5,1800.0,600.0,2400.0,331,46,99,501,600,0,0
ramp_fixed_4s,1:4,1200,0,0,0,0,0,4.0,0,0.0,0.0,257,120,120,120,0,0,0,7049.0,0.0,7049.0,0.0,0.0,0,0,480,290,246,44,190,234,112889.0,386068.0,498957.0,47361.0,163.31379310344826,35,302,119938.0,386068.0,506006.0,600,0,240,960,600,600,366,234,0.20333333333333334,129.35245901639345,47343.0,234,314.275956284153,115025.0,breakdown,1,1800.0,600.0,2400.0,335,44,190,410,600,0,0
ramp_fixed_4s,1:4,1200,0,0,0,0,0,4.0,0,0.0,0.0,261,120,120,120,0,0,0,7070.0,0.0,7070.0,0.0,0.0,0,0,480,293,249,44,187,231,112575.0,380809.0,493384.0,46225.0,157.76450511945393,38,304,119645.0,380809.0,500454.0,600,0,240,960,600,600,369,231,0.205,125.21409214092141,46204.0,231,311.9024390243902,115092.0,breakdown,2,1800.0,600.0,2400.0,328,44,187,413,600,0,0
ramp_fixed_4s,1:4,1200,0,0,0,0,0,4.0,0,0.0,0.0,269,120,120,120,0,0,0,7097.0,0.0,7097.0,0.0,0.0,0,0,480,302,258,44,178,222,111801.0,370089.0,481890.0,43840.0,145.16556291390728,38,289,118898.0,370089.0,488987.0,600,0,240,960,600,600,378,222,0.21,115.91534391534391,43816.0,222,301.57936507936506,113997.0,breakdown,3,1800.0,600.0,2400.0,321,44,178,422,600,0,0
ramp_fixed_4s,1:4,1200,0,0,0,0,0,4.0,0,0.0,0.0,255,120,120,120,0,0,0,6985.0,0.0,6985.0,0.0,0.0,0,0,480,287,244,43,193,236,112279.0,390555.0,502834.0,48357.0,168.49128919860627,38,306,119264.0,390555.0,509819.0,600,0,240,960,600,600,364,236,0.20222222222222222,132.78296703296704,48333.0,236,315.44505494505495,114822.0,breakdown,4,1800.0,600.0,2400.0,337,43,193,407,600,0,0
ramp_fixed_4s,1:4,1200,0,0,0,0,0,4.0,0,0.0,0.0,266,120,120,120,0,0,0,7064.0,0.0,7064.0,0.0,0.0,0,0,480,298,255,43,182,225,112625.0,375416.0,488041.0,45160.0,151.54362416107384,38,293,119689.0,375416.0,495105.0,600,0,240,960,600,600,375,225,0.20833333333333334,120.34133333333334,45128.0,225,306.36,114885.0,breakdown,5,1800.0,600.0,2400.0,324,43,182,418,600,0,0
ramp_on_demand_4s,1:4,1200,0,0,0,0,0,4.0,9,1409.0,0.5870833333333333,24,120,120,120,0,0,0,7050.0,0.0,7050.0,0.0,0.0,0,0,480,390,344,46,90,136,113959.0,347022.0,460981.0,51603.0,132.3153846153846,41,290,121009.0,347022.0,468031.0,600,0,240,960,600,600,464,136,0.2577777777777778,111.1875,51591.0,136,254.51724137931035,118096.0,breakdown,1,1800.0,600.0,2400.0,327,46,90,510,600,0,0
ramp_on_demand_4s,1:4,1200,0,0,0,0,0,4.0,7,1346.0,0.5608333333333333,39,120,120,120,0,0,0,7072.0,0.0,7072.0,0.0,0.0,0,0,480,372,326,46,108,154,114583.0,373018.0,487601.0,53903.0,144.9005376344086,42,311,121655.0,373018.0,494673.0,600,0,240,960,600,600,446,154,0.2477777777777778,120.82959641255606,53890.0,154,266.39237668161434,118811.0,breakdown,2,1800.0,600.0,2400.0,341,46,108,492,600,0,0
ramp_on_demand_4s,1:4,1200,0,0,0,0,0,4.0,7,1503.0,0.62625,60,120,120,120,0,0,0,7121.0,0.0,7121.0,0.0,0.0,0,0,480,385,340,45,95,140,113749.0,350065.0,463814.0,50265.0,130.55844155844156,42,295,120870.0,350065.0,470935.0,600,0,240,960,600,600,460,140,0.25555555555555554,109.23478260869565,50248.0,140,256.9108695652174,118179.0,breakdown,3,1800.0,600.0,2400.0,330,45,95,505,600,0,0
ramp_on_demand_4s,1:4,1200,0,0,0,0,0,4.0,4,1135.0,0.47291666666666665,58,120,120,120,0,0,0,6993.0,0.0,6993.0,0.0,0.0,0,0,480,384,339,45,96,141,113928.0,358488.0,472416.0,50789.0,132.26302083333334,42,299,120921.0,358488.0,479409.0,600,0,240,960,600,600,459,141,0.255,110.61655773420479,50773.0,141,257.46187363834423,118175.0,breakdown,4,1800.0,600.0,2400.0,329,45,96,504,600,0,0
ramp_on_demand_4s,1:4,1200,0,0,0,0,0,4.0,5,1541.0,0.6420833333333333,50,120,120,120,0,0,0,7051.0,0.0,7051.0,0.0,0.0,0,0,480,384,337,47,96,143,114026.0,358380.0,472406.0,50219.0,130.77864583333334,40,296,121077.0,358380.0,479457.0,600,0,240,960,600,600,457,143,0.2538888888888889,109.84901531728666,50201.0,143,258.1816192560175,117989.0,breakdown,5,1800.0,600.0,2400.0,326,47,96,504,600,0,0
uncontrolled,1:5,1200,0,0,0,0,0,0.0,0,0.0,0.0,0,100,100,100,0,0,0,5954.0,0.0,5954.0,0.0,0.0,0,0,500,464,419,45,36,81,111613.0,262635.0,374248.0,37946.0,81.78017241379311,38,238,117567.0,262635.0,380202.0,600,0,200,1000,600,600,519,81,0.28833333333333333,73.07514450867052,37926.0,81,221.242774566474,114825.0,breakdown,1,1800.0,600.0,2400.0,270,45,36,564,600,0,0
uncontrolled,1:5,1200,0,0,0,0,0,0.0,0,0.0,0.0,0,100,100,100,0,0,0,5940.0,0.0,5940.0,0.0,0.0,0,0,500,452,406,46,48,94,113088.0,284933.0,398021.0,40996.0,90.69911504424779,37,250,119028.0,284933.0,403961.0,600,0,200,1000,600,600,506,94,0.2811111111111111,80.9802371541502,40976.0,94,229.50592885375494,116130.0,breakdown,2,1800.0,600.0,2400.0,279,46,48,552,600,0,0
uncontrolled,1:5,1200,0,0,0,0,0,0.0,0,0.0,0.0,0,100,100,100,0,0,0,5887.0,0.0,5887.0,0.0,0.0,0,0,500,456,406,50,44,94,112733.0,287283.0,400016.0,38133.0,83.625,38,250,118620.0,287283.0,405903.0,600,0,200,1000,600,600,506,94,0.2811111111111111,75.31422924901186,38109.0,94,227.75691699604744,115245.0,breakdown,3,1800.0,600.0,2400.0,270,50,44,556,600,0,0
uncontrolled,1:5,1200,0,0,0,0,0,0.0,0,0.0,0.0,0,100,100,100,0,0,0,5879.0,0.0,5879.0,0.0,0.0,0,0,500,470,424,46,30,76,112149.0,261927.0,374076.0,35916.0,76.41702127659575,34,238,118028.0,261927.0,379955.0,600,0,200,1000,600,600,524,76,0.2911111111111111,68.5057251908397,35897.0,76,219.8091603053435,115180.0,breakdown,4,1800.0,600.0,2400.0,265,46,30,570,600,0,0
uncontrolled,1:5,1200,0,0,0,0,0,0.0,0,0.0,0.0,0,100,100,100,0,0,0,5872.0,0.0,5872.0,0.0,0.0,0,0,500,446,402,44,54,98,113059.0,296756.0,409815.0,40141.0,90.00224215246637,37,260,118931.0,296756.0,415687.0,600,0,200,1000,600,600,502,98,0.2788888888888889,79.92430278884463,40122.0,98,231.5378486055777,116232.0,breakdown,5,1800.0,600.0,2400.0,281,44,54,546,600,0,0
cooperative_limited,1:5,1200,88,0,88,88,157,0.0,0,0.0,0.0,0,100,100,100,0,0,0,6075.0,0.0,6075.0,0.0,0.0,0,0,500,402,357,45,98,143,114176.0,356596.0,470772.0,52488.0,130.56716417910448,39,299,120251.0,356596.0,476847.0,600,0,200,1000,600,600,457,143,0.2538888888888889,114.81838074398249,52472.0,143,256.94529540481403,117424.0,breakdown,1,1800.0,600.0,2400.0,333,45,98,502,600,0,0
cooperative_limited,1:5,1200,90,0,90,90,152,0.0,0,0.0,0.0,0,100,100,100,0,0,0,6071.0,0.0,6071.0,0.0,0.0,0,0,500,400,353,47,100,147,114544.0,360480.0,475024.0,52791.0,131.9775,39,301,120615.0,360480.0,481095.0,600,0,200,1000,600,600,453,147,0.25166666666666665,116.50993377483444,52779.0,147,259.6909492273731,117640.0,breakdown,2,1800.0,600.0,2400.0,339,47,100,500,600,0,0
cooperative_limited,1:5,1200,89,0,89,89,152,0.0,0,0.0,0.0,0,100,100,100,0,0,0,6006.0,0.0,6006.0,0.0,0.0,0,0,500,402,356,46,98,144,114482.0,356324.0,470806.0,52509.0,130.61940298507463,39,298,120488.0,356324.0,476812.0,600,0,200,1000,600,600,456,144,0.25333333333333335,115.1140350877193,52492.0,144,257.8201754385965,117566.0,breakdown,3,1800.0,600.0,2400.0,334,46,98,502,600,0,0
cooperative_limited,1:5,1200,90,0,90,90,146,0.0,0,0.0,0.0,0,100,100,100,0,0,0,5970.0,0.0,5970.0,0.0,0.0,0,0,500,396,352,44,104,148,113960.0,364858.0,478818.0,53802.0,135.86363636363637,41,304,119930.0,364858.0,484788.0,600,0,200,1000,600,600,452,148,0.2511111111111111,118.99557522123894,53786.0,148,259.3893805309734,117244.0,breakdown,4,1800.0,600.0,2400.0,339,44,104,496,600,0,0
cooperative_limited,1:5,1200,89,0,89,89,156,0.0,0,0.0,0.0,0,100,100,100,0,0,0,5982.0,0.0,5982.0,0.0,0.0,0,0,500,400,354,46,100,146,114203.0,360684.0,474887.0,52383.0,130.9575,38,300,120185.0,360684.0,480869.0,600,0,200,1000,600,600,454,146,0.25222222222222224,115.34801762114537,52368.0,146,258.2180616740088,117231.0,breakdown,5,1800.0,600.0,2400.0,333,46,100,500,600,0,0
ramp_fixed_4s,1:5,1200,0,0,0,0,0,4.0,0,0.0,0.0,349,100,100,100,0,0,0,5955.0,0.0,5955.0,0.0,0.0,0,0,500,380,337,43,120,163,109539.0,287076.0,396615.0,24081.0,63.37105263157895,34,234,115494.0,287076.0,402570.0,600,0,200,1000,600,600,437,163,0.2427777777777778,55.05263157894737,24058.0,163,253.69565217391303,110865.0,breakdown,1,1800.0,600.0,2400.0,252,43,120,480,600,0,0
ramp_fixed_4s,1:5,1200,0,0,0,0,0,4.0,0,0.0,0.0,329,100,100,100,0,0,0,5940.0,0.0,5940.0,0.0,0.0,0,0,500,362,318,44,138,182,110427.0,308246.0,418673.0,28984.0,80.06629834254143,34,252,116367.0,308246.0,424613.0,600,0,200,1000,600,600,418,182,0.23222222222222222,69.26315789473684,28952.0,182,266.52153110047846,111406.0,breakdown,2,1800.0,600.0,2400.0,271,44,138,462,600,0,0
ramp_fixed_4s,1:5,1200,0,0,0,0,0,4.0,0,0.0,0.0,336,100,100,100,0,0,0,5889.0,0.0,5889.0,0.0,0.0,0,0,500,368,324,44,132,176,110251.0,313925.0,424176.0,27232.0,74.0,35,251,116140.0,313925.0,430065.0,600,0,200,1000,600,600,424,176,0.23555555555555555,64.15801886792453,27203.0,176,262.35849056603774,111240.0,breakdown,3,1800.0,600.0,2400.0,262,44,132,468,600,0,0
ramp_fixed_4s,1:5,1200,0,0,0,0,0,4.0,0,0.0,0.0,338,100,100,100,0,0,0,5887.0,0.0,5887.0,0.0,0.0,0,0,500,370,327,43,130,173,110277.0,306404.0,416681.0,25677.0,69.3972972972973,31,247,116164.0,306404.0,422568.0,600,0,200,1000,600,600,427,173,0.23722222222222222,60.06791569086651,25649.0,173,261.1592505854801,111515.0,breakdown,4,1800.0,600.0,2400.0,269,43,130,470,600,0,0
ramp_fixed_4s,1:5,1200,0,0,0,0,0,4.0,0,0.0,0.0,333,100,100,100,0,0,0,5878.0,0.0,5878.0,0.0,0.0,0,0,500,365,321,44,135,179,110231.0,310676.0,420907.0,27636.0,75.71506849315068,34,252,116109.0,310676.0,426785.0,600,0,200,1000,600,600,421,179,0.2338888888888889,65.59857482185274,27617.0,179,264.23277909738715,111242.0,breakdown,5,1800.0,600.0,2400.0,265,44,135,465,600,0,0
ramp_on_demand_4s,1:5,1200,0,0,0,0,0,4.0,6,1389.0,0.57875,72,100,100,100,0,0,0,5940.0,0.0,5940.0,0.0,0.0,0,0,500,459,413,46,41,87,111239.0,273844.0,385083.0,35478.0,77.29411764705883,37,244,117179.0,273844.0,391023.0,600,0,200,1000,600,600,513,87,0.285,69.13060428849903,35464.0,87,222.7037037037037,114247.0,breakdown,1,1800.0,600.0,2400.0,277,46,41,559,600,0,0
ramp_on_demand_4s,1:5,1200,0,0,0,0,0,4.0,6,1305.0,0.54375,74,100,100,100,0,0,0,5964.0,0.0,5964.0,0.0,0.0,0,0,500,456,410,46,44,90,112278.0,282526.0,394804.0,35440.0,77.71929824561404,38,247,118242.0,282526.0,400768.0,600,0,200,1000,600,600,510,90,0.2833333333333333,69.45098039215686,35420.0,90,226.02549019607844,115273.0,breakdown,2,1800.0,600.0,2400.0,267,46,44,556,600,0,0
ramp_on_demand_4s,1:5,1200,0,0,0,0,0,4.0,9,1190.0,0.49583333333333335,52,100,100,100,0,0,0,5866.0,0.0,5866.0,0.0,0.0,0,0,500,453,404,49,47,96,112498.0,290635.0,403133.0,35391.0,78.12582781456953,39,250,118364.0,290635.0,408999.0,600,0,200,1000,600,600,504,96,0.28,70.18452380952381,35373.0,96,228.26190476190476,115044.0,breakdown,3,1800.0,600.0,2400.0,271,49,47,553,600,0,0
ramp_on_demand_4s,1:5,1200,0,0,0,0,0,4.0,10,1404.0,0.585,59,100,100,100,0,0,0,5882.0,0.0,5882.0,0.0,0.0,0,0,500,470,424,46,30,76,111934.0,268563.0,380497.0,32777.0,69.73829787234042,35,238,117816.0,268563.0,386379.0,600,0,200,1000,600,600,524,76,0.2911111111111111,62.517175572519086,32759.0,76,219.5,115018.0,breakdown,4,1800.0,600.0,2400.0,265,46,30,570,600,0,0
ramp_on_demand_4s,1:5,1200,0,0,0,0,0,4.0,7,1191.0,0.49625,62,100,100,100,0,0,0,5867.0,0.0,5867.0,0.0,0.0,0,0,500,453,405,48,47,95,112552.0,287988.0,400540.0,35835.0,79.10596026490066,38,254,118419.0,287988.0,406407.0,600,0,200,1000,600,600,505,95,0.28055555555555556,70.92277227722772,35816.0,95,228.35643564356437,115320.0,breakdown,5,1800.0,600.0,2400.0,277,48,47,553,600,0,0
