strategy,total_demand_veh_h,demand_ratio,seed,metric,lower_is_better,uncontrolled_value,strategy_value,paired_delta
cooperative_limited,800,1:1,1,total_time_spent_s,True,172937.0,168802.0,-4135.0
cooperative_limited,800,1:1,1,network_time_spent_s,True,105972.0,105459.0,-513.0
cooperative_limited,800,1:1,1,insertion_wait_time_s,True,66965.0,63343.0,-3622.0
cooperative_limited,800,1:1,1,unfinished_vehicles,True,0.0,0.0,0.0
cooperative_limited,800,1:1,1,throughput_veh_h,False,800.0,800.0,0.0
ramp_fixed_4s,800,1:1,1,total_time_spent_s,True,172937.0,188115.0,15178.0
ramp_fixed_4s,800,1:1,1,network_time_spent_s,True,105972.0,113814.0,7842.0
ramp_fixed_4s,800,1:1,1,insertion_wait_time_s,True,66965.0,74301.0,7336.0
ramp_fixed_4s,800,1:1,1,unfinished_vehicles,True,0.0,20.0,20.0
ramp_fixed_4s,800,1:1,1,throughput_veh_h,False,800.0,760.0,-40.0
ramp_fixed_6s,800,1:1,1,total_time_spent_s,True,172937.0,195210.0,22273.0
ramp_fixed_6s,800,1:1,1,network_time_spent_s,True,105972.0,115041.0,9069.0
ramp_fixed_6s,800,1:1,1,insertion_wait_time_s,True,66965.0,80169.0,13204.0
ramp_fixed_6s,800,1:1,1,unfinished_vehicles,True,0.0,44.0,44.0
ramp_fixed_6s,800,1:1,1,throughput_veh_h,False,800.0,712.0,-88.0
ramp_fixed_8s,800,1:1,1,total_time_spent_s,True,172937.0,193418.0,20481.0
ramp_fixed_8s,800,1:1,1,network_time_spent_s,True,105972.0,114672.0,8700.0
ramp_fixed_8s,800,1:1,1,insertion_wait_time_s,True,66965.0,78746.0,11781.0
ramp_fixed_8s,800,1:1,1,unfinished_vehicles,True,0.0,59.0,59.0
ramp_fixed_8s,800,1:1,1,throughput_veh_h,False,800.0,682.0,-118.0
cooperative_limited,800,1:1,2,total_time_spent_s,True,163705.0,167010.0,3305.0
cooperative_limited,800,1:1,2,network_time_spent_s,True,104328.0,105615.0,1287.0
cooperative_limited,800,1:1,2,insertion_wait_time_s,True,59377.0,61395.0,2018.0
cooperative_limited,800,1:1,2,unfinished_vehicles,True,0.0,0.0,0.0
cooperative_limited,800,1:1,2,throughput_veh_h,False,800.0,800.0,0.0
ramp_fixed_4s,800,1:1,2,total_time_spent_s,True,163705.0,188356.0,24651.0
ramp_fixed_4s,800,1:1,2,network_time_spent_s,True,104328.0,114728.0,10400.0
ramp_fixed_4s,800,1:1,2,insertion_wait_time_s,True,59377.0,73628.0,14251.0
ramp_fixed_4s,800,1:1,2,unfinished_vehicles,True,0.0,19.0,19.0
ramp_fixed_4s,800,1:1,2,throughput_veh_h,False,800.0,762.0,-38.0
ramp_fixed_6s,800,1:1,2,total_time_spent_s,True,163705.0,193753.0,30048.0
ramp_fixed_6s,800,1:1,2,network_time_spent_s,True,104328.0,115955.0,11627.0
ramp_fixed_6s,800,1:1,2,insertion_wait_time_s,True,59377.0,77798.0,18421.0
ramp_fixed_6s,800,1:1,2,unfinished_vehicles,True,0.0,41.0,41.0
ramp_fixed_6s,800,1:1,2,throughput_veh_h,False,800.0,718.0,-82.0
ramp_fixed_8s,800,1:1,2,total_time_spent_s,True,163705.0,199473.0,35768.0
ramp_fixed_8s,800,1:1,2,network_time_spent_s,True,104328.0,115879.0,11551.0
ramp_fixed_8s,800,1:1,2,insertion_wait_time_s,True,59377.0,83594.0,24217.0
ramp_fixed_8s,800,1:1,2,unfinished_vehicles,True,0.0,64.0,64.0
ramp_fixed_8s,800,1:1,2,throughput_veh_h,False,800.0,672.0,-128.0
cooperative_limited,800,1:1,3,total_time_spent_s,True,160403.0,159374.0,-1029.0
cooperative_limited,800,1:1,3,network_time_spent_s,True,102745.0,102163.0,-582.0
cooperative_limited,800,1:1,3,insertion_wait_time_s,True,57658.0,57211.0,-447.0
cooperative_limited,800,1:1,3,unfinished_vehicles,True,0.0,0.0,0.0
cooperative_limited,800,1:1,3,throughput_veh_h,False,800.0,800.0,0.0
ramp_fixed_4s,800,1:1,3,total_time_spent_s,True,160403.0,189861.0,29458.0
ramp_fixed_4s,800,1:1,3,network_time_spent_s,True,102745.0,113253.0,10508.0
ramp_fixed_4s,800,1:1,3,insertion_wait_time_s,True,57658.0,76608.0,18950.0
ramp_fixed_4s,800,1:1,3,unfinished_vehicles,True,0.0,20.0,20.0
ramp_fixed_4s,800,1:1,3,throughput_veh_h,False,800.0,760.0,-40.0
ramp_fixed_6s,800,1:1,3,total_time_spent_s,True,160403.0,197562.0,37159.0
ramp_fixed_6s,800,1:1,3,network_time_spent_s,True,102745.0,114437.0,11692.0
ramp_fixed_6s,800,1:1,3,insertion_wait_time_s,True,57658.0,83125.0,25467.0
ramp_fixed_6s,800,1:1,3,unfinished_vehicles,True,0.0,45.0,45.0
ramp_fixed_6s,800,1:1,3,throughput_veh_h,False,800.0,710.0,-90.0
ramp_fixed_8s,800,1:1,3,total_time_spent_s,True,160403.0,200443.0,40040.0
ramp_fixed_8s,800,1:1,3,network_time_spent_s,True,102745.0,114252.0,11507.0
ramp_fixed_8s,800,1:1,3,insertion_wait_time_s,True,57658.0,86191.0,28533.0
ramp_fixed_8s,800,1:1,3,unfinished_vehicles,True,0.0,64.0,64.0
ramp_fixed_8s,800,1:1,3,throughput_veh_h,False,800.0,672.0,-128.0
cooperative_limited,800,1:1,4,total_time_spent_s,True,169416.0,177924.0,8508.0
cooperative_limited,800,1:1,4,network_time_spent_s,True,105460.0,107317.0,1857.0
cooperative_limited,800,1:1,4,insertion_wait_time_s,True,63956.0,70607.0,6651.0
cooperative_limited,800,1:1,4,unfinished_vehicles,True,0.0,0.0,0.0
cooperative_limited,800,1:1,4,throughput_veh_h,False,800.0,800.0,0.0
ramp_fixed_4s,800,1:1,4,total_time_spent_s,True,169416.0,189017.0,19601.0
ramp_fixed_4s,800,1:1,4,network_time_spent_s,True,105460.0,115300.0,9840.0
ramp_fixed_4s,800,1:1,4,insertion_wait_time_s,True,63956.0,73717.0,9761.0
ramp_fixed_4s,800,1:1,4,unfinished_vehicles,True,0.0,24.0,24.0
ramp_fixed_4s,800,1:1,4,throughput_veh_h,False,800.0,752.0,-48.0
ramp_fixed_6s,800,1:1,4,total_time_spent_s,True,169416.0,193722.0,24306.0
ramp_fixed_6s,800,1:1,4,network_time_spent_s,True,105460.0,116179.0,10719.0
ramp_fixed_6s,800,1:1,4,insertion_wait_time_s,True,63956.0,77543.0,13587.0
ramp_fixed_6s,800,1:1,4,unfinished_vehicles,True,0.0,42.0,42.0
ramp_fixed_6s,800,1:1,4,throughput_veh_h,False,800.0,716.0,-84.0
ramp_fixed_8s,800,1:1,4,total_time_spent_s,True,169416.0,199305.0,29889.0
ramp_fixed_8s,800,1:1,4,network_time_spent_s,True,105460.0,116094.0,10634.0
ramp_fixed_8s,800,1:1,4,insertion_wait_time_s,True,63956.0,83211.0,19255.0
ramp_fixed_8s,800,1:1,4,unfinished_vehicles,True,0.0,63.0,63.0
ramp_fixed_8s,800,1:1,4,throughput_veh_h,False,800.0,674.0,-126.0
cooperative_limited,800,1:1,5,total_time_spent_s,True,168145.0,166468.0,-1677.0
cooperative_limited,800,1:1,5,network_time_spent_s,True,105019.0,104866.0,-153.0
cooperative_limited,800,1:1,5,insertion_wait_time_s,True,63126.0,61602.0,-1524.0
cooperative_limited,800,1:1,5,unfinished_vehicles,True,0.0,0.0,0.0
cooperative_limited,800,1:1,5,throughput_veh_h,False,800.0,800.0,0.0
ramp_fixed_4s,800,1:1,5,total_time_spent_s,True,168145.0,191108.0,22963.0
ramp_fixed_4s,800,1:1,5,network_time_spent_s,True,105019.0,115673.0,10654.0
ramp_fixed_4s,800,1:1,5,insertion_wait_time_s,True,63126.0,75435.0,12309.0
ramp_fixed_4s,800,1:1,5,unfinished_vehicles,True,0.0,19.0,19.0
ramp_fixed_4s,800,1:1,5,throughput_veh_h,False,800.0,762.0,-38.0
ramp_fixed_6s,800,1:1,5,total_time_spent_s,True,168145.0,199943.0,31798.0
ramp_fixed_6s,800,1:1,5,network_time_spent_s,True,105019.0,117182.0,12163.0
ramp_fixed_6s,800,1:1,5,insertion_wait_time_s,True,63126.0,82761.0,19635.0
ramp_fixed_6s,800,1:1,5,unfinished_vehicles,True,0.0,43.0,43.0
ramp_fixed_6s,800,1:1,5,throughput_veh_h,False,800.0,714.0,-86.0
ramp_fixed_8s,800,1:1,5,total_time_spent_s,True,168145.0,205637.0,37492.0
ramp_fixed_8s,800,1:1,5,network_time_spent_s,True,105019.0,117090.0,12071.0
ramp_fixed_8s,800,1:1,5,insertion_wait_time_s,True,63126.0,88547.0,25421.0
ramp_fixed_8s,800,1:1,5,unfinished_vehicles,True,0.0,65.0,65.0
ramp_fixed_8s,800,1:1,5,throughput_veh_h,False,800.0,670.0,-130.0
cooperative_limited,800,1:2,1,total_time_spent_s,True,184512.0,195409.0,10897.0
cooperative_limited,800,1:2,1,network_time_spent_s,True,104801.0,106604.0,1803.0
cooperative_limited,800,1:2,1,insertion_wait_time_s,True,79711.0,88805.0,9094.0
cooperative_limited,800,1:2,1,unfinished_vehicles,True,0.0,0.0,0.0
cooperative_limited,800,1:2,1,throughput_veh_h,False,802.0,802.0,0.0
ramp_fixed_4s,800,1:2,1,total_time_spent_s,True,184512.0,199470.0,14958.0
ramp_fixed_4s,800,1:2,1,network_time_spent_s,True,104801.0,111145.0,6344.0
ramp_fixed_4s,800,1:2,1,insertion_wait_time_s,True,79711.0,88325.0,8614.0
ramp_fixed_4s,800,1:2,1,unfinished_vehicles,True,0.0,27.0,27.0
ramp_fixed_4s,800,1:2,1,throughput_veh_h,False,802.0,748.0,-54.0
ramp_fixed_6s,800,1:2,1,total_time_spent_s,True,184512.0,209142.0,24630.0
ramp_fixed_6s,800,1:2,1,network_time_spent_s,True,104801.0,111780.0,6979.0
ramp_fixed_6s,800,1:2,1,insertion_wait_time_s,True,79711.0,97362.0,17651.0
ramp_fixed_6s,800,1:2,1,unfinished_vehicles,True,0.0,52.0,52.0
ramp_fixed_6s,800,1:2,1,throughput_veh_h,False,802.0,698.0,-104.0
ramp_fixed_8s,800,1:2,1,total_time_spent_s,True,184512.0,237530.0,53018.0
ramp_fixed_8s,800,1:2,1,network_time_spent_s,True,104801.0,114088.0,9287.0
ramp_fixed_8s,800,1:2,1,insertion_wait_time_s,True,79711.0,123442.0,43731.0
ramp_fixed_8s,800,1:2,1,unfinished_vehicles,True,0.0,86.0,86.0
ramp_fixed_8s,800,1:2,1,throughput_veh_h,False,802.0,630.0,-172.0
cooperative_limited,800,1:2,2,total_time_spent_s,True,206789.0,196879.0,-9910.0
cooperative_limited,800,1:2,2,network_time_spent_s,True,109611.0,108673.0,-938.0
cooperative_limited,800,1:2,2,insertion_wait_time_s,True,97178.0,88206.0,-8972.0
cooperative_limited,800,1:2,2,unfinished_vehicles,True,0.0,0.0,0.0
cooperative_limited,800,1:2,2,throughput_veh_h,False,802.0,802.0,0.0
ramp_fixed_4s,800,1:2,2,total_time_spent_s,True,206789.0,199887.0,-6902.0
ramp_fixed_4s,800,1:2,2,network_time_spent_s,True,109611.0,111780.0,2169.0
ramp_fixed_4s,800,1:2,2,insertion_wait_time_s,True,97178.0,88107.0,-9071.0
ramp_fixed_4s,800,1:2,2,unfinished_vehicles,True,0.0,31.0,31.0
ramp_fixed_4s,800,1:2,2,throughput_veh_h,False,802.0,740.0,-62.0
ramp_fixed_6s,800,1:2,2,total_time_spent_s,True,206789.0,208912.0,2123.0
ramp_fixed_6s,800,1:2,2,network_time_spent_s,True,109611.0,112112.0,2501.0
ramp_fixed_6s,800,1:2,2,insertion_wait_time_s,True,97178.0,96800.0,-378.0
ramp_fixed_6s,800,1:2,2,unfinished_vehicles,True,0.0,54.0,54.0
ramp_fixed_6s,800,1:2,2,throughput_veh_h,False,802.0,694.0,-108.0
ramp_fixed_8s,800,1:2,2,total_time_spent_s,True,206789.0,218962.0,12173.0
ramp_fixed_8s,800,1:2,2,network_time_spent_s,True,109611.0,112730.0,3119.0
ramp_fixed_8s,800,1:2,2,insertion_wait_time_s,True,97178.0,106232.0,9054.0
ramp_fixed_8s,800,1:2,2,unfinished_vehicles,True,0.0,79.0,79.0
ramp_fixed_8s,800,1:2,2,throughput_veh_h,False,802.0,644.0,-158.0
cooperative_limited,800,1:2,3,total_time_spent_s,True,205910.0,197117.0,-8793.0
cooperative_limited,800,1:2,3,network_time_spent_s,True,108388.0,107113.0,-1275.0
cooperative_limited,800,1:2,3,insertion_wait_time_s,True,97522.0,90004.0,-7518.0
cooperative_limited,800,1:2,3,unfinished_vehicles,True,0.0,0.0,0.0
cooperative_limited,800,1:2,3,throughput_veh_h,False,802.0,802.0,0.0
ramp_fixed_4s,800,1:2,3,total_time_spent_s,True,205910.0,224257.0,18347.0
ramp_fixed_4s,800,1:2,3,network_time_spent_s,True,108388.0,114285.0,5897.0
ramp_fixed_4s,800,1:2,3,insertion_wait_time_s,True,97522.0,109972.0,12450.0
ramp_fixed_4s,800,1:2,3,unfinished_vehicles,True,0.0,48.0,48.0
ramp_fixed_4s,800,1:2,3,throughput_veh_h,False,802.0,706.0,-96.0
ramp_fixed_6s,800,1:2,3,total_time_spent_s,True,205910.0,237831.0,31921.0
ramp_fixed_6s,800,1:2,3,network_time_spent_s,True,108388.0,113977.0,5589.0
ramp_fixed_6s,800,1:2,3,insertion_wait_time_s,True,97522.0,123854.0,26332.0
ramp_fixed_6s,800,1:2,3,unfinished_vehicles,True,0.0,72.0,72.0
ramp_fixed_6s,800,1:2,3,throughput_veh_h,False,802.0,658.0,-144.0
ramp_fixed_8s,800,1:2,3,total_time_spent_s,True,205910.0,224952.0,19042.0
ramp_fixed_8s,800,1:2,3,network_time_spent_s,True,108388.0,113956.0,5568.0
ramp_fixed_8s,800,1:2,3,insertion_wait_time_s,True,97522.0,110996.0,13474.0
ramp_fixed_8s,800,1:2,3,unfinished_vehicles,True,0.0,78.0,78.0
ramp_fixed_8s,800,1:2,3,throughput_veh_h,False,802.0,646.0,-156.0
cooperative_limited,800,1:2,4,total_time_spent_s,True,198098.0,198572.0,474.0
cooperative_limited,800,1:2,4,network_time_spent_s,True,107472.0,107128.0,-344.0
cooperative_limited,800,1:2,4,insertion_wait_time_s,True,90626.0,91444.0,818.0
cooperative_limited,800,1:2,4,unfinished_vehicles,True,0.0,0.0,0.0
cooperative_limited,800,1:2,4,throughput_veh_h,False,802.0,802.0,0.0
ramp_fixed_4s,800,1:2,4,total_time_spent_s,True,198098.0,222986.0,24888.0
ramp_fixed_4s,800,1:2,4,network_time_spent_s,True,107472.0,114616.0,7144.0
ramp_fixed_4s,800,1:2,4,insertion_wait_time_s,True,90626.0,108370.0,17744.0
ramp_fixed_4s,800,1:2,4,unfinished_vehicles,True,0.0,44.0,44.0
ramp_fixed_4s,800,1:2,4,throughput_veh_h,False,802.0,714.0,-88.0
ramp_fixed_6s,800,1:2,4,total_time_spent_s,True,198098.0,223323.0,25225.0
ramp_fixed_6s,800,1:2,4,network_time_spent_s,True,107472.0,114205.0,6733.0
ramp_fixed_6s,800,1:2,4,insertion_wait_time_s,True,90626.0,109118.0,18492.0
ramp_fixed_6s,800,1:2,4,unfinished_vehicles,True,0.0,61.0,61.0
ramp_fixed_6s,800,1:2,4,throughput_veh_h,False,802.0,680.0,-122.0
ramp_fixed_8s,800,1:2,4,total_time_spent_s,True,198098.0,217812.0,19714.0
ramp_fixed_8s,800,1:2,4,network_time_spent_s,True,107472.0,111002.0,3530.0
ramp_fixed_8s,800,1:2,4,insertion_wait_time_s,True,90626.0,106810.0,16184.0
ramp_fixed_8s,800,1:2,4,unfinished_vehicles,True,0.0,80.0,80.0
ramp_fixed_8s,800,1:2,4,throughput_veh_h,False,802.0,642.0,-160.0
cooperative_limited,800,1:2,5,total_time_spent_s,True,190240.0,181346.0,-8894.0
cooperative_limited,800,1:2,5,network_time_spent_s,True,106392.0,104405.0,-1987.0
cooperative_limited,800,1:2,5,insertion_wait_time_s,True,83848.0,76941.0,-6907.0
cooperative_limited,800,1:2,5,unfinished_vehicles,True,0.0,0.0,0.0
cooperative_limited,800,1:2,5,throughput_veh_h,False,802.0,802.0,0.0
ramp_fixed_4s,800,1:2,5,total_time_spent_s,True,190240.0,179899.0,-10341.0
ramp_fixed_4s,800,1:2,5,network_time_spent_s,True,106392.0,105675.0,-717.0
ramp_fixed_4s,800,1:2,5,insertion_wait_time_s,True,83848.0,74224.0,-9624.0
ramp_fixed_4s,800,1:2,5,unfinished_vehicles,True,0.0,22.0,22.0
ramp_fixed_4s,800,1:2,5,throughput_veh_h,False,802.0,758.0,-44.0
ramp_fixed_6s,800,1:2,5,total_time_spent_s,True,190240.0,182299.0,-7941.0
ramp_fixed_6s,800,1:2,5,network_time_spent_s,True,106392.0,106380.0,-12.0
ramp_fixed_6s,800,1:2,5,insertion_wait_time_s,True,83848.0,75919.0,-7929.0
ramp_fixed_6s,800,1:2,5,unfinished_vehicles,True,0.0,40.0,40.0
ramp_fixed_6s,800,1:2,5,throughput_veh_h,False,802.0,722.0,-80.0
ramp_fixed_8s,800,1:2,5,total_time_spent_s,True,190240.0,216817.0,26577.0
ramp_fixed_8s,800,1:2,5,network_time_spent_s,True,106392.0,112425.0,6033.0
ramp_fixed_8s,800,1:2,5,insertion_wait_time_s,True,83848.0,104392.0,20544.0
ramp_fixed_8s,800,1:2,5,unfinished_vehicles,True,0.0,74.0,74.0
ramp_fixed_8s,800,1:2,5,throughput_veh_h,False,802.0,654.0,-148.0
cooperative_limited,800,1:3,1,total_time_spent_s,True,100346.0,179548.0,79202.0
cooperative_limited,800,1:3,1,network_time_spent_s,True,82632.0,101768.0,19136.0
cooperative_limited,800,1:3,1,insertion_wait_time_s,True,17714.0,77780.0,60066.0
cooperative_limited,800,1:3,1,unfinished_vehicles,True,0.0,0.0,0.0
cooperative_limited,800,1:3,1,throughput_veh_h,False,800.0,800.0,0.0
ramp_fixed_4s,800,1:3,1,total_time_spent_s,True,100346.0,88832.0,-11514.0
ramp_fixed_4s,800,1:3,1,network_time_spent_s,True,82632.0,78311.0,-4321.0
ramp_fixed_4s,800,1:3,1,insertion_wait_time_s,True,17714.0,10521.0,-7193.0
ramp_fixed_4s,800,1:3,1,unfinished_vehicles,True,0.0,0.0,0.0
ramp_fixed_4s,800,1:3,1,throughput_veh_h,False,800.0,800.0,0.0
ramp_fixed_6s,800,1:3,1,total_time_spent_s,True,100346.0,119111.0,18765.0
ramp_fixed_6s,800,1:3,1,network_time_spent_s,True,82632.0,94047.0,11415.0
ramp_fixed_6s,800,1:3,1,insertion_wait_time_s,True,17714.0,25064.0,7350.0
ramp_fixed_6s,800,1:3,1,unfinished_vehicles,True,0.0,0.0,0.0
ramp_fixed_6s,800,1:3,1,throughput_veh_h,False,800.0,800.0,0.0
ramp_fixed_8s,800,1:3,1,total_time_spent_s,True,100346.0,133429.0,33083.0
ramp_fixed_8s,800,1:3,1,network_time_spent_s,True,82632.0,98750.0,16118.0
ramp_fixed_8s,800,1:3,1,insertion_wait_time_s,True,17714.0,34679.0,16965.0
ramp_fixed_8s,800,1:3,1,unfinished_vehicles,True,0.0,17.0,17.0
ramp_fixed_8s,800,1:3,1,throughput_veh_h,False,800.0,766.0,-34.0
cooperative_limited,800,1:3,2,total_time_spent_s,True,114874.0,169422.0,54548.0
cooperative_limited,800,1:3,2,network_time_spent_s,True,85329.0,100135.0,14806.0
cooperative_limited,800,1:3,2,insertion_wait_time_s,True,29545.0,69287.0,39742.0
cooperative_limited,800,1:3,2,unfinished_vehicles,True,0.0,0.0,0.0
cooperative_limited,800,1:3,2,throughput_veh_h,False,800.0,800.0,0.0
ramp_fixed_4s,800,1:3,2,total_time_spent_s,True,114874.0,128569.0,13695.0
ramp_fixed_4s,800,1:3,2,network_time_spent_s,True,85329.0,91181.0,5852.0
ramp_fixed_4s,800,1:3,2,insertion_wait_time_s,True,29545.0,37388.0,7843.0
ramp_fixed_4s,800,1:3,2,unfinished_vehicles,True,0.0,0.0,0.0
ramp_fixed_4s,800,1:3,2,throughput_veh_h,False,800.0,800.0,0.0
ramp_fixed_6s,800,1:3,2,total_time_spent_s,True,114874.0,130841.0,15967.0
ramp_fixed_6s,800,1:3,2,network_time_spent_s,True,85329.0,95333.0,10004.0
ramp_fixed_6s,800,1:3,2,insertion_wait_time_s,True,29545.0,35508.0,5963.0
ramp_fixed_6s,800,1:3,2,unfinished_vehicles,True,0.0,0.0,0.0
ramp_fixed_6s,800,1:3,2,throughput_veh_h,False,800.0,800.0,0.0
ramp_fixed_8s,800,1:3,2,total_time_spent_s,True,114874.0,160052.0,45178.0
ramp_fixed_8s,800,1:3,2,network_time_spent_s,True,85329.0,103513.0,18184.0
ramp_fixed_8s,800,1:3,2,insertion_wait_time_s,True,29545.0,56539.0,26994.0
ramp_fixed_8s,800,1:3,2,unfinished_vehicles,True,0.0,36.0,36.0
ramp_fixed_8s,800,1:3,2,throughput_veh_h,False,800.0,728.0,-72.0
cooperative_limited,800,1:3,3,total_time_spent_s,True,115075.0,174893.0,59818.0
cooperative_limited,800,1:3,3,network_time_spent_s,True,88464.0,101559.0,13095.0
cooperative_limited,800,1:3,3,insertion_wait_time_s,True,26611.0,73334.0,46723.0
cooperative_limited,800,1:3,3,unfinished_vehicles,True,0.0,0.0,0.0
cooperative_limited,800,1:3,3,throughput_veh_h,False,800.0,800.0,0.0
ramp_fixed_4s,800,1:3,3,total_time_spent_s,True,115075.0,120605.0,5530.0
ramp_fixed_4s,800,1:3,3,network_time_spent_s,True,88464.0,92145.0,3681.0
ramp_fixed_4s,800,1:3,3,insertion_wait_time_s,True,26611.0,28460.0,1849.0
ramp_fixed_4s,800,1:3,3,unfinished_vehicles,True,0.0,0.0,0.0
ramp_fixed_4s,800,1:3,3,throughput_veh_h,False,800.0,800.0,0.0
ramp_fixed_6s,800,1:3,3,total_time_spent_s,True,115075.0,129771.0,14696.0
ramp_fixed_6s,800,1:3,3,network_time_spent_s,True,88464.0,97665.0,9201.0
ramp_fixed_6s,800,1:3,3,insertion_wait_time_s,True,26611.0,32106.0,5495.0
ramp_fixed_6s,800,1:3,3,unfinished_vehicles,True,0.0,0.0,0.0
ramp_fixed_6s,800,1:3,3,throughput_veh_h,False,800.0,800.0,0.0
ramp_fixed_8s,800,1:3,3,total_time_spent_s,True,115075.0,141383.0,26308.0
ramp_fixed_8s,800,1:3,3,network_time_spent_s,True,88464.0,99797.0,11333.0
ramp_fixed_8s,800,1:3,3,insertion_wait_time_s,True,26611.0,41586.0,14975.0
ramp_fixed_8s,800,1:3,3,unfinished_vehicles,True,0.0,20.0,20.0
ramp_fixed_8s,800,1:3,3,throughput_veh_h,False,800.0,760.0,-40.0
cooperative_limited,800,1:3,4,total_time_spent_s,True,120820.0,192755.0,71935.0
cooperative_limited,800,1:3,4,network_time_spent_s,True,91693.0,103520.0,11827.0
cooperative_limited,800,1:3,4,insertion_wait_time_s,True,29127.0,89235.0,60108.0
cooperative_limited,800,1:3,4,unfinished_vehicles,True,0.0,0.0,0.0
cooperative_limited,800,1:3,4,throughput_veh_h,False,800.0,800.0,0.0
ramp_fixed_4s,800,1:3,4,total_time_spent_s,True,120820.0,132134.0,11314.0
ramp_fixed_4s,800,1:3,4,network_time_spent_s,True,91693.0,97313.0,5620.0
ramp_fixed_4s,800,1:3,4,insertion_wait_time_s,True,29127.0,34821.0,5694.0
ramp_fixed_4s,800,1:3,4,unfinished_vehicles,True,0.0,0.0,0.0
ramp_fixed_4s,800,1:3,4,throughput_veh_h,False,800.0,800.0,0.0
ramp_fixed_6s,800,1:3,4,total_time_spent_s,True,120820.0,131016.0,10196.0
ramp_fixed_6s,800,1:3,4,network_time_spent_s,True,91693.0,97908.0,6215.0
ramp_fixed_6s,800,1:3,4,insertion_wait_time_s,True,29127.0,33108.0,3981.0
ramp_fixed_6s,800,1:3,4,unfinished_vehicles,True,0.0,0.0,0.0
ramp_fixed_6s,800,1:3,4,throughput_veh_h,False,800.0,800.0,0.0
ramp_fixed_8s,800,1:3,4,total_time_spent_s,True,120820.0,136503.0,15683.0
ramp_fixed_8s,800,1:3,4,network_time_spent_s,True,91693.0,99709.0,8016.0
ramp_fixed_8s,800,1:3,4,insertion_wait_time_s,True,29127.0,36794.0,7667.0
ramp_fixed_8s,800,1:3,4,unfinished_vehicles,True,0.0,18.0,18.0
ramp_fixed_8s,800,1:3,4,throughput_veh_h,False,800.0,764.0,-36.0
cooperative_limited,800,1:3,5,total_time_spent_s,True,127964.0,170220.0,42256.0
cooperative_limited,800,1:3,5,network_time_spent_s,True,90469.0,100882.0,10413.0
cooperative_limited,800,1:3,5,insertion_wait_time_s,True,37495.0,69338.0,31843.0
cooperative_limited,800,1:3,5,unfinished_vehicles,True,0.0,0.0,0.0
cooperative_limited,800,1:3,5,throughput_veh_h,False,800.0,800.0,0.0
ramp_fixed_4s,800,1:3,5,total_time_spent_s,True,127964.0,109658.0,-18306.0
ramp_fixed_4s,800,1:3,5,network_time_spent_s,True,90469.0,86172.0,-4297.0
ramp_fixed_4s,800,1:3,5,insertion_wait_time_s,True,37495.0,23486.0,-14009.0
ramp_fixed_4s,800,1:3,5,unfinished_vehicles,True,0.0,0.0,0.0
ramp_fixed_4s,800,1:3,5,throughput_veh_h,False,800.0,800.0,0.0
ramp_fixed_6s,800,1:3,5,total_time_spent_s,True,127964.0,131450.0,3486.0
ramp_fixed_6s,800,1:3,5,network_time_spent_s,True,90469.0,96267.0,5798.0
ramp_fixed_6s,800,1:3,5,insertion_wait_time_s,True,37495.0,35183.0,-2312.0
ramp_fixed_6s,800,1:3,5,unfinished_vehicles,True,0.0,3.0,3.0
ramp_fixed_6s,800,1:3,5,throughput_veh_h,False,800.0,794.0,-6.0
ramp_fixed_8s,800,1:3,5,total_time_spent_s,True,127964.0,130835.0,2871.0
ramp_fixed_8s,800,1:3,5,network_time_spent_s,True,90469.0,96286.0,5817.0
ramp_fixed_8s,800,1:3,5,insertion_wait_time_s,True,37495.0,34549.0,-2946.0
ramp_fixed_8s,800,1:3,5,unfinished_vehicles,True,0.0,15.0,15.0
ramp_fixed_8s,800,1:3,5,throughput_veh_h,False,800.0,770.0,-30.0
cooperative_limited,800,1:4,1,total_time_spent_s,True,25288.0,25288.0,0.0
cooperative_limited,800,1:4,1,network_time_spent_s,True,25288.0,25288.0,0.0
cooperative_limited,800,1:4,1,insertion_wait_time_s,True,0.0,0.0,0.0
cooperative_limited,800,1:4,1,unfinished_vehicles,True,0.0,0.0,0.0
cooperative_limited,800,1:4,1,throughput_veh_h,False,800.0,800.0,0.0
ramp_fixed_4s,800,1:4,1,total_time_spent_s,True,25288.0,28034.0,2746.0
ramp_fixed_4s,800,1:4,1,network_time_spent_s,True,25288.0,28034.0,2746.0
ramp_fixed_4s,800,1:4,1,insertion_wait_time_s,True,0.0,0.0,0.0
ramp_fixed_4s,800,1:4,1,unfinished_vehicles,True,0.0,0.0,0.0
ramp_fixed_4s,800,1:4,1,throughput_veh_h,False,800.0,800.0,0.0
ramp_fixed_6s,800,1:4,1,total_time_spent_s,True,25288.0,47520.0,22232.0
ramp_fixed_6s,800,1:4,1,network_time_spent_s,True,25288.0,47520.0,22232.0
ramp_fixed_6s,800,1:4,1,insertion_wait_time_s,True,0.0,0.0,0.0
ramp_fixed_6s,800,1:4,1,unfinished_vehicles,True,0.0,0.0,0.0
ramp_fixed_6s,800,1:4,1,throughput_veh_h,False,800.0,800.0,0.0
ramp_fixed_8s,800,1:4,1,total_time_spent_s,True,25288.0,145654.0,120366.0
ramp_fixed_8s,800,1:4,1,network_time_spent_s,True,25288.0,96384.0,71096.0
ramp_fixed_8s,800,1:4,1,insertion_wait_time_s,True,0.0,49270.0,49270.0
ramp_fixed_8s,800,1:4,1,unfinished_vehicles,True,0.0,28.0,28.0
ramp_fixed_8s,800,1:4,1,throughput_veh_h,False,800.0,744.0,-56.0
cooperative_limited,800,1:4,2,total_time_spent_s,True,25380.0,25380.0,0.0
cooperative_limited,800,1:4,2,network_time_spent_s,True,25380.0,25380.0,0.0
cooperative_limited,800,1:4,2,insertion_wait_time_s,True,0.0,0.0,0.0
cooperative_limited,800,1:4,2,unfinished_vehicles,True,0.0,0.0,0.0
cooperative_limited,800,1:4,2,throughput_veh_h,False,800.0,800.0,0.0
ramp_fixed_4s,800,1:4,2,total_time_spent_s,True,25380.0,28369.0,2989.0
ramp_fixed_4s,800,1:4,2,network_time_spent_s,True,25380.0,28369.0,2989.0
ramp_fixed_4s,800,1:4,2,insertion_wait_time_s,True,0.0,0.0,0.0
ramp_fixed_4s,800,1:4,2,unfinished_vehicles,True,0.0,0.0,0.0
ramp_fixed_4s,800,1:4,2,throughput_veh_h,False,800.0,800.0,0.0
ramp_fixed_6s,800,1:4,2,total_time_spent_s,True,25380.0,48088.0,22708.0
ramp_fixed_6s,800,1:4,2,network_time_spent_s,True,25380.0,48088.0,22708.0
ramp_fixed_6s,800,1:4,2,insertion_wait_time_s,True,0.0,0.0,0.0
ramp_fixed_6s,800,1:4,2,unfinished_vehicles,True,0.0,0.0,0.0
ramp_fixed_6s,800,1:4,2,throughput_veh_h,False,800.0,800.0,0.0
ramp_fixed_8s,800,1:4,2,total_time_spent_s,True,25380.0,145797.0,120417.0
ramp_fixed_8s,800,1:4,2,network_time_spent_s,True,25380.0,96568.0,71188.0
ramp_fixed_8s,800,1:4,2,insertion_wait_time_s,True,0.0,49229.0,49229.0
ramp_fixed_8s,800,1:4,2,unfinished_vehicles,True,0.0,28.0,28.0
ramp_fixed_8s,800,1:4,2,throughput_veh_h,False,800.0,744.0,-56.0
cooperative_limited,800,1:4,3,total_time_spent_s,True,25476.0,25476.0,0.0
cooperative_limited,800,1:4,3,network_time_spent_s,True,25476.0,25476.0,0.0
cooperative_limited,800,1:4,3,insertion_wait_time_s,True,0.0,0.0,0.0
cooperative_limited,800,1:4,3,unfinished_vehicles,True,0.0,0.0,0.0
cooperative_limited,800,1:4,3,throughput_veh_h,False,800.0,800.0,0.0
ramp_fixed_4s,800,1:4,3,total_time_spent_s,True,25476.0,28247.0,2771.0
ramp_fixed_4s,800,1:4,3,network_time_spent_s,True,25476.0,28247.0,2771.0
ramp_fixed_4s,800,1:4,3,insertion_wait_time_s,True,0.0,0.0,0.0
ramp_fixed_4s,800,1:4,3,unfinished_vehicles,True,0.0,0.0,0.0
ramp_fixed_4s,800,1:4,3,throughput_veh_h,False,800.0,800.0,0.0
ramp_fixed_6s,800,1:4,3,total_time_spent_s,True,25476.0,48082.0,22606.0
ramp_fixed_6s,800,1:4,3,network_time_spent_s,True,25476.0,48082.0,22606.0
ramp_fixed_6s,800,1:4,3,insertion_wait_time_s,True,0.0,0.0,0.0
ramp_fixed_6s,800,1:4,3,unfinished_vehicles,True,0.0,0.0,0.0
ramp_fixed_6s,800,1:4,3,throughput_veh_h,False,800.0,800.0,0.0
ramp_fixed_8s,800,1:4,3,total_time_spent_s,True,25476.0,145214.0,119738.0
ramp_fixed_8s,800,1:4,3,network_time_spent_s,True,25476.0,96388.0,70912.0
ramp_fixed_8s,800,1:4,3,insertion_wait_time_s,True,0.0,48826.0,48826.0
ramp_fixed_8s,800,1:4,3,unfinished_vehicles,True,0.0,28.0,28.0
ramp_fixed_8s,800,1:4,3,throughput_veh_h,False,800.0,744.0,-56.0
cooperative_limited,800,1:4,4,total_time_spent_s,True,25178.0,25178.0,0.0
cooperative_limited,800,1:4,4,network_time_spent_s,True,25178.0,25178.0,0.0
cooperative_limited,800,1:4,4,insertion_wait_time_s,True,0.0,0.0,0.0
cooperative_limited,800,1:4,4,unfinished_vehicles,True,0.0,0.0,0.0
cooperative_limited,800,1:4,4,throughput_veh_h,False,800.0,800.0,0.0
ramp_fixed_4s,800,1:4,4,total_time_spent_s,True,25178.0,28133.0,2955.0
ramp_fixed_4s,800,1:4,4,network_time_spent_s,True,25178.0,28133.0,2955.0
ramp_fixed_4s,800,1:4,4,insertion_wait_time_s,True,0.0,0.0,0.0
ramp_fixed_4s,800,1:4,4,unfinished_vehicles,True,0.0,0.0,0.0
ramp_fixed_4s,800,1:4,4,throughput_veh_h,False,800.0,800.0,0.0
ramp_fixed_6s,800,1:4,4,total_time_spent_s,True,25178.0,46989.0,21811.0
ramp_fixed_6s,800,1:4,4,network_time_spent_s,True,25178.0,46989.0,21811.0
ramp_fixed_6s,800,1:4,4,insertion_wait_time_s,True,0.0,0.0,0.0
ramp_fixed_6s,800,1:4,4,unfinished_vehicles,True,0.0,0.0,0.0
ramp_fixed_6s,800,1:4,4,throughput_veh_h,False,800.0,800.0,0.0
ramp_fixed_8s,800,1:4,4,total_time_spent_s,True,25178.0,144839.0,119661.0
ramp_fixed_8s,800,1:4,4,network_time_spent_s,True,25178.0,96227.0,71049.0
ramp_fixed_8s,800,1:4,4,insertion_wait_time_s,True,0.0,48612.0,48612.0
ramp_fixed_8s,800,1:4,4,unfinished_vehicles,True,0.0,28.0,28.0
ramp_fixed_8s,800,1:4,4,throughput_veh_h,False,800.0,744.0,-56.0
cooperative_limited,800,1:4,5,total_time_spent_s,True,25337.0,25337.0,0.0
cooperative_limited,800,1:4,5,network_time_spent_s,True,25337.0,25337.0,0.0
cooperative_limited,800,1:4,5,insertion_wait_time_s,True,0.0,0.0,0.0
cooperative_limited,800,1:4,5,unfinished_vehicles,True,0.0,0.0,0.0
cooperative_limited,800,1:4,5,throughput_veh_h,False,800.0,800.0,0.0
ramp_fixed_4s,800,1:4,5,total_time_spent_s,True,25337.0,28315.0,2978.0
ramp_fixed_4s,800,1:4,5,network_time_spent_s,True,25337.0,28315.0,2978.0
ramp_fixed_4s,800,1:4,5,insertion_wait_time_s,True,0.0,0.0,0.0
ramp_fixed_4s,800,1:4,5,unfinished_vehicles,True,0.0,0.0,0.0
ramp_fixed_4s,800,1:4,5,throughput_veh_h,False,800.0,800.0,0.0
ramp_fixed_6s,800,1:4,5,total_time_spent_s,True,25337.0,47610.0,22273.0
ramp_fixed_6s,800,1:4,5,network_time_spent_s,True,25337.0,47610.0,22273.0
ramp_fixed_6s,800,1:4,5,insertion_wait_time_s,True,0.0,0.0,0.0
ramp_fixed_6s,800,1:4,5,unfinished_vehicles,True,0.0,0.0,0.0
ramp_fixed_6s,800,1:4,5,throughput_veh_h,False,800.0,800.0,0.0
ramp_fixed_8s,800,1:4,5,total_time_spent_s,True,25337.0,145752.0,120415.0
ramp_fixed_8s,800,1:4,5,network_time_spent_s,True,25337.0,96526.0,71189.0
ramp_fixed_8s,800,1:4,5,insertion_wait_time_s,True,0.0,49226.0,49226.0
ramp_fixed_8s,800,1:4,5,unfinished_vehicles,True,0.0,28.0,28.0
ramp_fixed_8s,800,1:4,5,throughput_veh_h,False,800.0,744.0,-56.0
cooperative_limited,800,1:5,1,total_time_spent_s,True,25446.0,25446.0,0.0
cooperative_limited,800,1:5,1,network_time_spent_s,True,25446.0,25446.0,0.0
cooperative_limited,800,1:5,1,insertion_wait_time_s,True,0.0,0.0,0.0
cooperative_limited,800,1:5,1,unfinished_vehicles,True,0.0,0.0,0.0
cooperative_limited,800,1:5,1,throughput_veh_h,False,802.0,802.0,0.0
ramp_fixed_4s,800,1:5,1,total_time_spent_s,True,25446.0,28380.0,2934.0
ramp_fixed_4s,800,1:5,1,network_time_spent_s,True,25446.0,28380.0,2934.0
ramp_fixed_4s,800,1:5,1,insertion_wait_time_s,True,0.0,0.0,0.0
ramp_fixed_4s,800,1:5,1,unfinished_vehicles,True,0.0,0.0,0.0
ramp_fixed_4s,800,1:5,1,throughput_veh_h,False,802.0,802.0,0.0
ramp_fixed_6s,800,1:5,1,total_time_spent_s,True,25446.0,62186.0,36740.0
ramp_fixed_6s,800,1:5,1,network_time_spent_s,True,25446.0,61950.0,36504.0
ramp_fixed_6s,800,1:5,1,insertion_wait_time_s,True,0.0,236.0,236.0
ramp_fixed_6s,800,1:5,1,unfinished_vehicles,True,0.0,0.0,0.0
ramp_fixed_6s,800,1:5,1,throughput_veh_h,False,802.0,802.0,0.0
ramp_fixed_8s,800,1:5,1,total_time_spent_s,True,25446.0,165107.0,139661.0
ramp_fixed_8s,800,1:5,1,network_time_spent_s,True,25446.0,97802.0,72356.0
ramp_fixed_8s,800,1:5,1,insertion_wait_time_s,True,0.0,67305.0,67305.0
ramp_fixed_8s,800,1:5,1,unfinished_vehicles,True,0.0,43.0,43.0
ramp_fixed_8s,800,1:5,1,throughput_veh_h,False,802.0,716.0,-86.0
cooperative_limited,800,1:5,2,total_time_spent_s,True,25618.0,25618.0,0.0
cooperative_limited,800,1:5,2,network_time_spent_s,True,25618.0,25618.0,0.0
cooperative_limited,800,1:5,2,insertion_wait_time_s,True,0.0,0.0,0.0
cooperative_limited,800,1:5,2,unfinished_vehicles,True,0.0,0.0,0.0
cooperative_limited,800,1:5,2,throughput_veh_h,False,802.0,802.0,0.0
ramp_fixed_4s,800,1:5,2,total_time_spent_s,True,25618.0,28399.0,2781.0
ramp_fixed_4s,800,1:5,2,network_time_spent_s,True,25618.0,28399.0,2781.0
ramp_fixed_4s,800,1:5,2,insertion_wait_time_s,True,0.0,0.0,0.0
ramp_fixed_4s,800,1:5,2,unfinished_vehicles,True,0.0,0.0,0.0
ramp_fixed_4s,800,1:5,2,throughput_veh_h,False,802.0,802.0,0.0
ramp_fixed_6s,800,1:5,2,total_time_spent_s,True,25618.0,63612.0,37994.0
ramp_fixed_6s,800,1:5,2,network_time_spent_s,True,25618.0,63292.0,37674.0
ramp_fixed_6s,800,1:5,2,insertion_wait_time_s,True,0.0,320.0,320.0
ramp_fixed_6s,800,1:5,2,unfinished_vehicles,True,0.0,0.0,0.0
ramp_fixed_6s,800,1:5,2,throughput_veh_h,False,802.0,802.0,0.0
ramp_fixed_8s,800,1:5,2,total_time_spent_s,True,25618.0,165823.0,140205.0
ramp_fixed_8s,800,1:5,2,network_time_spent_s,True,25618.0,98088.0,72470.0
ramp_fixed_8s,800,1:5,2,insertion_wait_time_s,True,0.0,67735.0,67735.0
ramp_fixed_8s,800,1:5,2,unfinished_vehicles,True,0.0,42.0,42.0
ramp_fixed_8s,800,1:5,2,throughput_veh_h,False,802.0,718.0,-84.0
cooperative_limited,800,1:5,3,total_time_spent_s,True,25548.0,25548.0,0.0
cooperative_limited,800,1:5,3,network_time_spent_s,True,25548.0,25548.0,0.0
cooperative_limited,800,1:5,3,insertion_wait_time_s,True,0.0,0.0,0.0
cooperative_limited,800,1:5,3,unfinished_vehicles,True,0.0,0.0,0.0
cooperative_limited,800,1:5,3,throughput_veh_h,False,802.0,802.0,0.0
ramp_fixed_4s,800,1:5,3,total_time_spent_s,True,25548.0,28442.0,2894.0
ramp_fixed_4s,800,1:5,3,network_time_spent_s,True,25548.0,28442.0,2894.0
ramp_fixed_4s,800,1:5,3,insertion_wait_time_s,True,0.0,0.0,0.0
ramp_fixed_4s,800,1:5,3,unfinished_vehicles,True,0.0,0.0,0.0
ramp_fixed_4s,800,1:5,3,throughput_veh_h,False,802.0,802.0,0.0
ramp_fixed_6s,800,1:5,3,total_time_spent_s,True,25548.0,61909.0,36361.0
ramp_fixed_6s,800,1:5,3,network_time_spent_s,True,25548.0,61752.0,36204.0
ramp_fixed_6s,800,1:5,3,insertion_wait_time_s,True,0.0,157.0,157.0
ramp_fixed_6s,800,1:5,3,unfinished_vehicles,True,0.0,0.0,0.0
ramp_fixed_6s,800,1:5,3,throughput_veh_h,False,802.0,802.0,0.0
ramp_fixed_8s,800,1:5,3,total_time_spent_s,True,25548.0,164925.0,139377.0
ramp_fixed_8s,800,1:5,3,network_time_spent_s,True,25548.0,97850.0,72302.0
ramp_fixed_8s,800,1:5,3,insertion_wait_time_s,True,0.0,67075.0,67075.0
ramp_fixed_8s,800,1:5,3,unfinished_vehicles,True,0.0,42.0,42.0
ramp_fixed_8s,800,1:5,3,throughput_veh_h,False,802.0,718.0,-84.0
cooperative_limited,800,1:5,4,total_time_spent_s,True,25331.0,25331.0,0.0
cooperative_limited,800,1:5,4,network_time_spent_s,True,25331.0,25331.0,0.0
cooperative_limited,800,1:5,4,insertion_wait_time_s,True,0.0,0.0,0.0
cooperative_limited,800,1:5,4,unfinished_vehicles,True,0.0,0.0,0.0
cooperative_limited,800,1:5,4,throughput_veh_h,False,802.0,802.0,0.0
ramp_fixed_4s,800,1:5,4,total_time_spent_s,True,25331.0,28096.0,2765.0
ramp_fixed_4s,800,1:5,4,network_time_spent_s,True,25331.0,28096.0,2765.0
ramp_fixed_4s,800,1:5,4,insertion_wait_time_s,True,0.0,0.0,0.0
ramp_fixed_4s,800,1:5,4,unfinished_vehicles,True,0.0,0.0,0.0
ramp_fixed_4s,800,1:5,4,throughput_veh_h,False,802.0,802.0,0.0
ramp_fixed_6s,800,1:5,4,total_time_spent_s,True,25331.0,61300.0,35969.0
ramp_fixed_6s,800,1:5,4,network_time_spent_s,True,25331.0,61162.0,35831.0
ramp_fixed_6s,800,1:5,4,insertion_wait_time_s,True,0.0,138.0,138.0
ramp_fixed_6s,800,1:5,4,unfinished_vehicles,True,0.0,0.0,0.0
ramp_fixed_6s,800,1:5,4,throughput_veh_h,False,802.0,802.0,0.0
ramp_fixed_8s,800,1:5,4,total_time_spent_s,True,25331.0,164499.0,139168.0
ramp_fixed_8s,800,1:5,4,network_time_spent_s,True,25331.0,97672.0,72341.0
ramp_fixed_8s,800,1:5,4,insertion_wait_time_s,True,0.0,66827.0,66827.0
ramp_fixed_8s,800,1:5,4,unfinished_vehicles,True,0.0,42.0,42.0
ramp_fixed_8s,800,1:5,4,throughput_veh_h,False,802.0,718.0,-84.0
cooperative_limited,800,1:5,5,total_time_spent_s,True,25515.0,25515.0,0.0
cooperative_limited,800,1:5,5,network_time_spent_s,True,25515.0,25515.0,0.0
cooperative_limited,800,1:5,5,insertion_wait_time_s,True,0.0,0.0,0.0
cooperative_limited,800,1:5,5,unfinished_vehicles,True,0.0,0.0,0.0
cooperative_limited,800,1:5,5,throughput_veh_h,False,802.0,802.0,0.0
ramp_fixed_4s,800,1:5,5,total_time_spent_s,True,25515.0,28320.0,2805.0
ramp_fixed_4s,800,1:5,5,network_time_spent_s,True,25515.0,28320.0,2805.0
ramp_fixed_4s,800,1:5,5,insertion_wait_time_s,True,0.0,0.0,0.0
ramp_fixed_4s,800,1:5,5,unfinished_vehicles,True,0.0,0.0,0.0
ramp_fixed_4s,800,1:5,5,throughput_veh_h,False,802.0,802.0,0.0
ramp_fixed_6s,800,1:5,5,total_time_spent_s,True,25515.0,62352.0,36837.0
ramp_fixed_6s,800,1:5,5,network_time_spent_s,True,25515.0,62118.0,36603.0
ramp_fixed_6s,800,1:5,5,insertion_wait_time_s,True,0.0,234.0,234.0
ramp_fixed_6s,800,1:5,5,unfinished_vehicles,True,0.0,0.0,0.0
ramp_fixed_6s,800,1:5,5,throughput_veh_h,False,802.0,802.0,0.0
ramp_fixed_8s,800,1:5,5,total_time_spent_s,True,25515.0,165237.0,139722.0
ramp_fixed_8s,800,1:5,5,network_time_spent_s,True,25515.0,97970.0,72455.0
ramp_fixed_8s,800,1:5,5,insertion_wait_time_s,True,0.0,67267.0,67267.0
ramp_fixed_8s,800,1:5,5,unfinished_vehicles,True,0.0,43.0,43.0
ramp_fixed_8s,800,1:5,5,throughput_veh_h,False,802.0,716.0,-86.0
cooperative_limited,1000,1:1,1,total_time_spent_s,True,259251.0,266340.0,7089.0
cooperative_limited,1000,1:1,1,network_time_spent_s,True,121553.0,122587.0,1034.0
cooperative_limited,1000,1:1,1,insertion_wait_time_s,True,137698.0,143753.0,6055.0
cooperative_limited,1000,1:1,1,unfinished_vehicles,True,0.0,2.0,2.0
cooperative_limited,1000,1:1,1,throughput_veh_h,False,1000.0,996.0,-4.0
ramp_fixed_4s,1000,1:1,1,total_time_spent_s,True,259251.0,290638.0,31387.0
ramp_fixed_4s,1000,1:1,1,network_time_spent_s,True,121553.0,124293.0,2740.0
ramp_fixed_4s,1000,1:1,1,insertion_wait_time_s,True,137698.0,166345.0,28647.0
ramp_fixed_4s,1000,1:1,1,unfinished_vehicles,True,0.0,87.0,87.0
ramp_fixed_4s,1000,1:1,1,throughput_veh_h,False,1000.0,826.0,-174.0
ramp_fixed_6s,1000,1:1,1,total_time_spent_s,True,259251.0,296968.0,37717.0
ramp_fixed_6s,1000,1:1,1,network_time_spent_s,True,121553.0,124204.0,2651.0
ramp_fixed_6s,1000,1:1,1,insertion_wait_time_s,True,137698.0,172764.0,35066.0
ramp_fixed_6s,1000,1:1,1,unfinished_vehicles,True,0.0,106.0,106.0
ramp_fixed_6s,1000,1:1,1,throughput_veh_h,False,1000.0,788.0,-212.0
ramp_fixed_8s,1000,1:1,1,total_time_spent_s,True,259251.0,300312.0,41061.0
ramp_fixed_8s,1000,1:1,1,network_time_spent_s,True,121553.0,124212.0,2659.0
ramp_fixed_8s,1000,1:1,1,insertion_wait_time_s,True,137698.0,176100.0,38402.0
ramp_fixed_8s,1000,1:1,1,unfinished_vehicles,True,0.0,129.0,129.0
ramp_fixed_8s,1000,1:1,1,throughput_veh_h,False,1000.0,742.0,-258.0
cooperative_limited,1000,1:1,2,total_time_spent_s,True,253217.0,253295.0,78.0
cooperative_limited,1000,1:1,2,network_time_spent_s,True,120555.0,121047.0,492.0
cooperative_limited,1000,1:1,2,insertion_wait_time_s,True,132662.0,132248.0,-414.0
cooperative_limited,1000,1:1,2,unfinished_vehicles,True,0.0,0.0,0.0
cooperative_limited,1000,1:1,2,throughput_veh_h,False,1000.0,1000.0,0.0
ramp_fixed_4s,1000,1:1,2,total_time_spent_s,True,253217.0,278141.0,24924.0
ramp_fixed_4s,1000,1:1,2,network_time_spent_s,True,120555.0,123261.0,2706.0
ramp_fixed_4s,1000,1:1,2,insertion_wait_time_s,True,132662.0,154880.0,22218.0
ramp_fixed_4s,1000,1:1,2,unfinished_vehicles,True,0.0,78.0,78.0
ramp_fixed_4s,1000,1:1,2,throughput_veh_h,False,1000.0,844.0,-156.0
ramp_fixed_6s,1000,1:1,2,total_time_spent_s,True,253217.0,284178.0,30961.0
ramp_fixed_6s,1000,1:1,2,network_time_spent_s,True,120555.0,123162.0,2607.0
ramp_fixed_6s,1000,1:1,2,insertion_wait_time_s,True,132662.0,161016.0,28354.0
ramp_fixed_6s,1000,1:1,2,unfinished_vehicles,True,0.0,99.0,99.0
ramp_fixed_6s,1000,1:1,2,throughput_veh_h,False,1000.0,802.0,-198.0
ramp_fixed_8s,1000,1:1,2,total_time_spent_s,True,253217.0,287178.0,33961.0
ramp_fixed_8s,1000,1:1,2,network_time_spent_s,True,120555.0,123050.0,2495.0
ramp_fixed_8s,1000,1:1,2,insertion_wait_time_s,True,132662.0,164128.0,31466.0
ramp_fixed_8s,1000,1:1,2,unfinished_vehicles,True,0.0,118.0,118.0
ramp_fixed_8s,1000,1:1,2,throughput_veh_h,False,1000.0,764.0,-236.0
cooperative_limited,1000,1:1,3,total_time_spent_s,True,266472.0,281685.0,15213.0
cooperative_limited,1000,1:1,3,network_time_spent_s,True,122768.0,124619.0,1851.0
cooperative_limited,1000,1:1,3,insertion_wait_time_s,True,143704.0,157066.0,13362.0
cooperative_limited,1000,1:1,3,unfinished_vehicles,True,2.0,12.0,10.0
cooperative_limited,1000,1:1,3,throughput_veh_h,False,996.0,976.0000000000001,-19.999999999999886
ramp_fixed_4s,1000,1:1,3,total_time_spent_s,True,266472.0,291555.0,25083.0
ramp_fixed_4s,1000,1:1,3,network_time_spent_s,True,122768.0,124280.0,1512.0
ramp_fixed_4s,1000,1:1,3,insertion_wait_time_s,True,143704.0,167275.0,23571.0
ramp_fixed_4s,1000,1:1,3,unfinished_vehicles,True,2.0,88.0,86.0
ramp_fixed_4s,1000,1:1,3,throughput_veh_h,False,996.0,824.0,-172.0
ramp_fixed_6s,1000,1:1,3,total_time_spent_s,True,266472.0,296005.0,29533.0
ramp_fixed_6s,1000,1:1,3,network_time_spent_s,True,122768.0,124062.0,1294.0
ramp_fixed_6s,1000,1:1,3,insertion_wait_time_s,True,143704.0,171943.0,28239.0
ramp_fixed_6s,1000,1:1,3,unfinished_vehicles,True,2.0,105.0,103.0
ramp_fixed_6s,1000,1:1,3,throughput_veh_h,False,996.0,790.0,-206.0
ramp_fixed_8s,1000,1:1,3,total_time_spent_s,True,266472.0,293135.0,26663.0
ramp_fixed_8s,1000,1:1,3,network_time_spent_s,True,122768.0,122436.0,-332.0
ramp_fixed_8s,1000,1:1,3,insertion_wait_time_s,True,143704.0,170699.0,26995.0
ramp_fixed_8s,1000,1:1,3,unfinished_vehicles,True,2.0,126.0,124.0
ramp_fixed_8s,1000,1:1,3,throughput_veh_h,False,996.0,748.0,-248.0
cooperative_limited,1000,1:1,4,total_time_spent_s,True,258275.0,258853.0,578.0
cooperative_limited,1000,1:1,4,network_time_spent_s,True,121765.0,121993.0,228.0
cooperative_limited,1000,1:1,4,insertion_wait_time_s,True,136510.0,136860.0,350.0
cooperative_limited,1000,1:1,4,unfinished_vehicles,True,0.0,0.0,0.0
cooperative_limited,1000,1:1,4,throughput_veh_h,False,1000.0,1000.0,0.0
ramp_fixed_4s,1000,1:1,4,total_time_spent_s,True,258275.0,290004.0,31729.0
ramp_fixed_4s,1000,1:1,4,network_time_spent_s,True,121765.0,124668.0,2903.0
ramp_fixed_4s,1000,1:1,4,insertion_wait_time_s,True,136510.0,165336.0,28826.0
ramp_fixed_4s,1000,1:1,4,unfinished_vehicles,True,0.0,87.0,87.0
ramp_fixed_4s,1000,1:1,4,throughput_veh_h,False,1000.0,826.0,-174.0
ramp_fixed_6s,1000,1:1,4,total_time_spent_s,True,258275.0,291707.0,33432.0
ramp_fixed_6s,1000,1:1,4,network_time_spent_s,True,121765.0,124412.0,2647.0
ramp_fixed_6s,1000,1:1,4,insertion_wait_time_s,True,136510.0,167295.0,30785.0
ramp_fixed_6s,1000,1:1,4,unfinished_vehicles,True,0.0,104.0,104.0
ramp_fixed_6s,1000,1:1,4,throughput_veh_h,False,1000.0,792.0,-208.0
ramp_fixed_8s,1000,1:1,4,total_time_spent_s,True,258275.0,293583.0,35308.0
ramp_fixed_8s,1000,1:1,4,network_time_spent_s,True,121765.0,124243.0,2478.0
ramp_fixed_8s,1000,1:1,4,insertion_wait_time_s,True,136510.0,169340.0,32830.0
ramp_fixed_8s,1000,1:1,4,unfinished_vehicles,True,0.0,124.0,124.0
ramp_fixed_8s,1000,1:1,4,throughput_veh_h,False,1000.0,752.0,-248.0
cooperative_limited,1000,1:1,5,total_time_spent_s,True,272663.0,265414.0,-7249.0
cooperative_limited,1000,1:1,5,network_time_spent_s,True,122964.0,122157.0,-807.0
cooperative_limited,1000,1:1,5,insertion_wait_time_s,True,149699.0,143257.0,-6442.0
cooperative_limited,1000,1:1,5,unfinished_vehicles,True,8.0,2.0,-6.0
cooperative_limited,1000,1:1,5,throughput_veh_h,False,983.9999999999999,996.0,12.000000000000114
ramp_fixed_4s,1000,1:1,5,total_time_spent_s,True,272663.0,290311.0,17648.0
ramp_fixed_4s,1000,1:1,5,network_time_spent_s,True,122964.0,123209.0,245.0
ramp_fixed_4s,1000,1:1,5,insertion_wait_time_s,True,149699.0,167102.0,17403.0
ramp_fixed_4s,1000,1:1,5,unfinished_vehicles,True,8.0,91.0,83.0
ramp_fixed_4s,1000,1:1,5,throughput_veh_h,False,983.9999999999999,818.0,-165.9999999999999
ramp_fixed_6s,1000,1:1,5,total_time_spent_s,True,272663.0,294827.0,22164.0
ramp_fixed_6s,1000,1:1,5,network_time_spent_s,True,122964.0,123130.0,166.0
ramp_fixed_6s,1000,1:1,5,insertion_wait_time_s,True,149699.0,171697.0,21998.0
ramp_fixed_6s,1000,1:1,5,unfinished_vehicles,True,8.0,107.0,99.0
ramp_fixed_6s,1000,1:1,5,throughput_veh_h,False,983.9999999999999,786.0,-197.9999999999999
ramp_fixed_8s,1000,1:1,5,total_time_spent_s,True,272663.0,302355.0,29692.0
ramp_fixed_8s,1000,1:1,5,network_time_spent_s,True,122964.0,123748.0,784.0
ramp_fixed_8s,1000,1:1,5,insertion_wait_time_s,True,149699.0,178607.0,28908.0
ramp_fixed_8s,1000,1:1,5,unfinished_vehicles,True,8.0,128.0,120.0
ramp_fixed_8s,1000,1:1,5,throughput_veh_h,False,983.9999999999999,744.0,-239.9999999999999
cooperative_limited,1000,1:2,1,total_time_spent_s,True,332333.0,334943.0,2610.0
cooperative_limited,1000,1:2,1,network_time_spent_s,True,121743.0,121956.0,213.0
cooperative_limited,1000,1:2,1,insertion_wait_time_s,True,210590.0,212987.0,2397.0
cooperative_limited,1000,1:2,1,unfinished_vehicles,True,50.0,53.0,3.0
cooperative_limited,1000,1:2,1,throughput_veh_h,False,901.9999999999999,896.0,-5.999999999999886
ramp_fixed_4s,1000,1:2,1,total_time_spent_s,True,332333.0,355171.0,22838.0
ramp_fixed_4s,1000,1:2,1,network_time_spent_s,True,121743.0,120014.0,-1729.0
ramp_fixed_4s,1000,1:2,1,insertion_wait_time_s,True,210590.0,235157.0,24567.0
ramp_fixed_4s,1000,1:2,1,unfinished_vehicles,True,50.0,139.0,89.0
ramp_fixed_4s,1000,1:2,1,throughput_veh_h,False,901.9999999999999,724.0,-177.9999999999999
ramp_fixed_6s,1000,1:2,1,total_time_spent_s,True,332333.0,363605.0,31272.0
ramp_fixed_6s,1000,1:2,1,network_time_spent_s,True,121743.0,120562.0,-1181.0
ramp_fixed_6s,1000,1:2,1,insertion_wait_time_s,True,210590.0,243043.0,32453.0
ramp_fixed_6s,1000,1:2,1,unfinished_vehicles,True,50.0,155.0,105.0
ramp_fixed_6s,1000,1:2,1,throughput_veh_h,False,901.9999999999999,692.0,-209.9999999999999
ramp_fixed_8s,1000,1:2,1,total_time_spent_s,True,332333.0,361066.0,28733.0
ramp_fixed_8s,1000,1:2,1,network_time_spent_s,True,121743.0,119937.0,-1806.0
ramp_fixed_8s,1000,1:2,1,insertion_wait_time_s,True,210590.0,241129.0,30539.0
ramp_fixed_8s,1000,1:2,1,unfinished_vehicles,True,50.0,172.0,122.0
ramp_fixed_8s,1000,1:2,1,throughput_veh_h,False,901.9999999999999,658.0,-243.9999999999999
cooperative_limited,1000,1:2,2,total_time_spent_s,True,338058.0,356975.0,18917.0
cooperative_limited,1000,1:2,2,network_time_spent_s,True,122765.0,123398.0,633.0
cooperative_limited,1000,1:2,2,insertion_wait_time_s,True,215293.0,233577.0,18284.0
cooperative_limited,1000,1:2,2,unfinished_vehicles,True,52.0,62.0,10.0
cooperative_limited,1000,1:2,2,throughput_veh_h,False,898.0,878.0,-20.0
ramp_fixed_4s,1000,1:2,2,total_time_spent_s,True,338058.0,353277.0,15219.0
ramp_fixed_4s,1000,1:2,2,network_time_spent_s,True,122765.0,121113.0,-1652.0
ramp_fixed_4s,1000,1:2,2,insertion_wait_time_s,True,215293.0,232164.0,16871.0
ramp_fixed_4s,1000,1:2,2,unfinished_vehicles,True,52.0,130.0,78.0
ramp_fixed_4s,1000,1:2,2,throughput_veh_h,False,898.0,742.0,-156.0
ramp_fixed_6s,1000,1:2,2,total_time_spent_s,True,338058.0,356213.0,18155.0
ramp_fixed_6s,1000,1:2,2,network_time_spent_s,True,122765.0,120727.0,-2038.0
ramp_fixed_6s,1000,1:2,2,insertion_wait_time_s,True,215293.0,235486.0,20193.0
ramp_fixed_6s,1000,1:2,2,unfinished_vehicles,True,52.0,149.0,97.0
ramp_fixed_6s,1000,1:2,2,throughput_veh_h,False,898.0,704.0,-194.0
ramp_fixed_8s,1000,1:2,2,total_time_spent_s,True,338058.0,367283.0,29225.0
ramp_fixed_8s,1000,1:2,2,network_time_spent_s,True,122765.0,120723.0,-2042.0
ramp_fixed_8s,1000,1:2,2,insertion_wait_time_s,True,215293.0,246560.0,31267.0
ramp_fixed_8s,1000,1:2,2,unfinished_vehicles,True,52.0,174.0,122.0
ramp_fixed_8s,1000,1:2,2,throughput_veh_h,False,898.0,654.0,-244.0
cooperative_limited,1000,1:2,3,total_time_spent_s,True,334233.0,330875.0,-3358.0
cooperative_limited,1000,1:2,3,network_time_spent_s,True,121662.0,121921.0,259.0
cooperative_limited,1000,1:2,3,insertion_wait_time_s,True,212571.0,208954.0,-3617.0
cooperative_limited,1000,1:2,3,unfinished_vehicles,True,50.0,48.0,-2.0
cooperative_limited,1000,1:2,3,throughput_veh_h,False,901.9999999999999,905.9999999999999,4.0
ramp_fixed_4s,1000,1:2,3,total_time_spent_s,True,334233.0,362716.0,28483.0
ramp_fixed_4s,1000,1:2,3,network_time_spent_s,True,121662.0,121151.0,-511.0
ramp_fixed_4s,1000,1:2,3,insertion_wait_time_s,True,212571.0,241565.0,28994.0
ramp_fixed_4s,1000,1:2,3,unfinished_vehicles,True,50.0,135.0,85.0
ramp_fixed_4s,1000,1:2,3,throughput_veh_h,False,901.9999999999999,732.0,-169.9999999999999
ramp_fixed_6s,1000,1:2,3,total_time_spent_s,True,334233.0,365099.0,30866.0
ramp_fixed_6s,1000,1:2,3,network_time_spent_s,True,121662.0,120918.0,-744.0
ramp_fixed_6s,1000,1:2,3,insertion_wait_time_s,True,212571.0,244181.0,31610.0
ramp_fixed_6s,1000,1:2,3,unfinished_vehicles,True,50.0,156.0,106.0
ramp_fixed_6s,1000,1:2,3,throughput_veh_h,False,901.9999999999999,690.0,-211.9999999999999
ramp_fixed_8s,1000,1:2,3,total_time_spent_s,True,334233.0,354676.0,20443.0
ramp_fixed_8s,1000,1:2,3,network_time_spent_s,True,121662.0,118375.0,-3287.0
ramp_fixed_8s,1000,1:2,3,insertion_wait_time_s,True,212571.0,236301.0,23730.0
ramp_fixed_8s,1000,1:2,3,unfinished_vehicles,True,50.0,172.0,122.0
ramp_fixed_8s,1000,1:2,3,throughput_veh_h,False,901.9999999999999,658.0,-243.9999999999999
cooperative_limited,1000,1:2,4,total_time_spent_s,True,341149.0,339048.0,-2101.0
cooperative_limited,1000,1:2,4,network_time_spent_s,True,122327.0,122398.0,71.0
cooperative_limited,1000,1:2,4,insertion_wait_time_s,True,218822.0,216650.0,-2172.0
cooperative_limited,1000,1:2,4,unfinished_vehicles,True,54.0,55.0,1.0
cooperative_limited,1000,1:2,4,throughput_veh_h,False,894.0,892.0,-2.0
ramp_fixed_4s,1000,1:2,4,total_time_spent_s,True,341149.0,356689.0,15540.0
ramp_fixed_4s,1000,1:2,4,network_time_spent_s,True,122327.0,120220.0,-2107.0
ramp_fixed_4s,1000,1:2,4,insertion_wait_time_s,True,218822.0,236469.0,17647.0
ramp_fixed_4s,1000,1:2,4,unfinished_vehicles,True,54.0,136.0,82.0
ramp_fixed_4s,1000,1:2,4,throughput_veh_h,False,894.0,730.0,-164.0
ramp_fixed_6s,1000,1:2,4,total_time_spent_s,True,341149.0,358770.0,17621.0
ramp_fixed_6s,1000,1:2,4,network_time_spent_s,True,122327.0,119761.0,-2566.0
ramp_fixed_6s,1000,1:2,4,insertion_wait_time_s,True,218822.0,239009.0,20187.0
ramp_fixed_6s,1000,1:2,4,unfinished_vehicles,True,54.0,155.0,101.0
ramp_fixed_6s,1000,1:2,4,throughput_veh_h,False,894.0,692.0,-202.0
ramp_fixed_8s,1000,1:2,4,total_time_spent_s,True,341149.0,374993.0,33844.0
ramp_fixed_8s,1000,1:2,4,network_time_spent_s,True,122327.0,120909.0,-1418.0
ramp_fixed_8s,1000,1:2,4,insertion_wait_time_s,True,218822.0,254084.0,35262.0
ramp_fixed_8s,1000,1:2,4,unfinished_vehicles,True,54.0,181.0,127.0
ramp_fixed_8s,1000,1:2,4,throughput_veh_h,False,894.0,640.0,-254.0
cooperative_limited,1000,1:2,5,total_time_spent_s,True,345554.0,333362.0,-12192.0
cooperative_limited,1000,1:2,5,network_time_spent_s,True,121722.0,121394.0,-328.0
cooperative_limited,1000,1:2,5,insertion_wait_time_s,True,223832.0,211968.0,-11864.0
cooperative_limited,1000,1:2,5,unfinished_vehicles,True,60.0,55.0,-5.0
cooperative_limited,1000,1:2,5,throughput_veh_h,False,882.0,892.0,10.0
ramp_fixed_4s,1000,1:2,5,total_time_spent_s,True,345554.0,377430.0,31876.0
ramp_fixed_4s,1000,1:2,5,network_time_spent_s,True,121722.0,121905.0,183.0
ramp_fixed_4s,1000,1:2,5,insertion_wait_time_s,True,223832.0,255525.0,31693.0
ramp_fixed_4s,1000,1:2,5,unfinished_vehicles,True,60.0,147.0,87.0
ramp_fixed_4s,1000,1:2,5,throughput_veh_h,False,882.0,708.0,-174.0
ramp_fixed_6s,1000,1:2,5,total_time_spent_s,True,345554.0,377605.0,32051.0
ramp_fixed_6s,1000,1:2,5,network_time_spent_s,True,121722.0,121506.0,-216.0
ramp_fixed_6s,1000,1:2,5,insertion_wait_time_s,True,223832.0,256099.0,32267.0
ramp_fixed_6s,1000,1:2,5,unfinished_vehicles,True,60.0,163.0,103.0
ramp_fixed_6s,1000,1:2,5,throughput_veh_h,False,882.0,676.0,-206.0
ramp_fixed_8s,1000,1:2,5,total_time_spent_s,True,345554.0,383686.0,38132.0
ramp_fixed_8s,1000,1:2,5,network_time_spent_s,True,121722.0,121344.0,-378.0
ramp_fixed_8s,1000,1:2,5,insertion_wait_time_s,True,223832.0,262342.0,38510.0
ramp_fixed_8s,1000,1:2,5,unfinished_vehicles,True,60.0,186.0,126.0
ramp_fixed_8s,1000,1:2,5,throughput_veh_h,False,882.0,630.0,-252.0
cooperative_limited,1000,1:3,1,total_time_spent_s,True,330315.0,318653.0,-11662.0
cooperative_limited,1000,1:3,1,network_time_spent_s,True,119145.0,118724.0,-421.0
cooperative_limited,1000,1:3,1,insertion_wait_time_s,True,211170.0,199929.0,-11241.0
cooperative_limited,1000,1:3,1,unfinished_vehicles,True,50.0,38.0,-12.0
cooperative_limited,1000,1:3,1,throughput_veh_h,False,900.0,924.0,24.0
ramp_fixed_4s,1000,1:3,1,total_time_spent_s,True,330315.0,351133.0,20818.0
ramp_fixed_4s,1000,1:3,1,network_time_spent_s,True,119145.0,117751.0,-1394.0
ramp_fixed_4s,1000,1:3,1,insertion_wait_time_s,True,211170.0,233382.0,22212.0
ramp_fixed_4s,1000,1:3,1,unfinished_vehicles,True,50.0,133.0,83.0
ramp_fixed_4s,1000,1:3,1,throughput_veh_h,False,900.0,734.0,-166.0
ramp_fixed_6s,1000,1:3,1,total_time_spent_s,True,330315.0,351440.0,21125.0
ramp_fixed_6s,1000,1:3,1,network_time_spent_s,True,119145.0,117024.0,-2121.0
ramp_fixed_6s,1000,1:3,1,insertion_wait_time_s,True,211170.0,234416.0,23246.0
ramp_fixed_6s,1000,1:3,1,unfinished_vehicles,True,50.0,148.0,98.0
ramp_fixed_6s,1000,1:3,1,throughput_veh_h,False,900.0,704.0,-196.0
ramp_fixed_8s,1000,1:3,1,total_time_spent_s,True,330315.0,361583.0,31268.0
ramp_fixed_8s,1000,1:3,1,network_time_spent_s,True,119145.0,115997.0,-3148.0
ramp_fixed_8s,1000,1:3,1,insertion_wait_time_s,True,211170.0,245586.0,34416.0
ramp_fixed_8s,1000,1:3,1,unfinished_vehicles,True,50.0,171.0,121.0
ramp_fixed_8s,1000,1:3,1,throughput_veh_h,False,900.0,658.0,-242.0
cooperative_limited,1000,1:3,2,total_time_spent_s,True,341474.0,342239.0,765.0
cooperative_limited,1000,1:3,2,network_time_spent_s,True,119810.0,119951.0,141.0
cooperative_limited,1000,1:3,2,insertion_wait_time_s,True,221664.0,222288.0,624.0
cooperative_limited,1000,1:3,2,unfinished_vehicles,True,53.0,53.0,0.0
cooperative_limited,1000,1:3,2,throughput_veh_h,False,894.0,894.0,0.0
ramp_fixed_4s,1000,1:3,2,total_time_spent_s,True,341474.0,356977.0,15503.0
ramp_fixed_4s,1000,1:3,2,network_time_spent_s,True,119810.0,118093.0,-1717.0
ramp_fixed_4s,1000,1:3,2,insertion_wait_time_s,True,221664.0,238884.0,17220.0
ramp_fixed_4s,1000,1:3,2,unfinished_vehicles,True,53.0,127.0,74.0
ramp_fixed_4s,1000,1:3,2,throughput_veh_h,False,894.0,746.0,-148.0
ramp_fixed_6s,1000,1:3,2,total_time_spent_s,True,341474.0,366895.0,25421.0
ramp_fixed_6s,1000,1:3,2,network_time_spent_s,True,119810.0,117107.0,-2703.0
ramp_fixed_6s,1000,1:3,2,insertion_wait_time_s,True,221664.0,249788.0,28124.0
ramp_fixed_6s,1000,1:3,2,unfinished_vehicles,True,53.0,160.0,107.0
ramp_fixed_6s,1000,1:3,2,throughput_veh_h,False,894.0,680.0,-214.0
ramp_fixed_8s,1000,1:3,2,total_time_spent_s,True,341474.0,371117.0,29643.0
ramp_fixed_8s,1000,1:3,2,network_time_spent_s,True,119810.0,117334.0,-2476.0
ramp_fixed_8s,1000,1:3,2,insertion_wait_time_s,True,221664.0,253783.0,32119.0
ramp_fixed_8s,1000,1:3,2,unfinished_vehicles,True,53.0,179.0,126.0
ramp_fixed_8s,1000,1:3,2,throughput_veh_h,False,894.0,642.0,-252.0
cooperative_limited,1000,1:3,3,total_time_spent_s,True,348431.0,330933.0,-17498.0
cooperative_limited,1000,1:3,3,network_time_spent_s,True,119755.0,119466.0,-289.0
cooperative_limited,1000,1:3,3,insertion_wait_time_s,True,228676.0,211467.0,-17209.0
cooperative_limited,1000,1:3,3,unfinished_vehicles,True,60.0,47.0,-13.0
cooperative_limited,1000,1:3,3,throughput_veh_h,False,880.0,905.9999999999999,25.999999999999886
ramp_fixed_4s,1000,1:3,3,total_time_spent_s,True,348431.0,352255.0,3824.0
ramp_fixed_4s,1000,1:3,3,network_time_spent_s,True,119755.0,116997.0,-2758.0
ramp_fixed_4s,1000,1:3,3,insertion_wait_time_s,True,228676.0,235258.0,6582.0
ramp_fixed_4s,1000,1:3,3,unfinished_vehicles,True,60.0,135.0,75.0
ramp_fixed_4s,1000,1:3,3,throughput_veh_h,False,880.0,730.0,-150.0
ramp_fixed_6s,1000,1:3,3,total_time_spent_s,True,348431.0,339774.0,-8657.0
ramp_fixed_6s,1000,1:3,3,network_time_spent_s,True,119755.0,115800.0,-3955.0
ramp_fixed_6s,1000,1:3,3,insertion_wait_time_s,True,228676.0,223974.0,-4702.0
ramp_fixed_6s,1000,1:3,3,unfinished_vehicles,True,60.0,143.0,83.0
ramp_fixed_6s,1000,1:3,3,throughput_veh_h,False,880.0,714.0,-166.0
ramp_fixed_8s,1000,1:3,3,total_time_spent_s,True,348431.0,367624.0,19193.0
ramp_fixed_8s,1000,1:3,3,network_time_spent_s,True,119755.0,116873.0,-2882.0
ramp_fixed_8s,1000,1:3,3,insertion_wait_time_s,True,228676.0,250751.0,22075.0
ramp_fixed_8s,1000,1:3,3,unfinished_vehicles,True,60.0,179.0,119.0
ramp_fixed_8s,1000,1:3,3,throughput_veh_h,False,880.0,642.0,-238.0
cooperative_limited,1000,1:3,4,total_time_spent_s,True,336292.0,317044.0,-19248.0
cooperative_limited,1000,1:3,4,network_time_spent_s,True,118440.0,117820.0,-620.0
cooperative_limited,1000,1:3,4,insertion_wait_time_s,True,217852.0,199224.0,-18628.0
cooperative_limited,1000,1:3,4,unfinished_vehicles,True,56.0,38.0,-18.0
cooperative_limited,1000,1:3,4,throughput_veh_h,False,888.0,924.0,36.0
ramp_fixed_4s,1000,1:3,4,total_time_spent_s,True,336292.0,372020.0,35728.0
ramp_fixed_4s,1000,1:3,4,network_time_spent_s,True,118440.0,118500.0,60.0
ramp_fixed_4s,1000,1:3,4,insertion_wait_time_s,True,217852.0,253520.0,35668.0
ramp_fixed_4s,1000,1:3,4,unfinished_vehicles,True,56.0,141.0,85.0
ramp_fixed_4s,1000,1:3,4,throughput_veh_h,False,888.0,718.0,-170.0
ramp_fixed_6s,1000,1:3,4,total_time_spent_s,True,336292.0,375523.0,39231.0
ramp_fixed_6s,1000,1:3,4,network_time_spent_s,True,118440.0,118255.0,-185.0
ramp_fixed_6s,1000,1:3,4,insertion_wait_time_s,True,217852.0,257268.0,39416.0
ramp_fixed_6s,1000,1:3,4,unfinished_vehicles,True,56.0,162.0,106.0
ramp_fixed_6s,1000,1:3,4,throughput_veh_h,False,888.0,676.0,-212.0
ramp_fixed_8s,1000,1:3,4,total_time_spent_s,True,336292.0,369088.0,32796.0
ramp_fixed_8s,1000,1:3,4,network_time_spent_s,True,118440.0,116806.0,-1634.0
ramp_fixed_8s,1000,1:3,4,insertion_wait_time_s,True,217852.0,252282.0,34430.0
ramp_fixed_8s,1000,1:3,4,unfinished_vehicles,True,56.0,177.0,121.0
ramp_fixed_8s,1000,1:3,4,throughput_veh_h,False,888.0,646.0,-242.0
cooperative_limited,1000,1:3,5,total_time_spent_s,True,343590.0,345108.0,1518.0
cooperative_limited,1000,1:3,5,network_time_spent_s,True,119174.0,119323.0,149.0
cooperative_limited,1000,1:3,5,insertion_wait_time_s,True,224416.0,225785.0,1369.0
cooperative_limited,1000,1:3,5,unfinished_vehicles,True,56.0,61.0,5.0
cooperative_limited,1000,1:3,5,throughput_veh_h,False,888.0,878.0,-10.0
ramp_fixed_4s,1000,1:3,5,total_time_spent_s,True,343590.0,376117.0,32527.0
ramp_fixed_4s,1000,1:3,5,network_time_spent_s,True,119174.0,118343.0,-831.0
ramp_fixed_4s,1000,1:3,5,insertion_wait_time_s,True,224416.0,257774.0,33358.0
ramp_fixed_4s,1000,1:3,5,unfinished_vehicles,True,56.0,145.0,89.0
ramp_fixed_4s,1000,1:3,5,throughput_veh_h,False,888.0,710.0,-178.0
ramp_fixed_6s,1000,1:3,5,total_time_spent_s,True,343590.0,367652.0,24062.0
ramp_fixed_6s,1000,1:3,5,network_time_spent_s,True,119174.0,117649.0,-1525.0
ramp_fixed_6s,1000,1:3,5,insertion_wait_time_s,True,224416.0,250003.0,25587.0
ramp_fixed_6s,1000,1:3,5,unfinished_vehicles,True,56.0,155.0,99.0
ramp_fixed_6s,1000,1:3,5,throughput_veh_h,False,888.0,690.0,-198.0
ramp_fixed_8s,1000,1:3,5,total_time_spent_s,True,343590.0,369378.0,25788.0
ramp_fixed_8s,1000,1:3,5,network_time_spent_s,True,119174.0,117133.0,-2041.0
ramp_fixed_8s,1000,1:3,5,insertion_wait_time_s,True,224416.0,252245.0,27829.0
ramp_fixed_8s,1000,1:3,5,unfinished_vehicles,True,56.0,176.0,120.0
ramp_fixed_8s,1000,1:3,5,throughput_veh_h,False,888.0,648.0,-240.0
cooperative_limited,1000,1:4,1,total_time_spent_s,True,243773.0,328053.0,84280.0
cooperative_limited,1000,1:4,1,network_time_spent_s,True,111608.0,118067.0,6459.0
cooperative_limited,1000,1:4,1,insertion_wait_time_s,True,132165.0,209986.0,77821.0
cooperative_limited,1000,1:4,1,unfinished_vehicles,True,0.0,41.0,41.0
cooperative_limited,1000,1:4,1,throughput_veh_h,False,1000.0,918.0,-82.0
ramp_fixed_4s,1000,1:4,1,total_time_spent_s,True,243773.0,264634.0,20861.0
ramp_fixed_4s,1000,1:4,1,network_time_spent_s,True,111608.0,113583.0,1975.0
ramp_fixed_4s,1000,1:4,1,insertion_wait_time_s,True,132165.0,151051.0,18886.0
ramp_fixed_4s,1000,1:4,1,unfinished_vehicles,True,0.0,67.0,67.0
ramp_fixed_4s,1000,1:4,1,throughput_veh_h,False,1000.0,866.0,-134.0
ramp_fixed_6s,1000,1:4,1,total_time_spent_s,True,243773.0,276793.0,33020.0
ramp_fixed_6s,1000,1:4,1,network_time_spent_s,True,111608.0,113088.0,1480.0
ramp_fixed_6s,1000,1:4,1,insertion_wait_time_s,True,132165.0,163705.0,31540.0
ramp_fixed_6s,1000,1:4,1,unfinished_vehicles,True,0.0,96.0,96.0
ramp_fixed_6s,1000,1:4,1,throughput_veh_h,False,1000.0,808.0,-192.0
ramp_fixed_8s,1000,1:4,1,total_time_spent_s,True,243773.0,280433.0,36660.0
ramp_fixed_8s,1000,1:4,1,network_time_spent_s,True,111608.0,109278.0,-2330.0
ramp_fixed_8s,1000,1:4,1,insertion_wait_time_s,True,132165.0,171155.0,38990.0
ramp_fixed_8s,1000,1:4,1,unfinished_vehicles,True,0.0,114.0,114.0
ramp_fixed_8s,1000,1:4,1,throughput_veh_h,False,1000.0,772.0,-228.0
cooperative_limited,1000,1:4,2,total_time_spent_s,True,264027.0,325992.0,61965.0
cooperative_limited,1000,1:4,2,network_time_spent_s,True,112593.0,117454.0,4861.0
cooperative_limited,1000,1:4,2,insertion_wait_time_s,True,151434.0,208538.0,57104.0
cooperative_limited,1000,1:4,2,unfinished_vehicles,True,0.0,38.0,38.0
cooperative_limited,1000,1:4,2,throughput_veh_h,False,1000.0,924.0,-76.0
ramp_fixed_4s,1000,1:4,2,total_time_spent_s,True,264027.0,298132.0,34105.0
ramp_fixed_4s,1000,1:4,2,network_time_spent_s,True,112593.0,114490.0,1897.0
ramp_fixed_4s,1000,1:4,2,insertion_wait_time_s,True,151434.0,183642.0,32208.0
ramp_fixed_4s,1000,1:4,2,unfinished_vehicles,True,0.0,84.0,84.0
ramp_fixed_4s,1000,1:4,2,throughput_veh_h,False,1000.0,832.0,-168.0
ramp_fixed_6s,1000,1:4,2,total_time_spent_s,True,264027.0,283485.0,19458.0
ramp_fixed_6s,1000,1:4,2,network_time_spent_s,True,112593.0,112106.0,-487.0
ramp_fixed_6s,1000,1:4,2,insertion_wait_time_s,True,151434.0,171379.0,19945.0
ramp_fixed_6s,1000,1:4,2,unfinished_vehicles,True,0.0,88.0,88.0
ramp_fixed_6s,1000,1:4,2,throughput_veh_h,False,1000.0,824.0,-176.0
ramp_fixed_8s,1000,1:4,2,total_time_spent_s,True,264027.0,281443.0,17416.0
ramp_fixed_8s,1000,1:4,2,network_time_spent_s,True,112593.0,107141.0,-5452.0
ramp_fixed_8s,1000,1:4,2,insertion_wait_time_s,True,151434.0,174302.0,22868.0
ramp_fixed_8s,1000,1:4,2,unfinished_vehicles,True,0.0,118.0,118.0
ramp_fixed_8s,1000,1:4,2,throughput_veh_h,False,1000.0,764.0,-236.0
cooperative_limited,1000,1:4,3,total_time_spent_s,True,242143.0,334589.0,92446.0
cooperative_limited,1000,1:4,3,network_time_spent_s,True,110047.0,118155.0,8108.0
cooperative_limited,1000,1:4,3,insertion_wait_time_s,True,132096.0,216434.0,84338.0
cooperative_limited,1000,1:4,3,unfinished_vehicles,True,0.0,44.0,44.0
cooperative_limited,1000,1:4,3,throughput_veh_h,False,1000.0,912.0000000000001,-87.99999999999989
ramp_fixed_4s,1000,1:4,3,total_time_spent_s,True,242143.0,278176.0,36033.0
ramp_fixed_4s,1000,1:4,3,network_time_spent_s,True,110047.0,113370.0,3323.0
ramp_fixed_4s,1000,1:4,3,insertion_wait_time_s,True,132096.0,164806.0,32710.0
ramp_fixed_4s,1000,1:4,3,unfinished_vehicles,True,0.0,78.0,78.0
ramp_fixed_4s,1000,1:4,3,throughput_veh_h,False,1000.0,844.0,-156.0
ramp_fixed_6s,1000,1:4,3,total_time_spent_s,True,242143.0,252567.0,10424.0
ramp_fixed_6s,1000,1:4,3,network_time_spent_s,True,110047.0,110697.0,650.0
ramp_fixed_6s,1000,1:4,3,insertion_wait_time_s,True,132096.0,141870.0,9774.0
ramp_fixed_6s,1000,1:4,3,unfinished_vehicles,True,0.0,76.0,76.0
ramp_fixed_6s,1000,1:4,3,throughput_veh_h,False,1000.0,848.0,-152.0
ramp_fixed_8s,1000,1:4,3,total_time_spent_s,True,242143.0,298448.0,56305.0
ramp_fixed_8s,1000,1:4,3,network_time_spent_s,True,110047.0,109999.0,-48.0
ramp_fixed_8s,1000,1:4,3,insertion_wait_time_s,True,132096.0,188449.0,56353.0
ramp_fixed_8s,1000,1:4,3,unfinished_vehicles,True,0.0,128.0,128.0
ramp_fixed_8s,1000,1:4,3,throughput_veh_h,False,1000.0,744.0,-256.0
cooperative_limited,1000,1:4,4,total_time_spent_s,True,238770.0,336923.0,98153.0
cooperative_limited,1000,1:4,4,network_time_spent_s,True,109244.0,117240.0,7996.0
cooperative_limited,1000,1:4,4,insertion_wait_time_s,True,129526.0,219683.0,90157.0
cooperative_limited,1000,1:4,4,unfinished_vehicles,True,0.0,50.0,50.0
cooperative_limited,1000,1:4,4,throughput_veh_h,False,1000.0,900.0,-100.0
ramp_fixed_4s,1000,1:4,4,total_time_spent_s,True,238770.0,286193.0,47423.0
ramp_fixed_4s,1000,1:4,4,network_time_spent_s,True,109244.0,113637.0,4393.0
ramp_fixed_4s,1000,1:4,4,insertion_wait_time_s,True,129526.0,172556.0,43030.0
ramp_fixed_4s,1000,1:4,4,unfinished_vehicles,True,0.0,84.0,84.0
ramp_fixed_4s,1000,1:4,4,throughput_veh_h,False,1000.0,832.0,-168.0
ramp_fixed_6s,1000,1:4,4,total_time_spent_s,True,238770.0,266973.0,28203.0
ramp_fixed_6s,1000,1:4,4,network_time_spent_s,True,109244.0,111719.0,2475.0
ramp_fixed_6s,1000,1:4,4,insertion_wait_time_s,True,129526.0,155254.0,25728.0
ramp_fixed_6s,1000,1:4,4,unfinished_vehicles,True,0.0,84.0,84.0
ramp_fixed_6s,1000,1:4,4,throughput_veh_h,False,1000.0,832.0,-168.0
ramp_fixed_8s,1000,1:4,4,total_time_spent_s,True,238770.0,284330.0,45560.0
ramp_fixed_8s,1000,1:4,4,network_time_spent_s,True,109244.0,109343.0,99.0
ramp_fixed_8s,1000,1:4,4,insertion_wait_time_s,True,129526.0,174987.0,45461.0
ramp_fixed_8s,1000,1:4,4,unfinished_vehicles,True,0.0,120.0,120.0
ramp_fixed_8s,1000,1:4,4,throughput_veh_h,False,1000.0,760.0,-240.0
cooperative_limited,1000,1:4,5,total_time_spent_s,True,229972.0,293952.0,63980.0
cooperative_limited,1000,1:4,5,network_time_spent_s,True,108688.0,115172.0,6484.0
cooperative_limited,1000,1:4,5,insertion_wait_time_s,True,121284.0,178780.0,57496.0
cooperative_limited,1000,1:4,5,unfinished_vehicles,True,0.0,20.0,20.0
cooperative_limited,1000,1:4,5,throughput_veh_h,False,1000.0,960.0,-40.0
ramp_fixed_4s,1000,1:4,5,total_time_spent_s,True,229972.0,292261.0,62289.0
ramp_fixed_4s,1000,1:4,5,network_time_spent_s,True,108688.0,113671.0,4983.0
ramp_fixed_4s,1000,1:4,5,insertion_wait_time_s,True,121284.0,178590.0,57306.0
ramp_fixed_4s,1000,1:4,5,unfinished_vehicles,True,0.0,84.0,84.0
ramp_fixed_4s,1000,1:4,5,throughput_veh_h,False,1000.0,832.0,-168.0
ramp_fixed_6s,1000,1:4,5,total_time_spent_s,True,229972.0,273565.0,43593.0
ramp_fixed_6s,1000,1:4,5,network_time_spent_s,True,108688.0,111627.0,2939.0
ramp_fixed_6s,1000,1:4,5,insertion_wait_time_s,True,121284.0,161938.0,40654.0
ramp_fixed_6s,1000,1:4,5,unfinished_vehicles,True,0.0,89.0,89.0
ramp_fixed_6s,1000,1:4,5,throughput_veh_h,False,1000.0,822.0,-178.0
ramp_fixed_8s,1000,1:4,5,total_time_spent_s,True,229972.0,297846.0,67874.0
ramp_fixed_8s,1000,1:4,5,network_time_spent_s,True,108688.0,109345.0,657.0
ramp_fixed_8s,1000,1:4,5,insertion_wait_time_s,True,121284.0,188501.0,67217.0
ramp_fixed_8s,1000,1:4,5,unfinished_vehicles,True,0.0,127.0,127.0
ramp_fixed_8s,1000,1:4,5,throughput_veh_h,False,1000.0,746.0,-254.0
cooperative_limited,1000,1:5,1,total_time_spent_s,True,33013.0,34391.0,1378.0
cooperative_limited,1000,1:5,1,network_time_spent_s,True,33013.0,34391.0,1378.0
cooperative_limited,1000,1:5,1,insertion_wait_time_s,True,0.0,0.0,0.0
cooperative_limited,1000,1:5,1,unfinished_vehicles,True,0.0,0.0,0.0
cooperative_limited,1000,1:5,1,throughput_veh_h,False,1002.0,1002.0,0.0
ramp_fixed_4s,1000,1:5,1,total_time_spent_s,True,33013.0,98936.0,65923.0
ramp_fixed_4s,1000,1:5,1,network_time_spent_s,True,33013.0,82868.0,49855.0
ramp_fixed_4s,1000,1:5,1,insertion_wait_time_s,True,0.0,16068.0,16068.0
ramp_fixed_4s,1000,1:5,1,unfinished_vehicles,True,0.0,0.0,0.0
ramp_fixed_4s,1000,1:5,1,throughput_veh_h,False,1002.0,1002.0,0.0
ramp_fixed_6s,1000,1:5,1,total_time_spent_s,True,33013.0,178890.0,145877.0
ramp_fixed_6s,1000,1:5,1,network_time_spent_s,True,33013.0,100592.0,67579.0
ramp_fixed_6s,1000,1:5,1,insertion_wait_time_s,True,0.0,78298.0,78298.0
ramp_fixed_6s,1000,1:5,1,unfinished_vehicles,True,0.0,29.0,29.0
ramp_fixed_6s,1000,1:5,1,throughput_veh_h,False,1002.0,944.0000000000001,-57.999999999999886
ramp_fixed_8s,1000,1:5,1,total_time_spent_s,True,33013.0,290475.0,257462.0
ramp_fixed_8s,1000,1:5,1,network_time_spent_s,True,33013.0,103302.0,70289.0
ramp_fixed_8s,1000,1:5,1,insertion_wait_time_s,True,0.0,187173.0,187173.0
ramp_fixed_8s,1000,1:5,1,unfinished_vehicles,True,0.0,126.0,126.0
ramp_fixed_8s,1000,1:5,1,throughput_veh_h,False,1002.0,750.0,-252.0
cooperative_limited,1000,1:5,2,total_time_spent_s,True,34341.0,35151.0,810.0
cooperative_limited,1000,1:5,2,network_time_spent_s,True,34341.0,35151.0,810.0
cooperative_limited,1000,1:5,2,insertion_wait_time_s,True,0.0,0.0,0.0
cooperative_limited,1000,1:5,2,unfinished_vehicles,True,0.0,0.0,0.0
cooperative_limited,1000,1:5,2,throughput_veh_h,False,1002.0,1002.0,0.0
ramp_fixed_4s,1000,1:5,2,total_time_spent_s,True,34341.0,87601.0,53260.0
ramp_fixed_4s,1000,1:5,2,network_time_spent_s,True,34341.0,78215.0,43874.0
ramp_fixed_4s,1000,1:5,2,insertion_wait_time_s,True,0.0,9386.0,9386.0
ramp_fixed_4s,1000,1:5,2,unfinished_vehicles,True,0.0,0.0,0.0
ramp_fixed_4s,1000,1:5,2,throughput_veh_h,False,1002.0,1002.0,0.0
ramp_fixed_6s,1000,1:5,2,total_time_spent_s,True,34341.0,179495.0,145154.0
ramp_fixed_6s,1000,1:5,2,network_time_spent_s,True,34341.0,101126.0,66785.0
ramp_fixed_6s,1000,1:5,2,insertion_wait_time_s,True,0.0,78369.0,78369.0
ramp_fixed_6s,1000,1:5,2,unfinished_vehicles,True,0.0,30.0,30.0
ramp_fixed_6s,1000,1:5,2,throughput_veh_h,False,1002.0,942.0,-60.0
ramp_fixed_8s,1000,1:5,2,total_time_spent_s,True,34341.0,291014.0,256673.0
ramp_fixed_8s,1000,1:5,2,network_time_spent_s,True,34341.0,103348.0,69007.0
ramp_fixed_8s,1000,1:5,2,insertion_wait_time_s,True,0.0,187666.0,187666.0
ramp_fixed_8s,1000,1:5,2,unfinished_vehicles,True,0.0,125.0,125.0
ramp_fixed_8s,1000,1:5,2,throughput_veh_h,False,1002.0,752.0,-250.0
cooperative_limited,1000,1:5,3,total_time_spent_s,True,32704.0,32721.0,17.0
cooperative_limited,1000,1:5,3,network_time_spent_s,True,32704.0,32721.0,17.0
cooperative_limited,1000,1:5,3,insertion_wait_time_s,True,0.0,0.0,0.0
cooperative_limited,1000,1:5,3,unfinished_vehicles,True,0.0,0.0,0.0
cooperative_limited,1000,1:5,3,throughput_veh_h,False,1002.0,1002.0,0.0
ramp_fixed_4s,1000,1:5,3,total_time_spent_s,True,32704.0,91950.0,59246.0
ramp_fixed_4s,1000,1:5,3,network_time_spent_s,True,32704.0,79605.0,46901.0
ramp_fixed_4s,1000,1:5,3,insertion_wait_time_s,True,0.0,12345.0,12345.0
ramp_fixed_4s,1000,1:5,3,unfinished_vehicles,True,0.0,0.0,0.0
ramp_fixed_4s,1000,1:5,3,throughput_veh_h,False,1002.0,1002.0,0.0
ramp_fixed_6s,1000,1:5,3,total_time_spent_s,True,32704.0,178547.0,145843.0
ramp_fixed_6s,1000,1:5,3,network_time_spent_s,True,32704.0,100486.0,67782.0
ramp_fixed_6s,1000,1:5,3,insertion_wait_time_s,True,0.0,78061.0,78061.0
ramp_fixed_6s,1000,1:5,3,unfinished_vehicles,True,0.0,30.0,30.0
ramp_fixed_6s,1000,1:5,3,throughput_veh_h,False,1002.0,942.0,-60.0
ramp_fixed_8s,1000,1:5,3,total_time_spent_s,True,32704.0,290386.0,257682.0
ramp_fixed_8s,1000,1:5,3,network_time_spent_s,True,32704.0,103204.0,70500.0
ramp_fixed_8s,1000,1:5,3,insertion_wait_time_s,True,0.0,187182.0,187182.0
ramp_fixed_8s,1000,1:5,3,unfinished_vehicles,True,0.0,126.0,126.0
ramp_fixed_8s,1000,1:5,3,throughput_veh_h,False,1002.0,750.0,-252.0
cooperative_limited,1000,1:5,4,total_time_spent_s,True,32491.0,32615.0,124.0
cooperative_limited,1000,1:5,4,network_time_spent_s,True,32491.0,32615.0,124.0
cooperative_limited,1000,1:5,4,insertion_wait_time_s,True,0.0,0.0,0.0
cooperative_limited,1000,1:5,4,unfinished_vehicles,True,0.0,0.0,0.0
cooperative_limited,1000,1:5,4,throughput_veh_h,False,1002.0,1002.0,0.0
ramp_fixed_4s,1000,1:5,4,total_time_spent_s,True,32491.0,87772.0,55281.0
ramp_fixed_4s,1000,1:5,4,network_time_spent_s,True,32491.0,78840.0,46349.0
ramp_fixed_4s,1000,1:5,4,insertion_wait_time_s,True,0.0,8932.0,8932.0
ramp_fixed_4s,1000,1:5,4,unfinished_vehicles,True,0.0,0.0,0.0
ramp_fixed_4s,1000,1:5,4,throughput_veh_h,False,1002.0,1002.0,0.0
ramp_fixed_6s,1000,1:5,4,total_time_spent_s,True,32491.0,178435.0,145944.0
ramp_fixed_6s,1000,1:5,4,network_time_spent_s,True,32491.0,100408.0,67917.0
ramp_fixed_6s,1000,1:5,4,insertion_wait_time_s,True,0.0,78027.0,78027.0
ramp_fixed_6s,1000,1:5,4,unfinished_vehicles,True,0.0,29.0,29.0
ramp_fixed_6s,1000,1:5,4,throughput_veh_h,False,1002.0,944.0000000000001,-57.999999999999886
ramp_fixed_8s,1000,1:5,4,total_time_spent_s,True,32491.0,290349.0,257858.0
ramp_fixed_8s,1000,1:5,4,network_time_spent_s,True,32491.0,103201.0,70710.0
ramp_fixed_8s,1000,1:5,4,insertion_wait_time_s,True,0.0,187148.0,187148.0
ramp_fixed_8s,1000,1:5,4,unfinished_vehicles,True,0.0,125.0,125.0
ramp_fixed_8s,1000,1:5,4,throughput_veh_h,False,1002.0,752.0,-250.0
cooperative_limited,1000,1:5,5,total_time_spent_s,True,33120.0,33653.0,533.0
cooperative_limited,1000,1:5,5,network_time_spent_s,True,33120.0,33653.0,533.0
cooperative_limited,1000,1:5,5,insertion_wait_time_s,True,0.0,0.0,0.0
cooperative_limited,1000,1:5,5,unfinished_vehicles,True,0.0,0.0,0.0
cooperative_limited,1000,1:5,5,throughput_veh_h,False,1002.0,1002.0,0.0
ramp_fixed_4s,1000,1:5,5,total_time_spent_s,True,33120.0,81989.0,48869.0
ramp_fixed_4s,1000,1:5,5,network_time_spent_s,True,33120.0,75444.0,42324.0
ramp_fixed_4s,1000,1:5,5,insertion_wait_time_s,True,0.0,6545.0,6545.0
ramp_fixed_4s,1000,1:5,5,unfinished_vehicles,True,0.0,0.0,0.0
ramp_fixed_4s,1000,1:5,5,throughput_veh_h,False,1002.0,1002.0,0.0
ramp_fixed_6s,1000,1:5,5,total_time_spent_s,True,33120.0,179811.0,146691.0
ramp_fixed_6s,1000,1:5,5,network_time_spent_s,True,33120.0,100952.0,67832.0
ramp_fixed_6s,1000,1:5,5,insertion_wait_time_s,True,0.0,78859.0,78859.0
ramp_fixed_6s,1000,1:5,5,unfinished_vehicles,True,0.0,30.0,30.0
ramp_fixed_6s,1000,1:5,5,throughput_veh_h,False,1002.0,942.0,-60.0
ramp_fixed_8s,1000,1:5,5,total_time_spent_s,True,33120.0,290817.0,257697.0
ramp_fixed_8s,1000,1:5,5,network_time_spent_s,True,33120.0,103395.0,70275.0
ramp_fixed_8s,1000,1:5,5,insertion_wait_time_s,True,0.0,187422.0,187422.0
ramp_fixed_8s,1000,1:5,5,unfinished_vehicles,True,0.0,126.0,126.0
ramp_fixed_8s,1000,1:5,5,throughput_veh_h,False,1002.0,750.0,-252.0
cooperative_limited,1200,1:1,1,total_time_spent_s,True,352211.0,358583.0,6372.0
cooperative_limited,1200,1:1,1,network_time_spent_s,True,130628.0,130992.0,364.0
cooperative_limited,1200,1:1,1,insertion_wait_time_s,True,221583.0,227591.0,6008.0
cooperative_limited,1200,1:1,1,unfinished_vehicles,True,62.0,63.0,1.0
cooperative_limited,1200,1:1,1,throughput_veh_h,False,1076.0,1074.0,-2.0
ramp_fixed_4s,1200,1:1,1,total_time_spent_s,True,352211.0,375347.0,23136.0
ramp_fixed_4s,1200,1:1,1,network_time_spent_s,True,130628.0,129755.0,-873.0
ramp_fixed_4s,1200,1:1,1,insertion_wait_time_s,True,221583.0,245592.0,24009.0
ramp_fixed_4s,1200,1:1,1,unfinished_vehicles,True,62.0,144.0,82.0
ramp_fixed_4s,1200,1:1,1,throughput_veh_h,False,1076.0,912.0000000000001,-163.9999999999999
ramp_fixed_6s,1200,1:1,1,total_time_spent_s,True,352211.0,378760.0,26549.0
ramp_fixed_6s,1200,1:1,1,network_time_spent_s,True,130628.0,129572.0,-1056.0
ramp_fixed_6s,1200,1:1,1,insertion_wait_time_s,True,221583.0,249188.0,27605.0
ramp_fixed_6s,1200,1:1,1,unfinished_vehicles,True,62.0,162.0,100.0
ramp_fixed_6s,1200,1:1,1,throughput_veh_h,False,1076.0,876.0,-200.0
ramp_fixed_8s,1200,1:1,1,total_time_spent_s,True,352211.0,389394.0,37183.0
ramp_fixed_8s,1200,1:1,1,network_time_spent_s,True,130628.0,129556.0,-1072.0
ramp_fixed_8s,1200,1:1,1,insertion_wait_time_s,True,221583.0,259838.0,38255.0
ramp_fixed_8s,1200,1:1,1,unfinished_vehicles,True,62.0,187.0,125.0
ramp_fixed_8s,1200,1:1,1,throughput_veh_h,False,1076.0,826.0,-250.0
cooperative_limited,1200,1:1,2,total_time_spent_s,True,347235.0,361635.0,14400.0
cooperative_limited,1200,1:1,2,network_time_spent_s,True,130829.0,131632.0,803.0
cooperative_limited,1200,1:1,2,insertion_wait_time_s,True,216406.0,230003.0,13597.0
cooperative_limited,1200,1:1,2,unfinished_vehicles,True,51.0,63.0,12.0
cooperative_limited,1200,1:1,2,throughput_veh_h,False,1098.0,1074.0,-24.0
ramp_fixed_4s,1200,1:1,2,total_time_spent_s,True,347235.0,370326.0,23091.0
ramp_fixed_4s,1200,1:1,2,network_time_spent_s,True,130829.0,129721.0,-1108.0
ramp_fixed_4s,1200,1:1,2,insertion_wait_time_s,True,216406.0,240605.0,24199.0
ramp_fixed_4s,1200,1:1,2,unfinished_vehicles,True,51.0,135.0,84.0
ramp_fixed_4s,1200,1:1,2,throughput_veh_h,False,1098.0,930.0000000000001,-167.9999999999999
ramp_fixed_6s,1200,1:1,2,total_time_spent_s,True,347235.0,376233.0,28998.0
ramp_fixed_6s,1200,1:1,2,network_time_spent_s,True,130829.0,129517.0,-1312.0
ramp_fixed_6s,1200,1:1,2,insertion_wait_time_s,True,216406.0,246716.0,30310.0
ramp_fixed_6s,1200,1:1,2,unfinished_vehicles,True,51.0,157.0,106.0
ramp_fixed_6s,1200,1:1,2,throughput_veh_h,False,1098.0,886.0,-212.0
ramp_fixed_8s,1200,1:1,2,total_time_spent_s,True,347235.0,380225.0,32990.0
ramp_fixed_8s,1200,1:1,2,network_time_spent_s,True,130829.0,129413.0,-1416.0
ramp_fixed_8s,1200,1:1,2,insertion_wait_time_s,True,216406.0,250812.0,34406.0
ramp_fixed_8s,1200,1:1,2,unfinished_vehicles,True,51.0,177.0,126.0
ramp_fixed_8s,1200,1:1,2,throughput_veh_h,False,1098.0,846.0,-252.0
cooperative_limited,1200,1:1,3,total_time_spent_s,True,363808.0,369741.0,5933.0
cooperative_limited,1200,1:1,3,network_time_spent_s,True,131312.0,131555.0,243.0
cooperative_limited,1200,1:1,3,insertion_wait_time_s,True,232496.0,238186.0,5690.0
cooperative_limited,1200,1:1,3,unfinished_vehicles,True,68.0,70.0,2.0
cooperative_limited,1200,1:1,3,throughput_veh_h,False,1064.0,1060.0,-4.0
ramp_fixed_4s,1200,1:1,3,total_time_spent_s,True,363808.0,385652.0,21844.0
ramp_fixed_4s,1200,1:1,3,network_time_spent_s,True,131312.0,129558.0,-1754.0
ramp_fixed_4s,1200,1:1,3,insertion_wait_time_s,True,232496.0,256094.0,23598.0
ramp_fixed_4s,1200,1:1,3,unfinished_vehicles,True,68.0,151.0,83.0
ramp_fixed_4s,1200,1:1,3,throughput_veh_h,False,1064.0,898.0,-166.0
ramp_fixed_6s,1200,1:1,3,total_time_spent_s,True,363808.0,389689.0,25881.0
ramp_fixed_6s,1200,1:1,3,network_time_spent_s,True,131312.0,129465.0,-1847.0
ramp_fixed_6s,1200,1:1,3,insertion_wait_time_s,True,232496.0,260224.0,27728.0
ramp_fixed_6s,1200,1:1,3,unfinished_vehicles,True,68.0,169.0,101.0
ramp_fixed_6s,1200,1:1,3,throughput_veh_h,False,1064.0,862.0,-202.0
ramp_fixed_8s,1200,1:1,3,total_time_spent_s,True,363808.0,394264.0,30456.0
ramp_fixed_8s,1200,1:1,3,network_time_spent_s,True,131312.0,129363.0,-1949.0
ramp_fixed_8s,1200,1:1,3,insertion_wait_time_s,True,232496.0,264901.0,32405.0
ramp_fixed_8s,1200,1:1,3,unfinished_vehicles,True,68.0,191.0,123.0
ramp_fixed_8s,1200,1:1,3,throughput_veh_h,False,1064.0,818.0,-246.0
cooperative_limited,1200,1:1,4,total_time_spent_s,True,369841.0,364568.0,-5273.0
cooperative_limited,1200,1:1,4,network_time_spent_s,True,131177.0,131265.0,88.0
cooperative_limited,1200,1:1,4,insertion_wait_time_s,True,238664.0,233303.0,-5361.0
cooperative_limited,1200,1:1,4,unfinished_vehicles,True,68.0,66.0,-2.0
cooperative_limited,1200,1:1,4,throughput_veh_h,False,1064.0,1068.0,4.0
ramp_fixed_4s,1200,1:1,4,total_time_spent_s,True,369841.0,392188.0,22347.0
ramp_fixed_4s,1200,1:1,4,network_time_spent_s,True,131177.0,130105.0,-1072.0
ramp_fixed_4s,1200,1:1,4,insertion_wait_time_s,True,238664.0,262083.0,23419.0
ramp_fixed_4s,1200,1:1,4,unfinished_vehicles,True,68.0,153.0,85.0
ramp_fixed_4s,1200,1:1,4,throughput_veh_h,False,1064.0,894.0,-170.0
ramp_fixed_6s,1200,1:1,4,total_time_spent_s,True,369841.0,396809.0,26968.0
ramp_fixed_6s,1200,1:1,4,network_time_spent_s,True,131177.0,130036.0,-1141.0
ramp_fixed_6s,1200,1:1,4,insertion_wait_time_s,True,238664.0,266773.0,28109.0
ramp_fixed_6s,1200,1:1,4,unfinished_vehicles,True,68.0,172.0,104.0
ramp_fixed_6s,1200,1:1,4,throughput_veh_h,False,1064.0,856.0,-208.0
ramp_fixed_8s,1200,1:1,4,total_time_spent_s,True,369841.0,399754.0,29913.0
ramp_fixed_8s,1200,1:1,4,network_time_spent_s,True,131177.0,129955.0,-1222.0
ramp_fixed_8s,1200,1:1,4,insertion_wait_time_s,True,238664.0,269799.0,31135.0
ramp_fixed_8s,1200,1:1,4,unfinished_vehicles,True,68.0,191.0,123.0
ramp_fixed_8s,1200,1:1,4,throughput_veh_h,False,1064.0,818.0,-246.0
cooperative_limited,1200,1:1,5,total_time_spent_s,True,362143.0,364589.0,2446.0
cooperative_limited,1200,1:1,5,network_time_spent_s,True,131322.0,131452.0,130.0
cooperative_limited,1200,1:1,5,insertion_wait_time_s,True,230821.0,233137.0,2316.0
cooperative_limited,1200,1:1,5,unfinished_vehicles,True,68.0,70.0,2.0
cooperative_limited,1200,1:1,5,throughput_veh_h,False,1064.0,1060.0,-4.0
ramp_fixed_4s,1200,1:1,5,total_time_spent_s,True,362143.0,380244.0,18101.0
ramp_fixed_4s,1200,1:1,5,network_time_spent_s,True,131322.0,129983.0,-1339.0
ramp_fixed_4s,1200,1:1,5,insertion_wait_time_s,True,230821.0,250261.0,19440.0
ramp_fixed_4s,1200,1:1,5,unfinished_vehicles,True,68.0,146.0,78.0
ramp_fixed_4s,1200,1:1,5,throughput_veh_h,False,1064.0,908.0,-156.0
ramp_fixed_6s,1200,1:1,5,total_time_spent_s,True,362143.0,384816.0,22673.0
ramp_fixed_6s,1200,1:1,5,network_time_spent_s,True,131322.0,129893.0,-1429.0
ramp_fixed_6s,1200,1:1,5,insertion_wait_time_s,True,230821.0,254923.0,24102.0
ramp_fixed_6s,1200,1:1,5,unfinished_vehicles,True,68.0,168.0,100.0
ramp_fixed_6s,1200,1:1,5,throughput_veh_h,False,1064.0,864.0,-200.0
ramp_fixed_8s,1200,1:1,5,total_time_spent_s,True,362143.0,395253.0,33110.0
ramp_fixed_8s,1200,1:1,5,network_time_spent_s,True,131322.0,129909.0,-1413.0
ramp_fixed_8s,1200,1:1,5,insertion_wait_time_s,True,230821.0,265344.0,34523.0
ramp_fixed_8s,1200,1:1,5,unfinished_vehicles,True,68.0,190.0,122.0
ramp_fixed_8s,1200,1:1,5,throughput_veh_h,False,1064.0,820.0,-244.0
cooperative_limited,1200,1:2,1,total_time_spent_s,True,469013.0,456697.0,-12316.0
cooperative_limited,1200,1:2,1,network_time_spent_s,True,126634.0,126485.0,-149.0
cooperative_limited,1200,1:2,1,insertion_wait_time_s,True,342379.0,330212.0,-12167.0
cooperative_limited,1200,1:2,1,unfinished_vehicles,True,138.0,130.0,-8.0
cooperative_limited,1200,1:2,1,throughput_veh_h,False,924.0,940.0000000000001,16.000000000000114
ramp_fixed_4s,1200,1:2,1,total_time_spent_s,True,469013.0,486677.0,17664.0
ramp_fixed_4s,1200,1:2,1,network_time_spent_s,True,126634.0,125465.0,-1169.0
ramp_fixed_4s,1200,1:2,1,insertion_wait_time_s,True,342379.0,361212.0,18833.0
ramp_fixed_4s,1200,1:2,1,unfinished_vehicles,True,138.0,221.0,83.0
ramp_fixed_4s,1200,1:2,1,throughput_veh_h,False,924.0,758.0,-166.0
ramp_fixed_6s,1200,1:2,1,total_time_spent_s,True,469013.0,491710.0,22697.0
ramp_fixed_6s,1200,1:2,1,network_time_spent_s,True,126634.0,125401.0,-1233.0
ramp_fixed_6s,1200,1:2,1,insertion_wait_time_s,True,342379.0,366309.0,23930.0
ramp_fixed_6s,1200,1:2,1,unfinished_vehicles,True,138.0,240.0,102.0
ramp_fixed_6s,1200,1:2,1,throughput_veh_h,False,924.0,720.0,-204.0
ramp_fixed_8s,1200,1:2,1,total_time_spent_s,True,469013.0,502674.0,33661.0
ramp_fixed_8s,1200,1:2,1,network_time_spent_s,True,126634.0,125371.0,-1263.0
ramp_fixed_8s,1200,1:2,1,insertion_wait_time_s,True,342379.0,377303.0,34924.0
ramp_fixed_8s,1200,1:2,1,unfinished_vehicles,True,138.0,264.0,126.0
ramp_fixed_8s,1200,1:2,1,throughput_veh_h,False,924.0,672.0,-252.0
cooperative_limited,1200,1:2,2,total_time_spent_s,True,465288.0,474593.0,9305.0
cooperative_limited,1200,1:2,2,network_time_spent_s,True,127071.0,127306.0,235.0
cooperative_limited,1200,1:2,2,insertion_wait_time_s,True,338217.0,347287.0,9070.0
cooperative_limited,1200,1:2,2,unfinished_vehicles,True,134.0,142.0,8.0
cooperative_limited,1200,1:2,2,throughput_veh_h,False,932.0,915.9999999999999,-16.000000000000114
ramp_fixed_4s,1200,1:2,2,total_time_spent_s,True,465288.0,487187.0,21899.0
ramp_fixed_4s,1200,1:2,2,network_time_spent_s,True,127071.0,125760.0,-1311.0
ramp_fixed_4s,1200,1:2,2,insertion_wait_time_s,True,338217.0,361427.0,23210.0
ramp_fixed_4s,1200,1:2,2,unfinished_vehicles,True,134.0,217.0,83.0
ramp_fixed_4s,1200,1:2,2,throughput_veh_h,False,932.0,766.0,-166.0
ramp_fixed_6s,1200,1:2,2,total_time_spent_s,True,465288.0,494698.0,29410.0
ramp_fixed_6s,1200,1:2,2,network_time_spent_s,True,127071.0,125565.0,-1506.0
ramp_fixed_6s,1200,1:2,2,insertion_wait_time_s,True,338217.0,369133.0,30916.0
ramp_fixed_6s,1200,1:2,2,unfinished_vehicles,True,134.0,240.0,106.0
ramp_fixed_6s,1200,1:2,2,throughput_veh_h,False,932.0,720.0,-212.0
ramp_fixed_8s,1200,1:2,2,total_time_spent_s,True,465288.0,500481.0,35193.0
ramp_fixed_8s,1200,1:2,2,network_time_spent_s,True,127071.0,125411.0,-1660.0
ramp_fixed_8s,1200,1:2,2,insertion_wait_time_s,True,338217.0,375070.0,36853.0
ramp_fixed_8s,1200,1:2,2,unfinished_vehicles,True,134.0,261.0,127.0
ramp_fixed_8s,1200,1:2,2,throughput_veh_h,False,932.0,678.0,-254.0
cooperative_limited,1200,1:2,3,total_time_spent_s,True,468076.0,474116.0,6040.0
cooperative_limited,1200,1:2,3,network_time_spent_s,True,126985.0,127302.0,317.0
cooperative_limited,1200,1:2,3,insertion_wait_time_s,True,341091.0,346814.0,5723.0
cooperative_limited,1200,1:2,3,unfinished_vehicles,True,138.0,142.0,4.0
cooperative_limited,1200,1:2,3,throughput_veh_h,False,924.0,915.9999999999999,-8.000000000000114
ramp_fixed_4s,1200,1:2,3,total_time_spent_s,True,468076.0,491282.0,23206.0
ramp_fixed_4s,1200,1:2,3,network_time_spent_s,True,126985.0,125635.0,-1350.0
ramp_fixed_4s,1200,1:2,3,insertion_wait_time_s,True,341091.0,365647.0,24556.0
ramp_fixed_4s,1200,1:2,3,unfinished_vehicles,True,138.0,222.0,84.0
ramp_fixed_4s,1200,1:2,3,throughput_veh_h,False,924.0,756.0,-168.0
ramp_fixed_6s,1200,1:2,3,total_time_spent_s,True,468076.0,504057.0,35981.0
ramp_fixed_6s,1200,1:2,3,network_time_spent_s,True,126985.0,125639.0,-1346.0
ramp_fixed_6s,1200,1:2,3,insertion_wait_time_s,True,341091.0,378418.0,37327.0
ramp_fixed_6s,1200,1:2,3,unfinished_vehicles,True,138.0,248.0,110.0
ramp_fixed_6s,1200,1:2,3,throughput_veh_h,False,924.0,704.0,-220.0
ramp_fixed_8s,1200,1:2,3,total_time_spent_s,True,468076.0,502253.0,34177.0
ramp_fixed_8s,1200,1:2,3,network_time_spent_s,True,126985.0,125407.0,-1578.0
ramp_fixed_8s,1200,1:2,3,insertion_wait_time_s,True,341091.0,376846.0,35755.0
ramp_fixed_8s,1200,1:2,3,unfinished_vehicles,True,138.0,265.0,127.0
ramp_fixed_8s,1200,1:2,3,throughput_veh_h,False,924.0,670.0,-254.0
cooperative_limited,1200,1:2,4,total_time_spent_s,True,470739.0,464109.0,-6630.0
cooperative_limited,1200,1:2,4,network_time_spent_s,True,126761.0,126751.0,-10.0
cooperative_limited,1200,1:2,4,insertion_wait_time_s,True,343978.0,337358.0,-6620.0
cooperative_limited,1200,1:2,4,unfinished_vehicles,True,142.0,134.0,-8.0
cooperative_limited,1200,1:2,4,throughput_veh_h,False,915.9999999999999,932.0,16.000000000000114
ramp_fixed_4s,1200,1:2,4,total_time_spent_s,True,470739.0,495034.0,24295.0
ramp_fixed_4s,1200,1:2,4,network_time_spent_s,True,126761.0,125174.0,-1587.0
ramp_fixed_4s,1200,1:2,4,insertion_wait_time_s,True,343978.0,369860.0,25882.0
ramp_fixed_4s,1200,1:2,4,unfinished_vehicles,True,142.0,226.0,84.0
ramp_fixed_4s,1200,1:2,4,throughput_veh_h,False,915.9999999999999,748.0,-167.9999999999999
ramp_fixed_6s,1200,1:2,4,total_time_spent_s,True,470739.0,497220.0,26481.0
ramp_fixed_6s,1200,1:2,4,network_time_spent_s,True,126761.0,125106.0,-1655.0
ramp_fixed_6s,1200,1:2,4,insertion_wait_time_s,True,343978.0,372114.0,28136.0
ramp_fixed_6s,1200,1:2,4,unfinished_vehicles,True,142.0,244.0,102.0
ramp_fixed_6s,1200,1:2,4,throughput_veh_h,False,915.9999999999999,712.0,-203.9999999999999
ramp_fixed_8s,1200,1:2,4,total_time_spent_s,True,470739.0,487218.0,16479.0
ramp_fixed_8s,1200,1:2,4,network_time_spent_s,True,126761.0,123991.0,-2770.0
ramp_fixed_8s,1200,1:2,4,insertion_wait_time_s,True,343978.0,363227.0,19249.0
ramp_fixed_8s,1200,1:2,4,unfinished_vehicles,True,142.0,258.0,116.0
ramp_fixed_8s,1200,1:2,4,throughput_veh_h,False,915.9999999999999,684.0,-231.9999999999999
cooperative_limited,1200,1:2,5,total_time_spent_s,True,461308.0,450994.0,-10314.0
cooperative_limited,1200,1:2,5,network_time_spent_s,True,126017.0,126144.0,127.0
cooperative_limited,1200,1:2,5,insertion_wait_time_s,True,335291.0,324850.0,-10441.0
cooperative_limited,1200,1:2,5,unfinished_vehicles,True,136.0,127.0,-9.0
cooperative_limited,1200,1:2,5,throughput_veh_h,False,928.0,946.0,18.0
ramp_fixed_4s,1200,1:2,5,total_time_spent_s,True,461308.0,484847.0,23539.0
ramp_fixed_4s,1200,1:2,5,network_time_spent_s,True,126017.0,125245.0,-772.0
ramp_fixed_4s,1200,1:2,5,insertion_wait_time_s,True,335291.0,359602.0,24311.0
ramp_fixed_4s,1200,1:2,5,unfinished_vehicles,True,136.0,219.0,83.0
ramp_fixed_4s,1200,1:2,5,throughput_veh_h,False,928.0,762.0,-166.0
ramp_fixed_6s,1200,1:2,5,total_time_spent_s,True,461308.0,491326.0,30018.0
ramp_fixed_6s,1200,1:2,5,network_time_spent_s,True,126017.0,125221.0,-796.0
ramp_fixed_6s,1200,1:2,5,insertion_wait_time_s,True,335291.0,366105.0,30814.0
ramp_fixed_6s,1200,1:2,5,unfinished_vehicles,True,136.0,242.0,106.0
ramp_fixed_6s,1200,1:2,5,throughput_veh_h,False,928.0,716.0,-212.0
ramp_fixed_8s,1200,1:2,5,total_time_spent_s,True,461308.0,506616.0,45308.0
ramp_fixed_8s,1200,1:2,5,network_time_spent_s,True,126017.0,125222.0,-795.0
ramp_fixed_8s,1200,1:2,5,insertion_wait_time_s,True,335291.0,381394.0,46103.0
ramp_fixed_8s,1200,1:2,5,unfinished_vehicles,True,136.0,267.0,131.0
ramp_fixed_8s,1200,1:2,5,throughput_veh_h,False,928.0,666.0,-262.0
cooperative_limited,1200,1:3,1,total_time_spent_s,True,477236.0,486324.0,9088.0
cooperative_limited,1200,1:3,1,network_time_spent_s,True,123546.0,123731.0,185.0
cooperative_limited,1200,1:3,1,insertion_wait_time_s,True,353690.0,362593.0,8903.0
cooperative_limited,1200,1:3,1,unfinished_vehicles,True,143.0,149.0,6.0
cooperative_limited,1200,1:3,1,throughput_veh_h,False,914.0,901.9999999999999,-12.000000000000114
ramp_fixed_4s,1200,1:3,1,total_time_spent_s,True,477236.0,497896.0,20660.0
ramp_fixed_4s,1200,1:3,1,network_time_spent_s,True,123546.0,121825.0,-1721.0
ramp_fixed_4s,1200,1:3,1,insertion_wait_time_s,True,353690.0,376071.0,22381.0
ramp_fixed_4s,1200,1:3,1,unfinished_vehicles,True,143.0,229.0,86.0
ramp_fixed_4s,1200,1:3,1,throughput_veh_h,False,914.0,742.0,-172.0
ramp_fixed_6s,1200,1:3,1,total_time_spent_s,True,477236.0,511581.0,34345.0
ramp_fixed_6s,1200,1:3,1,network_time_spent_s,True,123546.0,121839.0,-1707.0
ramp_fixed_6s,1200,1:3,1,insertion_wait_time_s,True,353690.0,389742.0,36052.0
ramp_fixed_6s,1200,1:3,1,unfinished_vehicles,True,143.0,254.0,111.0
ramp_fixed_6s,1200,1:3,1,throughput_veh_h,False,914.0,692.0,-222.0
ramp_fixed_8s,1200,1:3,1,total_time_spent_s,True,477236.0,495083.0,17847.0
ramp_fixed_8s,1200,1:3,1,network_time_spent_s,True,123546.0,119954.0,-3592.0
ramp_fixed_8s,1200,1:3,1,insertion_wait_time_s,True,353690.0,375129.0,21439.0
ramp_fixed_8s,1200,1:3,1,unfinished_vehicles,True,143.0,267.0,124.0
ramp_fixed_8s,1200,1:3,1,throughput_veh_h,False,914.0,666.0,-248.0
cooperative_limited,1200,1:3,2,total_time_spent_s,True,499983.0,488089.0,-11894.0
cooperative_limited,1200,1:3,2,network_time_spent_s,True,124371.0,124427.0,56.0
cooperative_limited,1200,1:3,2,insertion_wait_time_s,True,375612.0,363662.0,-11950.0
cooperative_limited,1200,1:3,2,unfinished_vehicles,True,154.0,147.0,-7.0
cooperative_limited,1200,1:3,2,throughput_veh_h,False,892.0,905.9999999999999,13.999999999999886
ramp_fixed_4s,1200,1:3,2,total_time_spent_s,True,499983.0,511069.0,11086.0
ramp_fixed_4s,1200,1:3,2,network_time_spent_s,True,124371.0,122151.0,-2220.0
ramp_fixed_4s,1200,1:3,2,insertion_wait_time_s,True,375612.0,388918.0,13306.0
ramp_fixed_4s,1200,1:3,2,unfinished_vehicles,True,154.0,235.0,81.0
ramp_fixed_4s,1200,1:3,2,throughput_veh_h,False,892.0,730.0,-162.0
ramp_fixed_6s,1200,1:3,2,total_time_spent_s,True,499983.0,519171.0,19188.0
ramp_fixed_6s,1200,1:3,2,network_time_spent_s,True,124371.0,121924.0,-2447.0
ramp_fixed_6s,1200,1:3,2,insertion_wait_time_s,True,375612.0,397247.0,21635.0
ramp_fixed_6s,1200,1:3,2,unfinished_vehicles,True,154.0,256.0,102.0
ramp_fixed_6s,1200,1:3,2,throughput_veh_h,False,892.0,688.0,-204.0
ramp_fixed_8s,1200,1:3,2,total_time_spent_s,True,499983.0,532392.0,32409.0
ramp_fixed_8s,1200,1:3,2,network_time_spent_s,True,124371.0,122007.0,-2364.0
ramp_fixed_8s,1200,1:3,2,insertion_wait_time_s,True,375612.0,410385.0,34773.0
ramp_fixed_8s,1200,1:3,2,unfinished_vehicles,True,154.0,286.0,132.0
ramp_fixed_8s,1200,1:3,2,throughput_veh_h,False,892.0,628.0,-264.0
cooperative_limited,1200,1:3,3,total_time_spent_s,True,505559.0,509345.0,3786.0
cooperative_limited,1200,1:3,3,network_time_spent_s,True,124240.0,124517.0,277.0
cooperative_limited,1200,1:3,3,insertion_wait_time_s,True,381319.0,384828.0,3509.0
cooperative_limited,1200,1:3,3,unfinished_vehicles,True,163.0,168.0,5.0
cooperative_limited,1200,1:3,3,throughput_veh_h,False,874.0,864.0,-10.0
ramp_fixed_4s,1200,1:3,3,total_time_spent_s,True,505559.0,520699.0,15140.0
ramp_fixed_4s,1200,1:3,3,network_time_spent_s,True,124240.0,122293.0,-1947.0
ramp_fixed_4s,1200,1:3,3,insertion_wait_time_s,True,381319.0,398406.0,17087.0
ramp_fixed_4s,1200,1:3,3,unfinished_vehicles,True,163.0,245.0,82.0
ramp_fixed_4s,1200,1:3,3,throughput_veh_h,False,874.0,710.0,-164.0
ramp_fixed_6s,1200,1:3,3,total_time_spent_s,True,505559.0,525052.0,19493.0
ramp_fixed_6s,1200,1:3,3,network_time_spent_s,True,124240.0,121985.0,-2255.0
ramp_fixed_6s,1200,1:3,3,insertion_wait_time_s,True,381319.0,403067.0,21748.0
ramp_fixed_6s,1200,1:3,3,unfinished_vehicles,True,163.0,264.0,101.0
ramp_fixed_6s,1200,1:3,3,throughput_veh_h,False,874.0,672.0,-202.0
ramp_fixed_8s,1200,1:3,3,total_time_spent_s,True,505559.0,519343.0,13784.0
ramp_fixed_8s,1200,1:3,3,network_time_spent_s,True,124240.0,120889.0,-3351.0
ramp_fixed_8s,1200,1:3,3,insertion_wait_time_s,True,381319.0,398454.0,17135.0
ramp_fixed_8s,1200,1:3,3,unfinished_vehicles,True,163.0,281.0,118.0
ramp_fixed_8s,1200,1:3,3,throughput_veh_h,False,874.0,638.0,-236.0
cooperative_limited,1200,1:3,4,total_time_spent_s,True,494610.0,480176.0,-14434.0
cooperative_limited,1200,1:3,4,network_time_spent_s,True,123387.0,123398.0,11.0
cooperative_limited,1200,1:3,4,insertion_wait_time_s,True,371223.0,356778.0,-14445.0
cooperative_limited,1200,1:3,4,unfinished_vehicles,True,156.0,150.0,-6.0
cooperative_limited,1200,1:3,4,throughput_veh_h,False,888.0,900.0,12.0
ramp_fixed_4s,1200,1:3,4,total_time_spent_s,True,494610.0,517655.0,23045.0
ramp_fixed_4s,1200,1:3,4,network_time_spent_s,True,123387.0,122104.0,-1283.0
ramp_fixed_4s,1200,1:3,4,insertion_wait_time_s,True,371223.0,395551.0,24328.0
ramp_fixed_4s,1200,1:3,4,unfinished_vehicles,True,156.0,244.0,88.0
ramp_fixed_4s,1200,1:3,4,throughput_veh_h,False,888.0,712.0,-176.0
ramp_fixed_6s,1200,1:3,4,total_time_spent_s,True,494610.0,481314.0,-13296.0
ramp_fixed_6s,1200,1:3,4,network_time_spent_s,True,123387.0,119461.0,-3926.0
ramp_fixed_6s,1200,1:3,4,insertion_wait_time_s,True,371223.0,361853.0,-9370.0
ramp_fixed_6s,1200,1:3,4,unfinished_vehicles,True,156.0,242.0,86.0
ramp_fixed_6s,1200,1:3,4,throughput_veh_h,False,888.0,716.0,-172.0
ramp_fixed_8s,1200,1:3,4,total_time_spent_s,True,494610.0,523865.0,29255.0
ramp_fixed_8s,1200,1:3,4,network_time_spent_s,True,123387.0,121050.0,-2337.0
ramp_fixed_8s,1200,1:3,4,insertion_wait_time_s,True,371223.0,402815.0,31592.0
ramp_fixed_8s,1200,1:3,4,unfinished_vehicles,True,156.0,282.0,126.0
ramp_fixed_8s,1200,1:3,4,throughput_veh_h,False,888.0,636.0,-252.0
cooperative_limited,1200,1:3,5,total_time_spent_s,True,497520.0,490529.0,-6991.0
cooperative_limited,1200,1:3,5,network_time_spent_s,True,123948.0,124076.0,128.0
cooperative_limited,1200,1:3,5,insertion_wait_time_s,True,373572.0,366453.0,-7119.0
cooperative_limited,1200,1:3,5,unfinished_vehicles,True,156.0,151.0,-5.0
cooperative_limited,1200,1:3,5,throughput_veh_h,False,888.0,898.0,10.0
ramp_fixed_4s,1200,1:3,5,total_time_spent_s,True,497520.0,524270.0,26750.0
ramp_fixed_4s,1200,1:3,5,network_time_spent_s,True,123948.0,122705.0,-1243.0
ramp_fixed_4s,1200,1:3,5,insertion_wait_time_s,True,373572.0,401565.0,27993.0
ramp_fixed_4s,1200,1:3,5,unfinished_vehicles,True,156.0,246.0,90.0
ramp_fixed_4s,1200,1:3,5,throughput_veh_h,False,888.0,708.0,-180.0
ramp_fixed_6s,1200,1:3,5,total_time_spent_s,True,497520.0,528891.0,31371.0
ramp_fixed_6s,1200,1:3,5,network_time_spent_s,True,123948.0,122403.0,-1545.0
ramp_fixed_6s,1200,1:3,5,insertion_wait_time_s,True,373572.0,406488.0,32916.0
ramp_fixed_6s,1200,1:3,5,unfinished_vehicles,True,156.0,264.0,108.0
ramp_fixed_6s,1200,1:3,5,throughput_veh_h,False,888.0,672.0,-216.0
ramp_fixed_8s,1200,1:3,5,total_time_spent_s,True,497520.0,524590.0,27070.0
ramp_fixed_8s,1200,1:3,5,network_time_spent_s,True,123948.0,121753.0,-2195.0
ramp_fixed_8s,1200,1:3,5,insertion_wait_time_s,True,373572.0,402837.0,29265.0
ramp_fixed_8s,1200,1:3,5,unfinished_vehicles,True,156.0,276.0,120.0
ramp_fixed_8s,1200,1:3,5,throughput_veh_h,False,888.0,648.0,-240.0
cooperative_limited,1200,1:4,1,total_time_spent_s,True,482673.0,481263.0,-1410.0
cooperative_limited,1200,1:4,1,network_time_spent_s,True,121373.0,121730.0,357.0
cooperative_limited,1200,1:4,1,insertion_wait_time_s,True,361300.0,359533.0,-1767.0
cooperative_limited,1200,1:4,1,unfinished_vehicles,True,148.0,144.0,-4.0
cooperative_limited,1200,1:4,1,throughput_veh_h,False,904.0,912.0000000000001,8.000000000000114
ramp_fixed_4s,1200,1:4,1,total_time_spent_s,True,482673.0,506006.0,23333.0
ramp_fixed_4s,1200,1:4,1,network_time_spent_s,True,121373.0,119938.0,-1435.0
ramp_fixed_4s,1200,1:4,1,insertion_wait_time_s,True,361300.0,386068.0,24768.0
ramp_fixed_4s,1200,1:4,1,unfinished_vehicles,True,148.0,234.0,86.0
ramp_fixed_4s,1200,1:4,1,throughput_veh_h,False,904.0,732.0,-172.0
ramp_fixed_6s,1200,1:4,1,total_time_spent_s,True,482673.0,495719.0,13046.0
ramp_fixed_6s,1200,1:4,1,network_time_spent_s,True,121373.0,118317.0,-3056.0
ramp_fixed_6s,1200,1:4,1,insertion_wait_time_s,True,361300.0,377402.0,16102.0
ramp_fixed_6s,1200,1:4,1,unfinished_vehicles,True,148.0,244.0,96.0
ramp_fixed_6s,1200,1:4,1,throughput_veh_h,False,904.0,712.0,-192.0
ramp_fixed_8s,1200,1:4,1,total_time_spent_s,True,482673.0,498110.0,15437.0
ramp_fixed_8s,1200,1:4,1,network_time_spent_s,True,121373.0,117519.0,-3854.0
ramp_fixed_8s,1200,1:4,1,insertion_wait_time_s,True,361300.0,380591.0,19291.0
ramp_fixed_8s,1200,1:4,1,unfinished_vehicles,True,148.0,267.0,119.0
ramp_fixed_8s,1200,1:4,1,throughput_veh_h,False,904.0,666.0,-238.0
cooperative_limited,1200,1:4,2,total_time_spent_s,True,485782.0,492568.0,6786.0
cooperative_limited,1200,1:4,2,network_time_spent_s,True,121693.0,122072.0,379.0
cooperative_limited,1200,1:4,2,insertion_wait_time_s,True,364089.0,370496.0,6407.0
cooperative_limited,1200,1:4,2,unfinished_vehicles,True,148.0,155.0,7.0
cooperative_limited,1200,1:4,2,throughput_veh_h,False,904.0,890.0,-14.0
ramp_fixed_4s,1200,1:4,2,total_time_spent_s,True,485782.0,500454.0,14672.0
ramp_fixed_4s,1200,1:4,2,network_time_spent_s,True,121693.0,119645.0,-2048.0
ramp_fixed_4s,1200,1:4,2,insertion_wait_time_s,True,364089.0,380809.0,16720.0
ramp_fixed_4s,1200,1:4,2,unfinished_vehicles,True,148.0,231.0,83.0
ramp_fixed_4s,1200,1:4,2,throughput_veh_h,False,904.0,738.0,-166.0
ramp_fixed_6s,1200,1:4,2,total_time_spent_s,True,485782.0,514083.0,28301.0
ramp_fixed_6s,1200,1:4,2,network_time_spent_s,True,121693.0,119372.0,-2321.0
ramp_fixed_6s,1200,1:4,2,insertion_wait_time_s,True,364089.0,394711.0,30622.0
ramp_fixed_6s,1200,1:4,2,unfinished_vehicles,True,148.0,258.0,110.0
ramp_fixed_6s,1200,1:4,2,throughput_veh_h,False,904.0,684.0,-220.0
ramp_fixed_8s,1200,1:4,2,total_time_spent_s,True,485782.0,516697.0,30915.0
ramp_fixed_8s,1200,1:4,2,network_time_spent_s,True,121693.0,118669.0,-3024.0
ramp_fixed_8s,1200,1:4,2,insertion_wait_time_s,True,364089.0,398028.0,33939.0
ramp_fixed_8s,1200,1:4,2,unfinished_vehicles,True,148.0,274.0,126.0
ramp_fixed_8s,1200,1:4,2,throughput_veh_h,False,904.0,652.0,-252.0
cooperative_limited,1200,1:4,3,total_time_spent_s,True,465717.0,489317.0,23600.0
cooperative_limited,1200,1:4,3,network_time_spent_s,True,121004.0,121559.0,555.0
cooperative_limited,1200,1:4,3,insertion_wait_time_s,True,344713.0,367758.0,23045.0
cooperative_limited,1200,1:4,3,unfinished_vehicles,True,135.0,151.0,16.0
cooperative_limited,1200,1:4,3,throughput_veh_h,False,930.0000000000001,898.0,-32.000000000000114
ramp_fixed_4s,1200,1:4,3,total_time_spent_s,True,465717.0,488987.0,23270.0
ramp_fixed_4s,1200,1:4,3,network_time_spent_s,True,121004.0,118898.0,-2106.0
ramp_fixed_4s,1200,1:4,3,insertion_wait_time_s,True,344713.0,370089.0,25376.0
ramp_fixed_4s,1200,1:4,3,unfinished_vehicles,True,135.0,222.0,87.0
ramp_fixed_4s,1200,1:4,3,throughput_veh_h,False,930.0000000000001,756.0,-174.0000000000001
ramp_fixed_6s,1200,1:4,3,total_time_spent_s,True,465717.0,497037.0,31320.0
ramp_fixed_6s,1200,1:4,3,network_time_spent_s,True,121004.0,118412.0,-2592.0
ramp_fixed_6s,1200,1:4,3,insertion_wait_time_s,True,344713.0,378625.0,33912.0
ramp_fixed_6s,1200,1:4,3,unfinished_vehicles,True,135.0,243.0,108.0
ramp_fixed_6s,1200,1:4,3,throughput_veh_h,False,930.0000000000001,714.0,-216.0000000000001
ramp_fixed_8s,1200,1:4,3,total_time_spent_s,True,465717.0,511667.0,45950.0
ramp_fixed_8s,1200,1:4,3,network_time_spent_s,True,121004.0,118344.0,-2660.0
ramp_fixed_8s,1200,1:4,3,insertion_wait_time_s,True,344713.0,393323.0,48610.0
ramp_fixed_8s,1200,1:4,3,unfinished_vehicles,True,135.0,267.0,132.0
ramp_fixed_8s,1200,1:4,3,throughput_veh_h,False,930.0000000000001,666.0,-264.0000000000001
cooperative_limited,1200,1:4,4,total_time_spent_s,True,477020.0,464699.0,-12321.0
cooperative_limited,1200,1:4,4,network_time_spent_s,True,120972.0,121048.0,76.0
cooperative_limited,1200,1:4,4,insertion_wait_time_s,True,356048.0,343651.0,-12397.0
cooperative_limited,1200,1:4,4,unfinished_vehicles,True,145.0,138.0,-7.0
cooperative_limited,1200,1:4,4,throughput_veh_h,False,910.0,924.0,14.0
ramp_fixed_4s,1200,1:4,4,total_time_spent_s,True,477020.0,509819.0,32799.0
ramp_fixed_4s,1200,1:4,4,network_time_spent_s,True,120972.0,119264.0,-1708.0
ramp_fixed_4s,1200,1:4,4,insertion_wait_time_s,True,356048.0,390555.0,34507.0
ramp_fixed_4s,1200,1:4,4,unfinished_vehicles,True,145.0,236.0,91.0
ramp_fixed_4s,1200,1:4,4,throughput_veh_h,False,910.0,728.0,-182.0
ramp_fixed_6s,1200,1:4,4,total_time_spent_s,True,477020.0,520379.0,43359.0
ramp_fixed_6s,1200,1:4,4,network_time_spent_s,True,120972.0,119404.0,-1568.0
ramp_fixed_6s,1200,1:4,4,insertion_wait_time_s,True,356048.0,400975.0,44927.0
ramp_fixed_6s,1200,1:4,4,unfinished_vehicles,True,145.0,255.0,110.0
ramp_fixed_6s,1200,1:4,4,throughput_veh_h,False,910.0,690.0,-220.0
ramp_fixed_8s,1200,1:4,4,total_time_spent_s,True,477020.0,506841.0,29821.0
ramp_fixed_8s,1200,1:4,4,network_time_spent_s,True,120972.0,118213.0,-2759.0
ramp_fixed_8s,1200,1:4,4,insertion_wait_time_s,True,356048.0,388628.0,32580.0
ramp_fixed_8s,1200,1:4,4,unfinished_vehicles,True,145.0,269.0,124.0
ramp_fixed_8s,1200,1:4,4,throughput_veh_h,False,910.0,662.0,-248.0
cooperative_limited,1200,1:4,5,total_time_spent_s,True,475348.0,484992.0,9644.0
cooperative_limited,1200,1:4,5,network_time_spent_s,True,121355.0,121672.0,317.0
cooperative_limited,1200,1:4,5,insertion_wait_time_s,True,353993.0,363320.0,9327.0
cooperative_limited,1200,1:4,5,unfinished_vehicles,True,139.0,145.0,6.0
cooperative_limited,1200,1:4,5,throughput_veh_h,False,922.0,910.0,-12.0
ramp_fixed_4s,1200,1:4,5,total_time_spent_s,True,475348.0,495105.0,19757.0
ramp_fixed_4s,1200,1:4,5,network_time_spent_s,True,121355.0,119689.0,-1666.0
ramp_fixed_4s,1200,1:4,5,insertion_wait_time_s,True,353993.0,375416.0,21423.0
ramp_fixed_4s,1200,1:4,5,unfinished_vehicles,True,139.0,225.0,86.0
ramp_fixed_4s,1200,1:4,5,throughput_veh_h,False,922.0,750.0,-172.0
ramp_fixed_6s,1200,1:4,5,total_time_spent_s,True,475348.0,511573.0,36225.0
ramp_fixed_6s,1200,1:4,5,network_time_spent_s,True,121355.0,119313.0,-2042.0
ramp_fixed_6s,1200,1:4,5,insertion_wait_time_s,True,353993.0,392260.0,38267.0
ramp_fixed_6s,1200,1:4,5,unfinished_vehicles,True,139.0,250.0,111.0
ramp_fixed_6s,1200,1:4,5,throughput_veh_h,False,922.0,700.0,-222.0
ramp_fixed_8s,1200,1:4,5,total_time_spent_s,True,475348.0,516728.0,41380.0
ramp_fixed_8s,1200,1:4,5,network_time_spent_s,True,121355.0,118682.0,-2673.0
ramp_fixed_8s,1200,1:4,5,insertion_wait_time_s,True,353993.0,398046.0,44053.0
ramp_fixed_8s,1200,1:4,5,unfinished_vehicles,True,139.0,274.0,135.0
ramp_fixed_8s,1200,1:4,5,throughput_veh_h,False,922.0,652.0,-270.0
cooperative_limited,1200,1:5,1,total_time_spent_s,True,380202.0,476847.0,96645.0
cooperative_limited,1200,1:5,1,network_time_spent_s,True,117567.0,120251.0,2684.0
cooperative_limited,1200,1:5,1,insertion_wait_time_s,True,262635.0,356596.0,93961.0
cooperative_limited,1200,1:5,1,unfinished_vehicles,True,81.0,143.0,62.0
cooperative_limited,1200,1:5,1,throughput_veh_h,False,1038.0,914.0,-124.0
ramp_fixed_4s,1200,1:5,1,total_time_spent_s,True,380202.0,402570.0,22368.0
ramp_fixed_4s,1200,1:5,1,network_time_spent_s,True,117567.0,115494.0,-2073.0
ramp_fixed_4s,1200,1:5,1,insertion_wait_time_s,True,262635.0,287076.0,24441.0
ramp_fixed_4s,1200,1:5,1,unfinished_vehicles,True,81.0,163.0,82.0
ramp_fixed_4s,1200,1:5,1,throughput_veh_h,False,1038.0,874.0,-164.0
ramp_fixed_6s,1200,1:5,1,total_time_spent_s,True,380202.0,417727.0,37525.0
ramp_fixed_6s,1200,1:5,1,network_time_spent_s,True,117567.0,114447.0,-3120.0
ramp_fixed_6s,1200,1:5,1,insertion_wait_time_s,True,262635.0,303280.0,40645.0
ramp_fixed_6s,1200,1:5,1,unfinished_vehicles,True,81.0,190.0,109.0
ramp_fixed_6s,1200,1:5,1,throughput_veh_h,False,1038.0,820.0,-218.0
ramp_fixed_8s,1200,1:5,1,total_time_spent_s,True,380202.0,438973.0,58771.0
ramp_fixed_8s,1200,1:5,1,network_time_spent_s,True,117567.0,111146.0,-6421.0
ramp_fixed_8s,1200,1:5,1,insertion_wait_time_s,True,262635.0,327827.0,65192.0
ramp_fixed_8s,1200,1:5,1,unfinished_vehicles,True,81.0,223.0,142.0
ramp_fixed_8s,1200,1:5,1,throughput_veh_h,False,1038.0,754.0,-284.0
cooperative_limited,1200,1:5,2,total_time_spent_s,True,403961.0,481095.0,77134.0
cooperative_limited,1200,1:5,2,network_time_spent_s,True,119028.0,120615.0,1587.0
cooperative_limited,1200,1:5,2,insertion_wait_time_s,True,284933.0,360480.0,75547.0
cooperative_limited,1200,1:5,2,unfinished_vehicles,True,94.0,147.0,53.0
cooperative_limited,1200,1:5,2,throughput_veh_h,False,1011.9999999999999,905.9999999999999,-106.0
ramp_fixed_4s,1200,1:5,2,total_time_spent_s,True,403961.0,424613.0,20652.0
ramp_fixed_4s,1200,1:5,2,network_time_spent_s,True,119028.0,116367.0,-2661.0
ramp_fixed_4s,1200,1:5,2,insertion_wait_time_s,True,284933.0,308246.0,23313.0
ramp_fixed_4s,1200,1:5,2,unfinished_vehicles,True,94.0,182.0,88.0
ramp_fixed_4s,1200,1:5,2,throughput_veh_h,False,1011.9999999999999,836.0,-175.9999999999999
ramp_fixed_6s,1200,1:5,2,total_time_spent_s,True,403961.0,413586.0,9625.0
ramp_fixed_6s,1200,1:5,2,network_time_spent_s,True,119028.0,114324.0,-4704.0
ramp_fixed_6s,1200,1:5,2,insertion_wait_time_s,True,284933.0,299262.0,14329.0
ramp_fixed_6s,1200,1:5,2,unfinished_vehicles,True,94.0,186.0,92.0
ramp_fixed_6s,1200,1:5,2,throughput_veh_h,False,1011.9999999999999,828.0,-183.9999999999999
ramp_fixed_8s,1200,1:5,2,total_time_spent_s,True,403961.0,455234.0,51273.0
ramp_fixed_8s,1200,1:5,2,network_time_spent_s,True,119028.0,113771.0,-5257.0
ramp_fixed_8s,1200,1:5,2,insertion_wait_time_s,True,284933.0,341463.0,56530.0
ramp_fixed_8s,1200,1:5,2,unfinished_vehicles,True,94.0,232.0,138.0
ramp_fixed_8s,1200,1:5,2,throughput_veh_h,False,1011.9999999999999,736.0,-275.9999999999999
cooperative_limited,1200,1:5,3,total_time_spent_s,True,405903.0,476812.0,70909.0
cooperative_limited,1200,1:5,3,network_time_spent_s,True,118620.0,120488.0,1868.0
cooperative_limited,1200,1:5,3,insertion_wait_time_s,True,287283.0,356324.0,69041.0
cooperative_limited,1200,1:5,3,unfinished_vehicles,True,94.0,144.0,50.0
cooperative_limited,1200,1:5,3,throughput_veh_h,False,1011.9999999999999,912.0000000000001,-99.99999999999977
ramp_fixed_4s,1200,1:5,3,total_time_spent_s,True,405903.0,430065.0,24162.0
ramp_fixed_4s,1200,1:5,3,network_time_spent_s,True,118620.0,116140.0,-2480.0
ramp_fixed_4s,1200,1:5,3,insertion_wait_time_s,True,287283.0,313925.0,26642.0
ramp_fixed_4s,1200,1:5,3,unfinished_vehicles,True,94.0,176.0,82.0
ramp_fixed_4s,1200,1:5,3,throughput_veh_h,False,1011.9999999999999,848.0,-163.9999999999999
ramp_fixed_6s,1200,1:5,3,total_time_spent_s,True,405903.0,393866.0,-12037.0
ramp_fixed_6s,1200,1:5,3,network_time_spent_s,True,118620.0,112832.0,-5788.0
ramp_fixed_6s,1200,1:5,3,insertion_wait_time_s,True,287283.0,281034.0,-6249.0
ramp_fixed_6s,1200,1:5,3,unfinished_vehicles,True,94.0,179.0,85.0
ramp_fixed_6s,1200,1:5,3,throughput_veh_h,False,1011.9999999999999,842.0,-169.9999999999999
ramp_fixed_8s,1200,1:5,3,total_time_spent_s,True,405903.0,474750.0,68847.0
ramp_fixed_8s,1200,1:5,3,network_time_spent_s,True,118620.0,114940.0,-3680.0
ramp_fixed_8s,1200,1:5,3,insertion_wait_time_s,True,287283.0,359810.0,72527.0
ramp_fixed_8s,1200,1:5,3,unfinished_vehicles,True,94.0,240.0,146.0
ramp_fixed_8s,1200,1:5,3,throughput_veh_h,False,1011.9999999999999,720.0,-291.9999999999999
cooperative_limited,1200,1:5,4,total_time_spent_s,True,379955.0,484788.0,104833.0
cooperative_limited,1200,1:5,4,network_time_spent_s,True,118028.0,119930.0,1902.0
cooperative_limited,1200,1:5,4,insertion_wait_time_s,True,261927.0,364858.0,102931.0
cooperative_limited,1200,1:5,4,unfinished_vehicles,True,76.0,148.0,72.0
cooperative_limited,1200,1:5,4,throughput_veh_h,False,1048.0,904.0,-144.0
ramp_fixed_4s,1200,1:5,4,total_time_spent_s,True,379955.0,422568.0,42613.0
ramp_fixed_4s,1200,1:5,4,network_time_spent_s,True,118028.0,116164.0,-1864.0
ramp_fixed_4s,1200,1:5,4,insertion_wait_time_s,True,261927.0,306404.0,44477.0
ramp_fixed_4s,1200,1:5,4,unfinished_vehicles,True,76.0,173.0,97.0
ramp_fixed_4s,1200,1:5,4,throughput_veh_h,False,1048.0,854.0,-194.0
ramp_fixed_6s,1200,1:5,4,total_time_spent_s,True,379955.0,421104.0,41149.0
ramp_fixed_6s,1200,1:5,4,network_time_spent_s,True,118028.0,115390.0,-2638.0
ramp_fixed_6s,1200,1:5,4,insertion_wait_time_s,True,261927.0,305714.0,43787.0
ramp_fixed_6s,1200,1:5,4,unfinished_vehicles,True,76.0,188.0,112.0
ramp_fixed_6s,1200,1:5,4,throughput_veh_h,False,1048.0,824.0,-224.0
ramp_fixed_8s,1200,1:5,4,total_time_spent_s,True,379955.0,429083.0,49128.0
ramp_fixed_8s,1200,1:5,4,network_time_spent_s,True,118028.0,110246.0,-7782.0
ramp_fixed_8s,1200,1:5,4,insertion_wait_time_s,True,261927.0,318837.0,56910.0
ramp_fixed_8s,1200,1:5,4,unfinished_vehicles,True,76.0,215.0,139.0
ramp_fixed_8s,1200,1:5,4,throughput_veh_h,False,1048.0,770.0,-278.0
cooperative_limited,1200,1:5,5,total_time_spent_s,True,415687.0,480869.0,65182.0
cooperative_limited,1200,1:5,5,network_time_spent_s,True,118931.0,120185.0,1254.0
cooperative_limited,1200,1:5,5,insertion_wait_time_s,True,296756.0,360684.0,63928.0
cooperative_limited,1200,1:5,5,unfinished_vehicles,True,98.0,146.0,48.0
cooperative_limited,1200,1:5,5,throughput_veh_h,False,1004.0000000000001,908.0,-96.00000000000011
ramp_fixed_4s,1200,1:5,5,total_time_spent_s,True,415687.0,426785.0,11098.0
ramp_fixed_4s,1200,1:5,5,network_time_spent_s,True,118931.0,116109.0,-2822.0
ramp_fixed_4s,1200,1:5,5,insertion_wait_time_s,True,296756.0,310676.0,13920.0
ramp_fixed_4s,1200,1:5,5,unfinished_vehicles,True,98.0,179.0,81.0
ramp_fixed_4s,1200,1:5,5,throughput_veh_h,False,1004.0000000000001,842.0,-162.0000000000001
ramp_fixed_6s,1200,1:5,5,total_time_spent_s,True,415687.0,427082.0,11395.0
ramp_fixed_6s,1200,1:5,5,network_time_spent_s,True,118931.0,114564.0,-4367.0
ramp_fixed_6s,1200,1:5,5,insertion_wait_time_s,True,296756.0,312518.0,15762.0
ramp_fixed_6s,1200,1:5,5,unfinished_vehicles,True,98.0,196.0,98.0
ramp_fixed_6s,1200,1:5,5,throughput_veh_h,False,1004.0000000000001,808.0,-196.0000000000001
ramp_fixed_8s,1200,1:5,5,total_time_spent_s,True,415687.0,423524.0,7837.0
ramp_fixed_8s,1200,1:5,5,network_time_spent_s,True,118931.0,108930.0,-10001.0
ramp_fixed_8s,1200,1:5,5,insertion_wait_time_s,True,296756.0,314594.0,17838.0
ramp_fixed_8s,1200,1:5,5,unfinished_vehicles,True,98.0,212.0,114.0
ramp_fixed_8s,1200,1:5,5,throughput_veh_h,False,1004.0000000000001,776.0,-228.0000000000001
