strategy,demand_ratio,total_demand_veh_h,interventions,successful_releases,timed_out_interventions,yielded_main_vehicles,side_merges_after_intervention,meter_release_interval_s,meter_releases,main_loaded_veh,main_departed_veh,main_arrived_veh,main_network_unfinished_veh,main_pending_veh_end,main_total_unfinished_veh,main_network_time_spent_s,main_insertion_wait_time_s,main_total_time_spent_s,main_stopped_time_s,main_avg_stopped_time_s,main_peak_network_queue_vehicles,main_peak_pending_vehicles,side_loaded_veh,side_departed_veh,side_arrived_veh,side_network_unfinished_veh,side_pending_veh_end,side_total_unfinished_veh,side_network_time_spent_s,side_insertion_wait_time_s,side_total_time_spent_s,side_stopped_time_s,side_avg_stopped_time_s,side_peak_network_queue_vehicles,side_peak_pending_vehicles,network_time_spent_s,insertion_wait_time_s,total_time_spent_s,accounted_loaded_veh,loaded_reconciliation_error_veh,main_veh_h,side_veh_h,expected_generated_veh,generated_veh,arrived_veh,unfinished_vehicles,throughput,avg_wait_time_s,total_wait_time_s,queue_length,avg_travel_time_s,total_travel_time_s,state,seed,duration_s,clearance_time_s,simulation_end_s,peak_queue_vehicles,final_running_vehicles,final_waiting_vehicles,inserted_vehicles,loaded_vehicles,teleports,collisions
uncontrolled,1:1,800,0,0,0,0,0,0.0,0,200,200,200,0,0,0,11731.0,0.0,11731.0,0.0,0.0,0,0,200,200,200,0,0,0,94241.0,66965.0,161206.0,60529.0,302.645,53,89,105972.0,66965.0,172937.0,400,0,400,400,400,400,400,0,0.2222222222222222,151.3025,60521.0,0,264.93,105972.0,queue,1,1800.0,600.0,2400.0,133,0,0,400,400,0,0
uncontrolled,1:1,800,0,0,0,0,0,0.0,0,200,200,200,0,0,0,11741.0,0.0,11741.0,0.0,0.0,0,0,200,200,200,0,0,0,92587.0,59377.0,151964.0,58661.0,293.305,53,83,104328.0,59377.0,163705.0,400,0,400,400,400,400,400,0,0.2222222222222222,146.62,58648.0,0,260.82,104328.0,queue,2,1800.0,600.0,2400.0,122,0,0,400,400,0,0
uncontrolled,1:1,800,0,0,0,0,0,0.0,0,200,200,200,0,0,0,11654.0,0.0,11654.0,0.0,0.0,0,0,200,200,200,0,0,0,91091.0,57658.0,148749.0,57350.0,286.75,53,82,102745.0,57658.0,160403.0,400,0,400,400,400,400,400,0,0.2222222222222222,143.3425,57337.0,0,256.8625,102745.0,queue,3,1800.0,600.0,2400.0,131,0,0,400,400,0,0
uncontrolled,1:1,800,0,0,0,0,0,0.0,0,200,200,200,0,0,0,11595.0,0.0,11595.0,0.0,0.0,0,0,200,200,200,0,0,0,93865.0,63956.0,157821.0,59757.0,298.785,53,87,105460.0,63956.0,169416.0,400,0,400,400,400,400,400,0,0.2222222222222222,149.3675,59747.0,0,263.65,105460.0,queue,4,1800.0,600.0,2400.0,131,0,0,400,400,0,0
uncontrolled,1:1,800,0,0,0,0,0,0.0,0,200,200,200,0,0,0,11702.0,0.0,11702.0,0.0,0.0,0,0,200,200,200,0,0,0,93317.0,63126.0,156443.0,58864.0,294.32,53,85,105019.0,63126.0,168145.0,400,0,400,400,400,400,400,0,0.2222222222222222,147.135,58854.0,0,262.5475,105019.0,queue,5,1800.0,600.0,2400.0,127,0,0,400,400,0,0
cooperative_limited,1:1,800,100,1,99,100,67,0.0,0,200,200,200,0,0,0,11892.0,0.0,11892.0,0.0,0.0,0,0,200,200,200,0,0,0,93567.0,63343.0,156910.0,60176.0,300.88,53,86,105459.0,63343.0,168802.0,400,0,400,400,400,400,400,0,0.2222222222222222,150.4175,60167.0,0,263.6475,105459.0,queue,1,1800.0,600.0,2400.0,127,0,0,400,400,0,0
cooperative_limited,1:1,800,98,0,98,98,69,0.0,0,200,200,200,0,0,0,11882.0,0.0,11882.0,0.0,0.0,0,0,200,200,200,0,0,0,93733.0,61395.0,155128.0,59198.0,295.99,53,84,105615.0,61395.0,167010.0,400,0,400,400,400,400,400,0,0.2222222222222222,147.975,59190.0,0,264.0375,105615.0,queue,2,1800.0,600.0,2400.0,129,0,0,400,400,0,0
cooperative_limited,1:1,800,96,0,96,96,70,0.0,0,200,200,200,0,0,0,11830.0,0.0,11830.0,0.0,0.0,0,0,200,200,200,0,0,0,90333.0,57211.0,147544.0,57385.0,286.925,53,79,102163.0,57211.0,159374.0,400,0,400,400,400,400,400,0,0.2222222222222222,143.4425,57377.0,0,255.4075,102163.0,queue,3,1800.0,600.0,2400.0,132,0,0,400,400,0,0
cooperative_limited,1:1,800,99,0,99,99,63,0.0,0,200,200,200,0,0,0,11758.0,0.0,11758.0,0.0,0.0,0,0,200,200,200,0,0,0,95559.0,70607.0,166166.0,62645.0,313.225,53,92,107317.0,70607.0,177924.0,400,0,400,400,400,400,400,0,0.2222222222222222,156.595,62638.0,0,268.2925,107317.0,queue,4,1800.0,600.0,2400.0,138,0,0,400,400,0,0
cooperative_limited,1:1,800,98,1,97,98,72,0.0,0,200,200,200,0,0,0,11850.0,0.0,11850.0,0.0,0.0,0,0,200,200,200,0,0,0,93016.0,61602.0,154618.0,58147.0,290.735,53,83,104866.0,61602.0,166468.0,400,0,400,400,400,400,400,0,0.2222222222222222,145.35,58140.0,0,262.165,104866.0,queue,5,1800.0,600.0,2400.0,123,0,0,400,400,0,0
ramp_fixed_4s,1:1,800,0,0,0,0,0,4.0,190,200,200,200,0,0,0,11749.0,0.0,11749.0,0.0,0.0,0,0,200,200,180,20,0,20,102065.0,74301.0,176366.0,57853.0,289.265,53,90,113814.0,74301.0,188115.0,400,0,400,400,400,400,380,20,0.2111111111111111,152.20263157894738,57837.0,20,290.88684210526316,110537.0,breakdown,1,1800.0,600.0,2400.0,132,20,0,400,400,0,0
ramp_fixed_4s,1:1,800,0,0,0,0,0,4.0,191,200,200,200,0,0,0,11750.0,0.0,11750.0,0.0,0.0,0,0,200,200,181,19,0,19,102978.0,73628.0,176606.0,58044.0,290.22,53,90,114728.0,73628.0,188356.0,400,0,400,400,400,400,381,19,0.21166666666666667,152.30971128608923,58030.0,19,293.18897637795277,111705.0,breakdown,2,1800.0,600.0,2400.0,127,19,0,400,400,0,0
ramp_fixed_4s,1:1,800,0,0,0,0,0,4.0,192,200,200,200,0,0,0,11665.0,0.0,11665.0,0.0,0.0,0,0,200,200,180,20,0,20,101588.0,76608.0,178196.0,58099.0,290.495,53,88,113253.0,76608.0,189861.0,400,0,400,400,400,400,380,20,0.2111111111111111,152.8684210526316,58090.0,20,289.65,110067.0,breakdown,3,1800.0,600.0,2400.0,141,20,0,400,400,0,0
ramp_fixed_4s,1:1,800,0,0,0,0,0,4.0,189,200,200,200,0,0,0,11601.0,0.0,11601.0,0.0,0.0,0,0,200,200,176,24,0,24,103699.0,73717.0,177416.0,59059.0,295.295,53,88,115300.0,73717.0,189017.0,400,0,400,400,400,400,376,24,0.2088888888888889,157.0345744680851,59045.0,24,296.54787234042556,111502.0,breakdown,4,1800.0,600.0,2400.0,130,24,0,400,400,0,0
ramp_fixed_4s,1:1,800,0,0,0,0,0,4.0,193,200,200,200,0,0,0,11720.0,0.0,11720.0,0.0,0.0,0,0,200,200,181,19,0,19,103953.0,75435.0,179388.0,58136.0,290.68,53,88,115673.0,75435.0,191108.0,400,0,400,400,400,400,381,19,0.21166666666666667,152.5538057742782,58123.0,19,295.33858267716533,112524.0,breakdown,5,1800.0,600.0,2400.0,133,19,0,400,400,0,0
ramp_fixed_6s,1:1,800,0,0,0,0,0,6.0,165,200,200,200,0,0,0,11744.0,0.0,11744.0,0.0,0.0,0,0,200,199,156,43,1,44,103297.0,80169.0,183466.0,57682.0,289.85929648241205,53,90,115041.0,80169.0,195210.0,400,0,400,400,400,400,356,44,0.19777777777777777,161.77808988764045,57593.0,44,307.4691011235955,109459.0,breakdown,1,1800.0,600.0,2400.0,132,43,1,399,400,0,0
ramp_fixed_6s,1:1,800,0,0,0,0,0,6.0,168,200,200,200,0,0,0,11749.0,0.0,11749.0,0.0,0.0,0,0,200,200,159,41,0,41,104206.0,77798.0,182004.0,57325.0,286.625,53,88,115955.0,77798.0,193753.0,400,0,400,400,400,400,359,41,0.19944444444444445,159.4066852367688,57227.0,41,307.6908077994429,110461.0,breakdown,2,1800.0,600.0,2400.0,126,41,0,400,400,0,0
ramp_fixed_6s,1:1,800,0,0,0,0,0,6.0,164,200,200,200,0,0,0,11648.0,0.0,11648.0,0.0,0.0,0,0,200,198,155,43,2,45,102789.0,83125.0,185914.0,58047.0,293.1666666666667,53,92,114437.0,83125.0,197562.0,400,0,400,400,400,400,355,45,0.19722222222222222,163.23661971830987,57949.0,45,306.6788732394366,108871.0,breakdown,3,1800.0,600.0,2400.0,141,43,2,398,400,0,0
ramp_fixed_6s,1:1,800,0,0,0,0,0,6.0,167,200,200,200,0,0,0,11601.0,0.0,11601.0,0.0,0.0,0,0,200,200,158,42,0,42,104578.0,77543.0,182121.0,57658.0,288.29,53,88,116179.0,77543.0,193722.0,400,0,400,400,400,400,358,42,0.1988888888888889,160.80446927374302,57568.0,42,308.6033519553073,110480.0,breakdown,4,1800.0,600.0,2400.0,132,42,0,400,400,0,0
ramp_fixed_6s,1:1,800,0,0,0,0,0,6.0,166,200,200,200,0,0,0,11699.0,0.0,11699.0,0.0,0.0,0,0,200,200,157,43,0,43,105483.0,82761.0,188244.0,57851.0,289.255,53,91,117182.0,82761.0,199943.0,400,0,400,400,400,400,357,43,0.19833333333333333,161.7310924369748,57738.0,43,312.7422969187675,111649.0,breakdown,5,1800.0,600.0,2400.0,132,43,0,400,400,0,0
ramp_fixed_8s,1:1,800,0,0,0,0,0,8.0,148,200,200,200,0,0,0,11747.0,0.0,11747.0,0.0,0.0,0,0,200,185,141,44,15,59,102925.0,78746.0,181671.0,53511.0,289.24864864864867,53,85,114672.0,78746.0,193418.0,400,0,400,400,400,400,341,59,0.18944444444444444,155.92961876832845,53172.0,59,314.11730205278593,107114.0,breakdown,1,1800.0,600.0,2400.0,128,44,15,385,400,0,0
ramp_fixed_8s,1:1,800,0,0,0,0,0,8.0,143,200,200,200,0,0,0,11756.0,0.0,11756.0,0.0,0.0,0,0,200,180,136,44,20,64,104123.0,83594.0,187717.0,55212.0,306.73333333333335,53,88,115879.0,83594.0,199473.0,400,0,400,400,400,400,336,64,0.18666666666666668,163.36607142857142,54891.0,64,321.83035714285717,108135.0,breakdown,2,1800.0,600.0,2400.0,127,44,20,380,400,0,0
ramp_fixed_8s,1:1,800,0,0,0,0,0,8.0,143,200,200,200,0,0,0,11649.0,0.0,11649.0,0.0,0.0,0,0,200,179,136,43,21,64,102603.0,86191.0,188794.0,55062.0,307.60893854748605,53,89,114252.0,86191.0,200443.0,400,0,400,400,400,400,336,64,0.18666666666666668,162.97619047619048,54760.0,64,317.58035714285717,106707.0,breakdown,3,1800.0,600.0,2400.0,138,43,21,379,400,0,0
ramp_fixed_8s,1:1,800,0,0,0,0,0,8.0,144,200,200,200,0,0,0,11598.0,0.0,11598.0,0.0,0.0,0,0,200,180,137,43,20,63,104496.0,83211.0,187707.0,55258.0,306.9888888888889,53,88,116094.0,83211.0,199305.0,400,0,400,400,400,400,337,63,0.18722222222222223,163.05637982195844,54950.0,63,322.4658753709199,108671.0,breakdown,4,1800.0,600.0,2400.0,128,43,20,380,400,0,0
ramp_fixed_8s,1:1,800,0,0,0,0,0,8.0,142,200,200,200,0,0,0,11699.0,0.0,11699.0,0.0,0.0,0,0,200,178,135,43,22,65,105391.0,88547.0,193938.0,55381.0,311.1292134831461,53,91,117090.0,88547.0,205637.0,400,0,400,400,400,400,335,65,0.18611111111111112,164.34029850746268,55054.0,65,327.2179104477612,109618.0,breakdown,5,1800.0,600.0,2400.0,131,43,22,378,400,0,0
uncontrolled,1:2,800,0,0,0,0,0,0.0,0,134,134,134,0,0,0,7836.0,0.0,7836.0,0.0,0.0,0,0,267,267,267,0,0,0,96965.0,79711.0,176676.0,51596.0,193.24344569288388,41,102,104801.0,79711.0,184512.0,401,0,267,533,400,401,401,0,0.22277777777777777,128.6284289276808,51580.0,0,261.34912718204487,104801.0,queue,1,1800.0,600.0,2400.0,136,0,0,401,401,0,0
uncontrolled,1:2,800,0,0,0,0,0,0.0,0,134,134,134,0,0,0,7830.0,0.0,7830.0,0.0,0.0,0,0,267,267,267,0,0,0,101781.0,97178.0,198959.0,54964.0,205.85767790262173,44,116,109611.0,97178.0,206789.0,401,0,267,533,400,401,401,0,0.22277777777777777,137.03491271820448,54951.0,0,273.3441396508728,109611.0,queue,2,1800.0,600.0,2400.0,150,0,0,401,401,0,0
uncontrolled,1:2,800,0,0,0,0,0,0.0,0,134,134,134,0,0,0,7854.0,0.0,7854.0,0.0,0.0,0,0,267,267,267,0,0,0,100534.0,97522.0,198056.0,55309.0,207.1498127340824,49,114,108388.0,97522.0,205910.0,401,0,267,533,400,401,401,0,0.22277777777777777,137.90274314214463,55299.0,0,270.2942643391521,108388.0,queue,3,1800.0,600.0,2400.0,149,0,0,401,401,0,0
uncontrolled,1:2,800,0,0,0,0,0,0.0,0,134,134,134,0,0,0,7758.0,0.0,7758.0,0.0,0.0,0,0,267,267,267,0,0,0,99714.0,90626.0,190340.0,53701.0,201.12734082397003,44,109,107472.0,90626.0,198098.0,401,0,267,533,400,401,401,0,0.22277777777777777,133.88279301745635,53687.0,0,268.00997506234415,107472.0,queue,4,1800.0,600.0,2400.0,148,0,0,401,401,0,0
uncontrolled,1:2,800,0,0,0,0,0,0.0,0,134,134,134,0,0,0,7806.0,0.0,7806.0,0.0,0.0,0,0,267,267,267,0,0,0,98586.0,83848.0,182434.0,51951.0,194.57303370786516,41,104,106392.0,83848.0,190240.0,401,0,267,533,400,401,401,0,0.22277777777777777,129.5211970074813,51938.0,0,265.3167082294264,106392.0,queue,5,1800.0,600.0,2400.0,138,0,0,401,401,0,0
cooperative_limited,1:2,800,88,3,85,88,119,0.0,0,134,134,134,0,0,0,7964.0,0.0,7964.0,0.0,0.0,0,0,267,267,267,0,0,0,98640.0,88805.0,187445.0,53695.0,201.10486891385767,46,109,106604.0,88805.0,195409.0,401,0,267,533,400,401,401,0,0.22277777777777777,133.86533665835412,53680.0,0,265.8453865336658,106604.0,queue,1,1800.0,600.0,2400.0,146,0,0,401,401,0,0
cooperative_limited,1:2,800,87,7,80,87,115,0.0,0,134,134,134,0,0,0,7958.0,0.0,7958.0,0.0,0.0,0,0,267,267,267,0,0,0,100715.0,88206.0,188921.0,54233.0,203.1198501872659,47,106,108673.0,88206.0,196879.0,401,0,267,533,400,401,401,0,0.22277777777777777,135.22194513715712,54224.0,0,271.00498753117205,108673.0,queue,2,1800.0,600.0,2400.0,137,0,0,401,401,0,0
cooperative_limited,1:2,800,88,6,82,88,112,0.0,0,134,134,134,0,0,0,7970.0,0.0,7970.0,0.0,0.0,0,0,267,267,267,0,0,0,99143.0,90004.0,189147.0,53903.0,201.88389513108615,47,108,107113.0,90004.0,197117.0,401,0,267,533,400,401,401,0,0.22277777777777777,134.39900249376558,53894.0,0,267.1147132169576,107113.0,queue,3,1800.0,600.0,2400.0,145,0,0,401,401,0,0
cooperative_limited,1:2,800,89,6,83,89,108,0.0,0,134,134,134,0,0,0,7898.0,0.0,7898.0,0.0,0.0,0,0,267,267,267,0,0,0,99230.0,91444.0,190674.0,54072.0,202.51685393258427,46,107,107128.0,91444.0,198572.0,401,0,267,533,400,401,401,0,0.22277777777777777,134.81047381546134,54059.0,0,267.15211970074813,107128.0,queue,4,1800.0,600.0,2400.0,144,0,0,401,401,0,0
cooperative_limited,1:2,800,87,6,81,87,124,0.0,0,134,134,134,0,0,0,7954.0,0.0,7954.0,0.0,0.0,0,0,267,267,267,0,0,0,96451.0,76941.0,173392.0,50986.0,190.95880149812734,40,96,104405.0,76941.0,181346.0,401,0,267,533,400,401,401,0,0.22277777777777777,127.12219451371571,50976.0,0,260.3615960099751,104405.0,queue,5,1800.0,600.0,2400.0,129,0,0,401,401,0,0
ramp_fixed_4s,1:2,800,0,0,0,0,0,4.0,251,134,134,134,0,0,0,7851.0,0.0,7851.0,0.0,0.0,0,0,267,267,240,27,0,27,103294.0,88325.0,191619.0,44609.0,167.0749063670412,40,102,111145.0,88325.0,199470.0,401,0,267,533,400,401,374,27,0.20777777777777778,119.21657754010695,44587.0,27,286.5187165775401,107158.0,breakdown,1,1800.0,600.0,2400.0,127,27,0,401,401,0,0
ramp_fixed_4s,1:2,800,0,0,0,0,0,4.0,249,134,134,134,0,0,0,7832.0,0.0,7832.0,0.0,0.0,0,0,267,267,236,31,0,31,103948.0,88107.0,192055.0,45356.0,169.87265917602997,44,100,111780.0,88107.0,199887.0,401,0,267,533,400,401,370,31,0.20555555555555555,122.53243243243243,45337.0,31,290.0810810810811,107330.0,breakdown,2,1800.0,600.0,2400.0,133,31,0,401,401,0,0
ramp_fixed_4s,1:2,800,0,0,0,0,0,4.0,229,134,134,134,0,0,0,7844.0,0.0,7844.0,0.0,0.0,0,0,267,262,219,43,5,48,106441.0,109972.0,216413.0,50163.0,191.4618320610687,41,112,114285.0,109972.0,224257.0,401,0,267,533,400,401,353,48,0.19611111111111112,142.03116147308782,50137.0,48,310.25495750708217,109520.0,breakdown,3,1800.0,600.0,2400.0,147,43,5,396,401,0,0
ramp_fixed_4s,1:2,800,0,0,0,0,0,4.0,232,134,134,134,0,0,0,7744.0,0.0,7744.0,0.0,0.0,0,0,267,265,223,42,2,44,106872.0,108370.0,215242.0,49167.0,185.53584905660378,41,112,114616.0,108370.0,222986.0,401,0,267,533,400,401,357,44,0.19833333333333333,137.65826330532212,49144.0,44,308.515406162465,110140.0,breakdown,4,1800.0,600.0,2400.0,149,42,2,399,401,0,0
ramp_fixed_4s,1:2,800,0,0,0,0,0,4.0,255,134,134,134,0,0,0,7811.0,0.0,7811.0,0.0,0.0,0,0,267,267,245,22,0,22,97864.0,74224.0,172088.0,43052.0,161.24344569288388,40,94,105675.0,74224.0,179899.0,401,0,267,533,400,401,379,22,0.21055555555555555,113.53034300791556,43028.0,22,269.62796833773086,102189.0,breakdown,5,1800.0,600.0,2400.0,124,22,0,401,401,0,0
ramp_fixed_6s,1:2,800,0,0,0,0,0,6.0,224,134,134,134,0,0,0,7853.0,0.0,7853.0,0.0,0.0,0,0,267,258,215,43,9,52,103927.0,97362.0,201289.0,42541.0,164.8875968992248,37,102,111780.0,97362.0,209142.0,401,0,267,533,400,401,349,52,0.1938888888888889,121.49856733524355,42403.0,52,304.3810888252149,106229.0,breakdown,1,1800.0,600.0,2400.0,128,43,9,392,401,0,0
ramp_fixed_6s,1:2,800,0,0,0,0,0,6.0,222,134,134,134,0,0,0,7824.0,0.0,7824.0,0.0,0.0,0,0,267,256,213,43,11,54,104288.0,96800.0,201088.0,43009.0,168.00390625,39,104,112112.0,96800.0,208912.0,401,0,267,533,400,401,347,54,0.19277777777777777,123.55331412103746,42873.0,54,306.7319884726225,106436.0,breakdown,2,1800.0,600.0,2400.0,136,43,11,390,401,0,0
ramp_fixed_6s,1:2,800,0,0,0,0,0,6.0,204,134,134,134,0,0,0,7846.0,0.0,7846.0,0.0,0.0,0,0,267,238,195,43,29,72,106131.0,123854.0,229985.0,48846.0,205.23529411764707,40,120,113977.0,123854.0,237831.0,401,0,267,533,400,401,329,72,0.1827777777777778,148.08510638297872,48720.0,72,329.75075987841944,108488.0,breakdown,3,1800.0,600.0,2400.0,152,43,29,372,401,0,0
ramp_fixed_6s,1:2,800,0,0,0,0,0,6.0,215,134,134,134,0,0,0,7751.0,0.0,7751.0,0.0,0.0,0,0,267,249,206,43,18,61,106454.0,109118.0,215572.0,44924.0,180.41767068273091,38,108,114205.0,109118.0,223323.0,401,0,267,533,400,401,340,61,0.18888888888888888,131.74411764705883,44793.0,61,319.3529411764706,108580.0,breakdown,4,1800.0,600.0,2400.0,145,43,18,383,401,0,0
ramp_fixed_6s,1:2,800,0,0,0,0,0,6.0,236,134,134,134,0,0,0,7810.0,0.0,7810.0,0.0,0.0,0,0,267,267,227,40,0,40,98570.0,75919.0,174489.0,38804.0,145.33333333333334,36,90,106380.0,75919.0,182299.0,401,0,267,533,400,401,361,40,0.20055555555555554,107.11080332409972,38667.0,40,279.09695290858724,100754.0,breakdown,5,1800.0,600.0,2400.0,120,40,0,401,401,0,0
ramp_fixed_8s,1:2,800,0,0,0,0,0,8.0,187,134,134,134,0,0,0,7884.0,0.0,7884.0,0.0,0.0,0,0,267,224,181,43,43,86,106204.0,123442.0,229646.0,41099.0,183.47767857142858,38,115,114088.0,123442.0,237530.0,401,0,267,533,400,401,315,86,0.175,129.06031746031746,40654.0,86,338.8888888888889,106750.0,breakdown,1,1800.0,600.0,2400.0,137,43,43,358,401,0,0
ramp_fixed_8s,1:2,800,0,0,0,0,0,8.0,195,134,134,134,0,0,0,7830.0,0.0,7830.0,0.0,0.0,0,0,267,231,188,43,36,79,104900.0,106232.0,211132.0,38461.0,166.4978354978355,37,105,112730.0,106232.0,218962.0,401,0,267,533,400,401,322,79,0.17888888888888888,118.01552795031056,38001.0,79,327.0031055900621,105295.0,breakdown,2,1800.0,600.0,2400.0,133,43,36,365,401,0,0
ramp_fixed_8s,1:2,800,0,0,0,0,0,8.0,196,134,134,134,0,0,0,7849.0,0.0,7849.0,0.0,0.0,0,0,267,232,189,43,35,78,106107.0,110996.0,217103.0,37790.0,162.88793103448276,42,104,113956.0,110996.0,224952.0,401,0,267,533,400,401,323,78,0.17944444444444443,115.51083591331269,37310.0,78,329.8204334365325,106532.0,breakdown,3,1800.0,600.0,2400.0,136,43,35,366,401,0,0
ramp_fixed_8s,1:2,800,0,0,0,0,0,8.0,194,134,134,134,0,0,0,7755.0,0.0,7755.0,0.0,0.0,0,0,267,230,187,43,37,80,103247.0,106810.0,210057.0,39043.0,169.7521739130435,38,107,111002.0,106810.0,217812.0,401,0,267,533,400,401,321,80,0.17833333333333334,120.13395638629284,38563.0,80,322.50778816199374,103525.0,breakdown,4,1800.0,600.0,2400.0,138,43,37,364,401,0,0
ramp_fixed_8s,1:2,800,0,0,0,0,0,8.0,200,134,134,134,0,0,0,7804.0,0.0,7804.0,0.0,0.0,0,0,267,236,193,43,31,74,104621.0,104392.0,209013.0,36669.0,155.3771186440678,37,100,112425.0,104392.0,216817.0,401,0,267,533,400,401,327,74,0.18166666666666667,110.74311926605505,36213.0,74,321.1223241590214,105007.0,breakdown,5,1800.0,600.0,2400.0,125,43,31,370,401,0,0
uncontrolled,1:3,800,0,0,0,0,0,0.0,0,100,100,100,0,0,0,5901.0,0.0,5901.0,0.0,0.0,0,0,300,300,300,0,0,0,76731.0,17714.0,94445.0,29111.0,97.03666666666666,37,35,82632.0,17714.0,100346.0,400,0,200,600,400,400,400,0,0.2222222222222222,72.7475,29099.0,0,206.58,82632.0,queue,1,1800.0,600.0,2400.0,67,0,0,400,400,0,0
uncontrolled,1:3,800,0,0,0,0,0,0.0,0,100,100,100,0,0,0,5959.0,0.0,5959.0,0.0,0.0,0,0,300,300,300,0,0,0,79370.0,29545.0,108915.0,29923.0,99.74333333333334,39,47,85329.0,29545.0,114874.0,400,0,200,600,400,400,400,0,0.2222222222222222,74.77,29908.0,0,213.3225,85329.0,queue,2,1800.0,600.0,2400.0,72,0,0,400,400,0,0
uncontrolled,1:3,800,0,0,0,0,0,0.0,0,100,100,100,0,0,0,5883.0,0.0,5883.0,0.0,0.0,0,0,300,300,300,0,0,0,82581.0,26611.0,109192.0,31737.0,105.79,38,44,88464.0,26611.0,115075.0,400,0,200,600,400,400,400,0,0.2222222222222222,79.305,31722.0,0,221.16,88464.0,queue,3,1800.0,600.0,2400.0,75,0,0,400,400,0,0
uncontrolled,1:3,800,0,0,0,0,0,0.0,0,100,100,100,0,0,0,5891.0,0.0,5891.0,0.0,0.0,0,0,300,300,300,0,0,0,85802.0,29127.0,114929.0,33036.0,110.12,38,47,91693.0,29127.0,120820.0,400,0,200,600,400,400,400,0,0.2222222222222222,82.5575,33023.0,0,229.2325,91693.0,queue,4,1800.0,600.0,2400.0,73,0,0,400,400,0,0
uncontrolled,1:3,800,0,0,0,0,0,0.0,0,100,100,100,0,0,0,5938.0,0.0,5938.0,0.0,0.0,0,0,300,300,300,0,0,0,84531.0,37495.0,122026.0,35681.0,118.93666666666667,37,58,90469.0,37495.0,127964.0,400,0,200,600,400,400,400,0,0.2222222222222222,89.1775,35671.0,0,226.1725,90469.0,queue,5,1800.0,600.0,2400.0,89,0,0,400,400,0,0
cooperative_limited,1:3,800,86,0,86,86,157,0.0,0,100,100,100,0,0,0,6014.0,0.0,6014.0,0.0,0.0,0,0,300,300,300,0,0,0,95754.0,77780.0,173534.0,47390.0,157.96666666666667,39,100,101768.0,77780.0,179548.0,400,0,200,600,400,400,400,0,0.2222222222222222,118.4425,47377.0,0,254.42,101768.0,queue,1,1800.0,600.0,2400.0,133,0,0,400,400,0,0
cooperative_limited,1:3,800,84,1,83,84,149,0.0,0,100,100,100,0,0,0,6070.0,0.0,6070.0,0.0,0.0,0,0,300,300,300,0,0,0,94065.0,69287.0,163352.0,45637.0,152.12333333333333,39,93,100135.0,69287.0,169422.0,400,0,200,600,400,400,400,0,0.2222222222222222,114.065,45626.0,0,250.3375,100135.0,queue,2,1800.0,600.0,2400.0,130,0,0,400,400,0,0
cooperative_limited,1:3,800,81,0,81,81,146,0.0,0,100,100,100,0,0,0,5990.0,0.0,5990.0,0.0,0.0,0,0,300,300,300,0,0,0,95569.0,73334.0,168903.0,46719.0,155.73,39,94,101559.0,73334.0,174893.0,400,0,200,600,400,400,400,0,0.2222222222222222,116.7675,46707.0,0,253.8975,101559.0,queue,3,1800.0,600.0,2400.0,126,0,0,400,400,0,0
cooperative_limited,1:3,800,89,0,89,89,139,0.0,0,100,100,100,0,0,0,5968.0,0.0,5968.0,0.0,0.0,0,0,300,300,300,0,0,0,97552.0,89235.0,186787.0,48954.0,163.18,39,110,103520.0,89235.0,192755.0,400,0,200,600,400,400,400,0,0.2222222222222222,122.35,48940.0,0,258.8,103520.0,queue,4,1800.0,600.0,2400.0,140,0,0,400,400,0,0
cooperative_limited,1:3,800,87,0,87,87,161,0.0,0,100,100,100,0,0,0,6051.0,0.0,6051.0,0.0,0.0,0,0,300,300,300,0,0,0,94831.0,69338.0,164169.0,44999.0,149.99666666666667,38,90,100882.0,69338.0,170220.0,400,0,200,600,400,400,400,0,0.2222222222222222,112.465,44986.0,0,252.205,100882.0,queue,5,1800.0,600.0,2400.0,116,0,0,400,400,0,0
ramp_fixed_4s,1:3,800,0,0,0,0,0,4.0,300,100,100,100,0,0,0,5923.0,0.0,5923.0,0.0,0.0,0,0,300,300,300,0,0,0,72388.0,10521.0,82909.0,17433.0,58.11,31,26,78311.0,10521.0,88832.0,400,0,200,600,400,400,400,0,0.2222222222222222,43.555,17422.0,0,195.7775,78311.0,queue,1,1800.0,600.0,2400.0,50,0,0,400,400,0,0
ramp_fixed_4s,1:3,800,0,0,0,0,0,4.0,300,100,100,100,0,0,0,5952.0,0.0,5952.0,0.0,0.0,0,0,300,300,300,0,0,0,85229.0,37388.0,122617.0,23113.0,77.04333333333334,34,50,91181.0,37388.0,128569.0,400,0,200,600,400,400,400,0,0.2222222222222222,57.75,23100.0,0,227.9525,91181.0,queue,2,1800.0,600.0,2400.0,66,0,0,400,400,0,0
ramp_fixed_4s,1:3,800,0,0,0,0,0,4.0,300,100,100,100,0,0,0,5906.0,0.0,5906.0,0.0,0.0,0,0,300,300,300,0,0,0,86239.0,28460.0,114699.0,23079.0,76.93,33,46,92145.0,28460.0,120605.0,400,0,200,600,400,400,400,0,0.2222222222222222,57.66,23064.0,0,230.3625,92145.0,queue,3,1800.0,600.0,2400.0,70,0,0,400,400,0,0
ramp_fixed_4s,1:3,800,0,0,0,0,0,4.0,300,100,100,100,0,0,0,5879.0,0.0,5879.0,0.0,0.0,0,0,300,300,300,0,0,0,91434.0,34821.0,126255.0,23268.0,77.56,34,50,97313.0,34821.0,132134.0,400,0,200,600,400,400,400,0,0.2222222222222222,58.1225,23249.0,0,243.2825,97313.0,queue,4,1800.0,600.0,2400.0,75,0,0,400,400,0,0
ramp_fixed_4s,1:3,800,0,0,0,0,0,4.0,300,100,100,100,0,0,0,5940.0,0.0,5940.0,0.0,0.0,0,0,300,300,300,0,0,0,80232.0,23486.0,103718.0,21797.0,72.65666666666667,35,40,86172.0,23486.0,109658.0,400,0,200,600,400,400,400,0,0.2222222222222222,54.4625,21785.0,0,215.43,86172.0,queue,5,1800.0,600.0,2400.0,66,0,0,400,400,0,0
ramp_fixed_6s,1:3,800,0,0,0,0,0,6.0,300,100,100,100,0,0,0,5896.0,0.0,5896.0,0.0,0.0,0,0,300,300,300,0,0,0,88151.0,25064.0,113215.0,16163.0,53.876666666666665,27,37,94047.0,25064.0,119111.0,400,0,200,600,400,400,400,0,0.2222222222222222,39.9275,15971.0,0,235.1175,94047.0,queue,1,1800.0,600.0,2400.0,56,0,0,400,400,0,0
ramp_fixed_6s,1:3,800,0,0,0,0,0,6.0,300,100,100,100,0,0,0,5960.0,0.0,5960.0,0.0,0.0,0,0,300,300,300,0,0,0,89373.0,35508.0,124881.0,16336.0,54.45333333333333,30,45,95333.0,35508.0,130841.0,400,0,200,600,400,400,400,0,0.2222222222222222,40.3975,16159.0,0,238.3325,95333.0,queue,2,1800.0,600.0,2400.0,54,0,0,400,400,0,0
ramp_fixed_6s,1:3,800,0,0,0,0,0,6.0,300,100,100,100,0,0,0,5881.0,0.0,5881.0,0.0,0.0,0,0,300,300,300,0,0,0,91784.0,32106.0,123890.0,18327.0,61.09,27,48,97665.0,32106.0,129771.0,400,0,200,600,400,400,400,0,0.2222222222222222,45.395,18158.0,0,244.1625,97665.0,queue,3,1800.0,600.0,2400.0,67,0,0,400,400,0,0
ramp_fixed_6s,1:3,800,0,0,0,0,0,6.0,300,100,100,100,0,0,0,5891.0,0.0,5891.0,0.0,0.0,0,0,300,300,300,0,0,0,92017.0,33108.0,125125.0,17717.0,59.056666666666665,30,46,97908.0,33108.0,131016.0,400,0,200,600,400,400,400,0,0.2222222222222222,43.8725,17549.0,0,244.77,97908.0,queue,4,1800.0,600.0,2400.0,64,0,0,400,400,0,0
ramp_fixed_6s,1:3,800,0,0,0,0,0,6.0,300,100,100,100,0,0,0,5946.0,0.0,5946.0,0.0,0.0,0,0,300,300,297,3,0,3,90321.0,35183.0,125504.0,21073.0,70.24333333333334,32,52,96267.0,35183.0,131450.0,400,0,200,600,400,400,397,3,0.22055555555555556,52.67506297229219,20912.0,3,240.55163727959697,95499.0,breakdown,5,1800.0,600.0,2400.0,77,3,0,400,400,0,0
ramp_fixed_8s,1:3,800,0,0,0,0,0,8.0,289,100,100,100,0,0,0,5906.0,0.0,5906.0,0.0,0.0,0,0,300,300,283,17,0,17,92844.0,34679.0,127523.0,7488.0,24.96,23,49,98750.0,34679.0,133429.0,400,0,200,600,400,400,383,17,0.2127777777777778,17.660574412532636,6764.0,17,245.644908616188,94082.0,breakdown,1,1800.0,600.0,2400.0,56,17,0,400,400,0,0
ramp_fixed_8s,1:3,800,0,0,0,0,0,8.0,271,100,100,100,0,0,0,5943.0,0.0,5943.0,0.0,0.0,0,0,300,300,264,36,0,36,97570.0,56539.0,154109.0,12638.0,42.126666666666665,27,68,103513.0,56539.0,160052.0,400,0,200,600,400,400,364,36,0.20222222222222222,32.78846153846154,11935.0,36,263.90934065934067,96063.0,breakdown,2,1800.0,600.0,2400.0,73,36,0,400,400,0,0
ramp_fixed_8s,1:3,800,0,0,0,0,0,8.0,287,100,100,100,0,0,0,5890.0,0.0,5890.0,0.0,0.0,0,0,300,300,280,20,0,20,93907.0,41586.0,135493.0,7488.0,24.96,27,52,99797.0,41586.0,141383.0,400,0,200,600,400,400,380,20,0.2111111111111111,17.792105263157893,6761.0,20,248.43157894736842,94404.0,breakdown,3,1800.0,600.0,2400.0,59,20,0,400,400,0,0
ramp_fixed_8s,1:3,800,0,0,0,0,0,8.0,289,100,100,100,0,0,0,5868.0,0.0,5868.0,0.0,0.0,0,0,300,300,282,18,0,18,93841.0,36794.0,130635.0,8421.0,28.07,23,50,99709.0,36794.0,136503.0,400,0,200,600,400,400,382,18,0.21222222222222223,20.083769633507853,7672.0,18,248.065445026178,94761.0,breakdown,4,1800.0,600.0,2400.0,58,18,0,400,400,0,0
ramp_fixed_8s,1:3,800,0,0,0,0,0,8.0,291,100,100,100,0,0,0,5985.0,0.0,5985.0,0.0,0.0,0,0,300,300,285,15,0,15,90301.0,34549.0,124850.0,5964.0,19.88,17,48,96286.0,34549.0,130835.0,400,0,200,600,400,400,385,15,0.21388888888888888,13.548051948051947,5216.0,15,239.07792207792207,92045.0,breakdown,5,1800.0,600.0,2400.0,50,15,0,400,400,0,0
uncontrolled,1:4,800,0,0,0,0,0,0.0,0,80,80,80,0,0,0,4826.0,0.0,4826.0,0.0,0.0,0,0,320,320,320,0,0,0,20462.0,0.0,20462.0,44.0,0.1375,1,0,25288.0,0.0,25288.0,400,0,160,640,400,400,400,0,0.2222222222222222,0.11,44.0,0,63.22,25288.0,queue,1,1800.0,600.0,2400.0,1,0,0,400,400,0,0
uncontrolled,1:4,800,0,0,0,0,0,0.0,0,80,80,80,0,0,0,4830.0,0.0,4830.0,0.0,0.0,0,0,320,320,320,0,0,0,20550.0,0.0,20550.0,25.0,0.078125,1,0,25380.0,0.0,25380.0,400,0,160,640,400,400,400,0,0.2222222222222222,0.0625,25.0,0,63.45,25380.0,queue,2,1800.0,600.0,2400.0,1,0,0,400,400,0,0
uncontrolled,1:4,800,0,0,0,0,0,0.0,0,80,80,80,0,0,0,4857.0,0.0,4857.0,0.0,0.0,0,0,320,320,320,0,0,0,20619.0,0.0,20619.0,54.0,0.16875,2,0,25476.0,0.0,25476.0,400,0,160,640,400,400,400,0,0.2222222222222222,0.135,54.0,0,63.69,25476.0,queue,3,1800.0,600.0,2400.0,2,0,0,400,400,0,0
uncontrolled,1:4,800,0,0,0,0,0,0.0,0,80,80,80,0,0,0,4788.0,0.0,4788.0,0.0,0.0,0,0,320,320,320,0,0,0,20390.0,0.0,20390.0,32.0,0.1,1,0,25178.0,0.0,25178.0,400,0,160,640,400,400,400,0,0.2222222222222222,0.08,32.0,0,62.945,25178.0,queue,4,1800.0,600.0,2400.0,1,0,0,400,400,0,0
uncontrolled,1:4,800,0,0,0,0,0,0.0,0,80,80,80,0,0,0,4840.0,0.0,4840.0,0.0,0.0,0,0,320,320,320,0,0,0,20497.0,0.0,20497.0,68.0,0.2125,1,0,25337.0,0.0,25337.0,400,0,160,640,400,400,400,0,0.2222222222222222,0.17,68.0,0,63.3425,25337.0,queue,5,1800.0,600.0,2400.0,1,0,0,400,400,0,0
cooperative_limited,1:4,800,0,0,0,0,0,0.0,0,80,80,80,0,0,0,4826.0,0.0,4826.0,0.0,0.0,0,0,320,320,320,0,0,0,20462.0,0.0,20462.0,44.0,0.1375,1,0,25288.0,0.0,25288.0,400,0,160,640,400,400,400,0,0.2222222222222222,0.11,44.0,0,63.22,25288.0,queue,1,1800.0,600.0,2400.0,1,0,0,400,400,0,0
cooperative_limited,1:4,800,0,0,0,0,0,0.0,0,80,80,80,0,0,0,4830.0,0.0,4830.0,0.0,0.0,0,0,320,320,320,0,0,0,20550.0,0.0,20550.0,25.0,0.078125,1,0,25380.0,0.0,25380.0,400,0,160,640,400,400,400,0,0.2222222222222222,0.0625,25.0,0,63.45,25380.0,queue,2,1800.0,600.0,2400.0,1,0,0,400,400,0,0
cooperative_limited,1:4,800,0,0,0,0,0,0.0,0,80,80,80,0,0,0,4857.0,0.0,4857.0,0.0,0.0,0,0,320,320,320,0,0,0,20619.0,0.0,20619.0,54.0,0.16875,2,0,25476.0,0.0,25476.0,400,0,160,640,400,400,400,0,0.2222222222222222,0.135,54.0,0,63.69,25476.0,queue,3,1800.0,600.0,2400.0,2,0,0,400,400,0,0
cooperative_limited,1:4,800,0,0,0,0,0,0.0,0,80,80,80,0,0,0,4788.0,0.0,4788.0,0.0,0.0,0,0,320,320,320,0,0,0,20390.0,0.0,20390.0,32.0,0.1,1,0,25178.0,0.0,25178.0,400,0,160,640,400,400,400,0,0.2222222222222222,0.08,32.0,0,62.945,25178.0,queue,4,1800.0,600.0,2400.0,1,0,0,400,400,0,0
cooperative_limited,1:4,800,0,0,0,0,0,0.0,0,80,80,80,0,0,0,4840.0,0.0,4840.0,0.0,0.0,0,0,320,320,320,0,0,0,20497.0,0.0,20497.0,68.0,0.2125,1,0,25337.0,0.0,25337.0,400,0,160,640,400,400,400,0,0.2222222222222222,0.17,68.0,0,63.3425,25337.0,queue,5,1800.0,600.0,2400.0,1,0,0,400,400,0,0
ramp_fixed_4s,1:4,800,0,0,0,0,0,4.0,320,80,80,80,0,0,0,4772.0,0.0,4772.0,0.0,0.0,0,0,320,320,320,0,0,0,23262.0,0.0,23262.0,99.0,0.309375,1,0,28034.0,0.0,28034.0,400,0,160,640,400,400,400,0,0.2222222222222222,0.2475,99.0,0,70.085,28034.0,queue,1,1800.0,600.0,2400.0,1,0,0,400,400,0,0
ramp_fixed_4s,1:4,800,0,0,0,0,0,4.0,320,80,80,80,0,0,0,4828.0,0.0,4828.0,0.0,0.0,0,0,320,320,320,0,0,0,23541.0,0.0,23541.0,150.0,0.46875,5,0,28369.0,0.0,28369.0,400,0,160,640,400,400,400,0,0.2222222222222222,0.375,150.0,0,70.9225,28369.0,queue,2,1800.0,600.0,2400.0,5,0,0,400,400,0,0
ramp_fixed_4s,1:4,800,0,0,0,0,0,4.0,320,80,80,80,0,0,0,4848.0,0.0,4848.0,0.0,0.0,0,0,320,320,320,0,0,0,23399.0,0.0,23399.0,169.0,0.528125,4,0,28247.0,0.0,28247.0,400,0,160,640,400,400,400,0,0.2222222222222222,0.4225,169.0,0,70.6175,28247.0,queue,3,1800.0,600.0,2400.0,4,0,0,400,400,0,0
ramp_fixed_4s,1:4,800,0,0,0,0,0,4.0,320,80,80,80,0,0,0,4724.0,0.0,4724.0,0.0,0.0,0,0,320,320,320,0,0,0,23409.0,0.0,23409.0,287.0,0.896875,5,0,28133.0,0.0,28133.0,400,0,160,640,400,400,400,0,0.2222222222222222,0.7175,287.0,0,70.3325,28133.0,queue,4,1800.0,600.0,2400.0,5,0,0,400,400,0,0
ramp_fixed_4s,1:4,800,0,0,0,0,0,4.0,320,80,80,80,0,0,0,4764.0,0.0,4764.0,0.0,0.0,0,0,320,320,320,0,0,0,23551.0,0.0,23551.0,246.0,0.76875,5,0,28315.0,0.0,28315.0,400,0,160,640,400,400,400,0,0.2222222222222222,0.615,246.0,0,70.7875,28315.0,queue,5,1800.0,600.0,2400.0,5,0,0,400,400,0,0
ramp_fixed_6s,1:4,800,0,0,0,0,0,6.0,320,80,80,80,0,0,0,4776.0,0.0,4776.0,0.0,0.0,0,0,320,320,320,0,0,0,42744.0,0.0,42744.0,379.0,1.184375,3,0,47520.0,0.0,47520.0,400,0,160,640,400,400,400,0,0.2222222222222222,0.4225,169.0,0,118.8,47520.0,queue,1,1800.0,600.0,2400.0,3,0,0,400,400,0,0
ramp_fixed_6s,1:4,800,0,0,0,0,0,6.0,320,80,80,80,0,0,0,4792.0,0.0,4792.0,0.0,0.0,0,0,320,320,320,0,0,0,43296.0,0.0,43296.0,425.0,1.328125,4,0,48088.0,0.0,48088.0,400,0,160,640,400,400,400,0,0.2222222222222222,0.555,222.0,0,120.22,48088.0,queue,2,1800.0,600.0,2400.0,4,0,0,400,400,0,0
ramp_fixed_6s,1:4,800,0,0,0,0,0,6.0,320,80,80,80,0,0,0,4814.0,0.0,4814.0,0.0,0.0,0,0,320,320,320,0,0,0,43268.0,0.0,43268.0,523.0,1.634375,5,0,48082.0,0.0,48082.0,400,0,160,640,400,400,400,0,0.2222222222222222,0.8325,333.0,0,120.205,48082.0,queue,3,1800.0,600.0,2400.0,5,0,0,400,400,0,0
ramp_fixed_6s,1:4,800,0,0,0,0,0,6.0,320,80,80,80,0,0,0,4757.0,0.0,4757.0,0.0,0.0,0,0,320,320,320,0,0,0,42232.0,0.0,42232.0,366.0,1.14375,2,0,46989.0,0.0,46989.0,400,0,160,640,400,400,400,0,0.2222222222222222,0.4575,183.0,0,117.4725,46989.0,queue,4,1800.0,600.0,2400.0,2,0,0,400,400,0,0
ramp_fixed_6s,1:4,800,0,0,0,0,0,6.0,320,80,80,80,0,0,0,4800.0,0.0,4800.0,0.0,0.0,0,0,320,320,320,0,0,0,42810.0,0.0,42810.0,341.0,1.065625,2,0,47610.0,0.0,47610.0,400,0,160,640,400,400,400,0,0.2222222222222222,0.39,156.0,0,119.025,47610.0,queue,5,1800.0,600.0,2400.0,2,0,0,400,400,0,0
ramp_fixed_8s,1:4,800,0,0,0,0,0,8.0,298,80,80,80,0,0,0,4708.0,0.0,4708.0,0.0,0.0,0,0,320,320,292,28,0,28,91676.0,49270.0,140946.0,1963.0,6.134375,3,61,96384.0,49270.0,145654.0,400,0,160,640,400,400,372,28,0.20666666666666667,3.206989247311828,1193.0,28,241.73924731182797,89927.0,breakdown,1,1800.0,600.0,2400.0,62,28,0,400,400,0,0
ramp_fixed_8s,1:4,800,0,0,0,0,0,8.0,298,80,80,80,0,0,0,4756.0,0.0,4756.0,0.0,0.0,0,0,320,320,292,28,0,28,91812.0,49229.0,141041.0,2067.0,6.459375,4,61,96568.0,49229.0,145797.0,400,0,160,640,400,400,372,28,0.20666666666666667,3.4166666666666665,1271.0,28,242.2311827956989,90110.0,breakdown,2,1800.0,600.0,2400.0,62,28,0,400,400,0,0
ramp_fixed_8s,1:4,800,0,0,0,0,0,8.0,299,80,80,80,0,0,0,4759.0,0.0,4759.0,0.0,0.0,0,0,320,320,292,28,0,28,91629.0,48826.0,140455.0,2083.0,6.509375,4,60,96388.0,48826.0,145214.0,400,0,160,640,400,400,372,28,0.20666666666666667,3.413978494623656,1270.0,28,241.55913978494624,89860.0,breakdown,3,1800.0,600.0,2400.0,62,28,0,400,400,0,0
ramp_fixed_8s,1:4,800,0,0,0,0,0,8.0,299,80,80,80,0,0,0,4708.0,0.0,4708.0,0.0,0.0,0,0,320,320,292,28,0,28,91519.0,48612.0,140131.0,2172.0,6.7875,5,60,96227.0,48612.0,144839.0,400,0,160,640,400,400,372,28,0.20666666666666667,3.661290322580645,1362.0,28,241.05376344086022,89672.0,breakdown,4,1800.0,600.0,2400.0,61,28,0,400,400,0,0
ramp_fixed_8s,1:4,800,0,0,0,0,0,8.0,298,80,80,80,0,0,0,4760.0,0.0,4760.0,0.0,0.0,0,0,320,320,292,28,0,28,91766.0,49226.0,140992.0,2085.0,6.515625,3,61,96526.0,49226.0,145752.0,400,0,160,640,400,400,372,28,0.20666666666666667,3.4489247311827955,1283.0,28,242.1021505376344,90062.0,breakdown,5,1800.0,600.0,2400.0,62,28,0,400,400,0,0
uncontrolled,1:5,800,0,0,0,0,0,0.0,0,67,67,67,0,0,0,3977.0,0.0,3977.0,0.0,0.0,0,0,334,334,334,0,0,0,21469.0,0.0,21469.0,60.0,0.17964071856287425,1,0,25446.0,0.0,25446.0,401,0,133,667,400,401,401,0,0.22277777777777777,0.14962593516209477,60.0,0,63.45635910224439,25446.0,queue,1,1800.0,600.0,2400.0,1,0,0,401,401,0,0
uncontrolled,1:5,800,0,0,0,0,0,0.0,0,67,67,67,0,0,0,4041.0,0.0,4041.0,0.0,0.0,0,0,334,334,334,0,0,0,21577.0,0.0,21577.0,85.0,0.25449101796407186,1,0,25618.0,0.0,25618.0,401,0,133,667,400,401,401,0,0.22277777777777777,0.2119700748129676,85.0,0,63.885286783042396,25618.0,queue,2,1800.0,600.0,2400.0,1,0,0,401,401,0,0
uncontrolled,1:5,800,0,0,0,0,0,0.0,0,67,67,67,0,0,0,4044.0,0.0,4044.0,0.0,0.0,0,0,334,334,334,0,0,0,21504.0,0.0,21504.0,67.0,0.20059880239520958,1,0,25548.0,0.0,25548.0,401,0,133,667,400,401,401,0,0.22277777777777777,0.16708229426433915,67.0,0,63.71072319201995,25548.0,queue,3,1800.0,600.0,2400.0,1,0,0,401,401,0,0
uncontrolled,1:5,800,0,0,0,0,0,0.0,0,67,67,67,0,0,0,3995.0,0.0,3995.0,0.0,0.0,0,0,334,334,334,0,0,0,21336.0,0.0,21336.0,57.0,0.17065868263473055,1,0,25331.0,0.0,25331.0,401,0,133,667,400,401,401,0,0.22277777777777777,0.14214463840399003,57.0,0,63.16957605985037,25331.0,queue,4,1800.0,600.0,2400.0,1,0,0,401,401,0,0
uncontrolled,1:5,800,0,0,0,0,0,0.0,0,67,67,67,0,0,0,3987.0,0.0,3987.0,0.0,0.0,0,0,334,334,334,0,0,0,21528.0,0.0,21528.0,85.0,0.25449101796407186,2,0,25515.0,0.0,25515.0,401,0,133,667,400,401,401,0,0.22277777777777777,0.2119700748129676,85.0,0,63.6284289276808,25515.0,queue,5,1800.0,600.0,2400.0,2,0,0,401,401,0,0
cooperative_limited,1:5,800,0,0,0,0,0,0.0,0,67,67,67,0,0,0,3977.0,0.0,3977.0,0.0,0.0,0,0,334,334,334,0,0,0,21469.0,0.0,21469.0,60.0,0.17964071856287425,1,0,25446.0,0.0,25446.0,401,0,133,667,400,401,401,0,0.22277777777777777,0.14962593516209477,60.0,0,63.45635910224439,25446.0,queue,1,1800.0,600.0,2400.0,1,0,0,401,401,0,0
cooperative_limited,1:5,800,0,0,0,0,0,0.0,0,67,67,67,0,0,0,4041.0,0.0,4041.0,0.0,0.0,0,0,334,334,334,0,0,0,21577.0,0.0,21577.0,85.0,0.25449101796407186,1,0,25618.0,0.0,25618.0,401,0,133,667,400,401,401,0,0.22277777777777777,0.2119700748129676,85.0,0,63.885286783042396,25618.0,queue,2,1800.0,600.0,2400.0,1,0,0,401,401,0,0
cooperative_limited,1:5,800,0,0,0,0,0,0.0,0,67,67,67,0,0,0,4044.0,0.0,4044.0,0.0,0.0,0,0,334,334,334,0,0,0,21504.0,0.0,21504.0,67.0,0.20059880239520958,1,0,25548.0,0.0,25548.0,401,0,133,667,400,401,401,0,0.22277777777777777,0.16708229426433915,67.0,0,63.71072319201995,25548.0,queue,3,1800.0,600.0,2400.0,1,0,0,401,401,0,0
cooperative_limited,1:5,800,0,0,0,0,0,0.0,0,67,67,67,0,0,0,3995.0,0.0,3995.0,0.0,0.0,0,0,334,334,334,0,0,0,21336.0,0.0,21336.0,57.0,0.17065868263473055,1,0,25331.0,0.0,25331.0,401,0,133,667,400,401,401,0,0.22277777777777777,0.14214463840399003,57.0,0,63.16957605985037,25331.0,queue,4,1800.0,600.0,2400.0,1,0,0,401,401,0,0
cooperative_limited,1:5,800,0,0,0,0,0,0.0,0,67,67,67,0,0,0,3987.0,0.0,3987.0,0.0,0.0,0,0,334,334,334,0,0,0,21528.0,0.0,21528.0,85.0,0.25449101796407186,2,0,25515.0,0.0,25515.0,401,0,133,667,400,401,401,0,0.22277777777777777,0.2119700748129676,85.0,0,63.6284289276808,25515.0,queue,5,1800.0,600.0,2400.0,2,0,0,401,401,0,0
ramp_fixed_4s,1:5,800,0,0,0,0,0,4.0,334,67,67,67,0,0,0,3978.0,0.0,3978.0,0.0,0.0,0,0,334,334,334,0,0,0,24402.0,0.0,24402.0,70.0,0.20958083832335328,1,0,28380.0,0.0,28380.0,401,0,133,667,400,401,401,0,0.22277777777777777,0.1745635910224439,70.0,0,70.77306733167082,28380.0,queue,1,1800.0,600.0,2400.0,1,0,0,401,401,0,0
ramp_fixed_4s,1:5,800,0,0,0,0,0,4.0,334,67,67,67,0,0,0,4070.0,0.0,4070.0,0.0,0.0,0,0,334,334,334,0,0,0,24329.0,0.0,24329.0,56.0,0.16766467065868262,2,0,28399.0,0.0,28399.0,401,0,133,667,400,401,401,0,0.22277777777777777,0.1396508728179551,56.0,0,70.82044887780549,28399.0,queue,2,1800.0,600.0,2400.0,2,0,0,401,401,0,0
ramp_fixed_4s,1:5,800,0,0,0,0,0,4.0,334,67,67,67,0,0,0,4089.0,0.0,4089.0,0.0,0.0,0,0,334,334,334,0,0,0,24353.0,0.0,24353.0,49.0,0.1467065868263473,1,0,28442.0,0.0,28442.0,401,0,133,667,400,401,401,0,0.22277777777777777,0.12219451371571072,49.0,0,70.92768079800499,28442.0,queue,3,1800.0,600.0,2400.0,1,0,0,401,401,0,0
ramp_fixed_4s,1:5,800,0,0,0,0,0,4.0,334,67,67,67,0,0,0,3979.0,0.0,3979.0,0.0,0.0,0,0,334,334,334,0,0,0,24117.0,0.0,24117.0,70.0,0.20958083832335328,2,0,28096.0,0.0,28096.0,401,0,133,667,400,401,401,0,0.22277777777777777,0.1745635910224439,70.0,0,70.06483790523691,28096.0,queue,4,1800.0,600.0,2400.0,2,0,0,401,401,0,0
ramp_fixed_4s,1:5,800,0,0,0,0,0,4.0,334,67,67,67,0,0,0,4015.0,0.0,4015.0,0.0,0.0,0,0,334,334,334,0,0,0,24305.0,0.0,24305.0,71.0,0.2125748502994012,1,0,28320.0,0.0,28320.0,401,0,133,667,400,401,401,0,0.22277777777777777,0.1770573566084788,71.0,0,70.62344139650872,28320.0,queue,5,1800.0,600.0,2400.0,1,0,0,401,401,0,0
ramp_fixed_6s,1:5,800,0,0,0,0,0,6.0,334,67,67,67,0,0,0,3951.0,0.0,3951.0,0.0,0.0,0,0,334,334,334,0,0,0,57999.0,236.0,58235.0,365.0,1.092814371257485,3,3,61950.0,236.0,62186.0,401,0,133,667,400,401,401,0,0.22277777777777777,0.46384039900249374,186.0,0,154.48877805486285,61950.0,queue,1,1800.0,600.0,2400.0,4,0,0,401,401,0,0
ramp_fixed_6s,1:5,800,0,0,0,0,0,6.0,334,67,67,67,0,0,0,4021.0,0.0,4021.0,0.0,0.0,0,0,334,334,334,0,0,0,59271.0,320.0,59591.0,433.0,1.2964071856287425,2,4,63292.0,320.0,63612.0,401,0,133,667,400,401,401,0,0.22277777777777777,0.5286783042394015,212.0,0,157.8354114713217,63292.0,queue,2,1800.0,600.0,2400.0,4,0,0,401,401,0,0
ramp_fixed_6s,1:5,800,0,0,0,0,0,6.0,334,67,67,67,0,0,0,4043.0,0.0,4043.0,0.0,0.0,0,0,334,334,334,0,0,0,57709.0,157.0,57866.0,396.0,1.18562874251497,2,3,61752.0,157.0,61909.0,401,0,133,667,400,401,401,0,0.22277777777777777,0.4937655860349127,198.0,0,153.99501246882792,61752.0,queue,3,1800.0,600.0,2400.0,3,0,0,401,401,0,0
ramp_fixed_6s,1:5,800,0,0,0,0,0,6.0,334,67,67,67,0,0,0,3952.0,0.0,3952.0,0.0,0.0,0,0,334,334,334,0,0,0,57210.0,138.0,57348.0,391.0,1.1706586826347305,2,3,61162.0,138.0,61300.0,401,0,133,667,400,401,401,0,0.22277777777777777,0.4538653366583541,182.0,0,152.52369077306733,61162.0,queue,4,1800.0,600.0,2400.0,3,0,0,401,401,0,0
ramp_fixed_6s,1:5,800,0,0,0,0,0,6.0,334,67,67,67,0,0,0,3980.0,0.0,3980.0,0.0,0.0,0,0,334,334,334,0,0,0,58138.0,234.0,58372.0,402.0,1.2035928143712575,2,3,62118.0,234.0,62352.0,401,0,133,667,400,401,401,0,0.22277777777777777,0.5087281795511222,204.0,0,154.9077306733167,62118.0,queue,5,1800.0,600.0,2400.0,4,0,0,401,401,0,0
ramp_fixed_8s,1:5,800,0,0,0,0,0,8.0,298,67,67,67,0,0,0,3944.0,0.0,3944.0,0.0,0.0,0,0,334,334,291,43,0,43,93858.0,67305.0,161163.0,1947.0,5.8293413173652695,3,74,97802.0,67305.0,165107.0,401,0,133,667,400,401,358,43,0.1988888888888889,3.2374301675977653,1159.0,43,251.60055865921788,90073.0,breakdown,1,1800.0,600.0,2400.0,76,43,0,401,401,0,0
ramp_fixed_8s,1:5,800,0,0,0,0,0,8.0,298,67,67,67,0,0,0,4000.0,0.0,4000.0,0.0,0.0,0,0,334,334,292,42,0,42,94088.0,67735.0,161823.0,1980.0,5.92814371257485,3,74,98088.0,67735.0,165823.0,401,0,133,667,400,401,359,42,0.19944444444444445,3.328690807799443,1195.0,42,252.8857938718663,90786.0,breakdown,2,1800.0,600.0,2400.0,75,42,0,401,401,0,0
ramp_fixed_8s,1:5,800,0,0,0,0,0,8.0,299,67,67,67,0,0,0,3983.0,0.0,3983.0,0.0,0.0,0,0,334,334,292,42,0,42,93867.0,67075.0,160942.0,1943.0,5.817365269461078,3,74,97850.0,67075.0,164925.0,401,0,133,667,400,401,359,42,0.19944444444444445,3.3008356545961,1185.0,42,251.8857938718663,90427.0,breakdown,3,1800.0,600.0,2400.0,76,42,0,401,401,0,0
ramp_fixed_8s,1:5,800,0,0,0,0,0,8.0,299,67,67,67,0,0,0,3962.0,0.0,3962.0,0.0,0.0,0,0,334,334,292,42,0,42,93710.0,66827.0,160537.0,2000.0,5.9880239520958085,4,74,97672.0,66827.0,164499.0,401,0,133,667,400,401,359,42,0.19944444444444445,3.403899721448468,1222.0,42,251.27298050139277,90207.0,breakdown,4,1800.0,600.0,2400.0,75,42,0,401,401,0,0
ramp_fixed_8s,1:5,800,0,0,0,0,0,8.0,298,67,67,67,0,0,0,4001.0,0.0,4001.0,0.0,0.0,0,0,334,334,291,43,0,43,93969.0,67267.0,161236.0,2051.0,6.140718562874252,3,74,97970.0,67267.0,165237.0,401,0,133,667,400,401,358,43,0.1988888888888889,3.547486033519553,1270.0,43,252.04189944134077,90231.0,breakdown,5,1800.0,600.0,2400.0,76,43,0,401,401,0,0
uncontrolled,1:1,1000,0,0,0,0,0,0.0,0,250,250,250,0,0,0,14790.0,0.0,14790.0,0.0,0.0,0,0,250,250,250,0,0,0,106763.0,137698.0,244461.0,65503.0,262.012,53,146,121553.0,137698.0,259251.0,500,0,500,500,500,500,500,0,0.2777777777777778,130.986,65493.0,0,243.106,121553.0,queue,1,1800.0,600.0,2400.0,197,0,0,500,500,0,0
uncontrolled,1:1,1000,0,0,0,0,0,0.0,0,250,250,250,0,0,0,14836.0,0.0,14836.0,0.0,0.0,0,0,250,250,250,0,0,0,105719.0,132662.0,238381.0,64490.0,257.96,53,143,120555.0,132662.0,253217.0,500,0,500,500,500,500,500,0,0.2777777777777778,128.962,64481.0,0,241.11,120555.0,queue,2,1800.0,600.0,2400.0,191,0,0,500,500,0,0
uncontrolled,1:1,1000,0,0,0,0,0,0.0,0,250,250,250,0,0,0,14594.0,0.0,14594.0,0.0,0.0,0,0,250,250,248,2,0,2,108174.0,143704.0,251878.0,67050.0,268.2,53,149,122768.0,143704.0,266472.0,500,0,500,500,500,500,498,2,0.27666666666666667,134.6164658634538,67039.0,2,246.0120481927711,122514.0,breakdown,3,1800.0,600.0,2400.0,202,2,0,500,500,0,0
uncontrolled,1:1,1000,0,0,0,0,0,0.0,0,250,250,250,0,0,0,14557.0,0.0,14557.0,0.0,0.0,0,0,250,250,250,0,0,0,107208.0,136510.0,243718.0,66013.0,264.052,53,147,121765.0,136510.0,258275.0,500,0,500,500,500,500,500,0,0.2777777777777778,131.992,65996.0,0,243.53,121765.0,queue,4,1800.0,600.0,2400.0,198,0,0,500,500,0,0
uncontrolled,1:1,1000,0,0,0,0,0,0.0,0,250,250,250,0,0,0,14611.0,0.0,14611.0,0.0,0.0,0,0,250,250,242,8,0,8,108353.0,149699.0,258052.0,67955.0,271.82,53,157,122964.0,149699.0,272663.0,500,0,500,500,500,500,492,8,0.2733333333333333,138.10162601626016,67946.0,8,247.9918699186992,122012.0,breakdown,5,1800.0,600.0,2400.0,200,8,0,500,500,0,0
cooperative_limited,1:1,1000,106,1,105,106,53,0.0,0,250,250,250,0,0,0,14947.0,0.0,14947.0,0.0,0.0,0,0,250,250,248,2,0,2,107640.0,143753.0,251393.0,68021.0,272.084,53,151,122587.0,143753.0,266340.0,500,0,500,500,500,500,498,2,0.27666666666666667,136.5562248995984,68005.0,2,245.67871485943775,122348.0,breakdown,1,1800.0,600.0,2400.0,202,2,0,500,500,0,0
cooperative_limited,1:1,1000,104,3,101,104,62,0.0,0,250,250,250,0,0,0,14981.0,0.0,14981.0,0.0,0.0,0,0,250,250,250,0,0,0,106066.0,132248.0,238314.0,64765.0,259.06,53,143,121047.0,132248.0,253295.0,500,0,500,500,500,500,500,0,0.2777777777777778,129.512,64756.0,0,242.094,121047.0,queue,2,1800.0,600.0,2400.0,191,0,0,500,500,0,0
cooperative_limited,1:1,1000,105,3,102,105,46,0.0,0,250,250,250,0,0,0,14727.0,0.0,14727.0,0.0,0.0,0,0,250,250,238,12,0,12,109892.0,157066.0,266958.0,69766.0,279.064,53,161,124619.0,157066.0,281685.0,500,0,500,500,500,500,488,12,0.27111111111111114,142.94467213114754,69757.0,12,252.6372950819672,123287.0,breakdown,3,1800.0,600.0,2400.0,209,12,0,500,500,0,0
cooperative_limited,1:1,1000,103,4,99,103,52,0.0,0,250,250,250,0,0,0,14697.0,0.0,14697.0,0.0,0.0,0,0,250,250,250,0,0,0,107296.0,136860.0,244156.0,67274.0,269.096,53,148,121993.0,136860.0,258853.0,500,0,500,500,500,500,500,0,0.2777777777777778,134.524,67262.0,0,243.986,121993.0,queue,4,1800.0,600.0,2400.0,194,0,0,500,500,0,0
cooperative_limited,1:1,1000,103,2,101,103,51,0.0,0,250,250,250,0,0,0,14772.0,0.0,14772.0,0.0,0.0,0,0,250,250,248,2,0,2,107385.0,143257.0,250642.0,67387.0,269.548,53,153,122157.0,143257.0,265414.0,500,0,500,500,500,500,498,2,0.27666666666666667,135.29718875502007,67378.0,2,244.79718875502007,121909.0,breakdown,5,1800.0,600.0,2400.0,196,2,0,500,500,0,0
ramp_fixed_4s,1:1,1000,0,0,0,0,0,4.0,173,250,250,250,0,0,0,14797.0,0.0,14797.0,0.0,0.0,0,0,250,206,163,43,44,87,109496.0,166345.0,275841.0,65531.0,318.1116504854369,53,150,124293.0,166345.0,290638.0,500,0,500,500,500,500,413,87,0.22944444444444445,158.61985472154964,65510.0,87,289.9782082324455,119761.0,breakdown,1,1800.0,600.0,2400.0,201,43,44,456,500,0,0
ramp_fixed_4s,1:1,1000,0,0,0,0,0,4.0,183,250,250,250,0,0,0,14822.0,0.0,14822.0,0.0,0.0,0,0,250,215,172,43,35,78,108439.0,154880.0,263319.0,63598.0,295.8046511627907,53,145,123261.0,154880.0,278141.0,500,0,500,500,500,500,422,78,0.23444444444444446,150.67298578199052,63584.0,78,281.3957345971564,118749.0,breakdown,2,1800.0,600.0,2400.0,192,43,35,465,500,0,0
ramp_fixed_4s,1:1,1000,0,0,0,0,0,4.0,173,250,250,250,0,0,0,14590.0,0.0,14590.0,0.0,0.0,0,0,250,206,162,44,44,88,109690.0,167275.0,276965.0,66470.0,322.66990291262135,53,151,124280.0,167275.0,291555.0,500,0,500,500,500,500,412,88,0.2288888888888889,161.29126213592232,66452.0,88,289.747572815534,119376.0,breakdown,3,1800.0,600.0,2400.0,204,44,44,456,500,0,0
ramp_fixed_4s,1:1,1000,0,0,0,0,0,4.0,174,250,250,250,0,0,0,14525.0,0.0,14525.0,0.0,0.0,0,0,250,206,163,43,44,87,110143.0,165336.0,275479.0,66984.0,325.1650485436893,53,153,124668.0,165336.0,290004.0,500,0,500,500,500,500,413,87,0.22944444444444445,162.11622276029055,66954.0,87,290.86924939467315,120129.0,breakdown,4,1800.0,600.0,2400.0,199,43,44,456,500,0,0
ramp_fixed_4s,1:1,1000,0,0,0,0,0,4.0,171,250,250,250,0,0,0,14609.0,0.0,14609.0,0.0,0.0,0,0,250,203,159,44,47,91,108600.0,167102.0,275702.0,66077.0,325.5024630541872,53,155,123209.0,167102.0,290311.0,500,0,500,500,500,500,409,91,0.22722222222222221,161.49877750611248,66053.0,91,289.39364303178485,118362.0,breakdown,5,1800.0,600.0,2400.0,198,44,47,453,500,0,0
ramp_fixed_6s,1:1,1000,0,0,0,0,0,6.0,153,250,250,250,0,0,0,14807.0,0.0,14807.0,0.0,0.0,0,0,250,187,144,43,63,106,109397.0,172764.0,282161.0,64877.0,346.93582887700535,53,151,124204.0,172764.0,296968.0,500,0,500,500,500,500,394,106,0.21888888888888888,164.4289340101523,64785.0,106,300.9746192893401,118584.0,breakdown,1,1800.0,600.0,2400.0,198,43,63,437,500,0,0
ramp_fixed_6s,1:1,1000,0,0,0,0,0,6.0,161,250,250,250,0,0,0,14814.0,0.0,14814.0,0.0,0.0,0,0,250,195,151,44,55,99,108348.0,161016.0,269364.0,62904.0,322.5846153846154,53,146,123162.0,161016.0,284178.0,500,0,500,500,500,500,401,99,0.22277777777777777,156.60349127182045,62798.0,99,292.7780548628429,117404.0,breakdown,2,1800.0,600.0,2400.0,192,44,55,445,500,0,0
ramp_fixed_6s,1:1,1000,0,0,0,0,0,6.0,154,250,250,250,0,0,0,14582.0,0.0,14582.0,0.0,0.0,0,0,250,188,145,43,62,105,109480.0,171943.0,281423.0,65328.0,347.48936170212767,53,151,124062.0,171943.0,296005.0,500,0,500,500,500,500,395,105,0.21944444444444444,165.15696202531646,65237.0,105,299.73417721518985,118395.0,breakdown,3,1800.0,600.0,2400.0,204,43,62,438,500,0,0
ramp_fixed_6s,1:1,1000,0,0,0,0,0,6.0,155,250,250,250,0,0,0,14564.0,0.0,14564.0,0.0,0.0,0,0,250,189,146,43,61,104,109848.0,167295.0,277143.0,64751.0,342.5978835978836,53,151,124412.0,167295.0,291707.0,500,0,500,500,500,500,396,104,0.22,163.27777777777777,64658.0,104,299.7651515151515,118707.0,breakdown,4,1800.0,600.0,2400.0,202,43,61,439,500,0,0
ramp_fixed_6s,1:1,1000,0,0,0,0,0,6.0,151,250,250,250,0,0,0,14613.0,0.0,14613.0,0.0,0.0,0,0,250,186,143,43,64,107,108517.0,171697.0,280214.0,65605.0,352.71505376344084,53,155,123130.0,171697.0,294827.0,500,0,500,500,500,500,393,107,0.21833333333333332,166.74045801526717,65529.0,107,299.4147582697201,117670.0,breakdown,5,1800.0,600.0,2400.0,198,43,64,436,500,0,0
ramp_fixed_8s,1:1,1000,0,0,0,0,0,8.0,128,250,250,250,0,0,0,14800.0,0.0,14800.0,0.0,0.0,0,0,250,164,121,43,86,129,109412.0,176100.0,285512.0,63839.0,389.2621951219512,53,152,124212.0,176100.0,300312.0,500,0,500,500,500,500,371,129,0.2061111111111111,171.26954177897574,63541.0,129,314.33692722371967,116619.0,breakdown,1,1800.0,600.0,2400.0,203,43,86,414,500,0,0
ramp_fixed_8s,1:1,1000,0,0,0,0,0,8.0,138,250,250,250,0,0,0,14845.0,0.0,14845.0,0.0,0.0,0,0,250,175,132,43,75,118,108205.0,164128.0,272333.0,60277.0,344.44,53,144,123050.0,164128.0,287178.0,500,0,500,500,500,500,382,118,0.21222222222222223,156.96596858638745,59961.0,118,302.7696335078534,115658.0,breakdown,2,1800.0,600.0,2400.0,185,43,75,425,500,0,0
ramp_fixed_8s,1:1,1000,0,0,0,0,0,8.0,131,250,250,250,0,0,0,14607.0,0.0,14607.0,0.0,0.0,0,0,250,167,124,43,83,126,107829.0,170699.0,278528.0,63058.0,377.5928143712575,53,150,122436.0,170699.0,293135.0,500,0,500,500,500,500,374,126,0.20777777777777778,167.79679144385025,62756.0,126,307.4197860962567,114975.0,breakdown,3,1800.0,600.0,2400.0,198,43,83,417,500,0,0
ramp_fixed_8s,1:1,1000,0,0,0,0,0,8.0,133,250,250,250,0,0,0,14552.0,0.0,14552.0,0.0,0.0,0,0,250,170,126,44,80,124,109691.0,169340.0,279031.0,62084.0,365.2,53,148,124243.0,169340.0,293583.0,500,0,500,500,500,500,376,124,0.2088888888888889,164.25,61758.0,124,309.8723404255319,116512.0,breakdown,4,1800.0,600.0,2400.0,199,44,80,420,500,0,0
ramp_fixed_8s,1:1,1000,0,0,0,0,0,8.0,128,250,250,250,0,0,0,14616.0,0.0,14616.0,0.0,0.0,0,0,250,165,122,43,85,128,109132.0,178607.0,287739.0,63936.0,387.4909090909091,53,154,123748.0,178607.0,302355.0,500,0,500,500,500,500,372,128,0.20666666666666667,171.01344086021504,63617.0,128,312.9220430107527,116407.0,breakdown,5,1800.0,600.0,2400.0,197,43,85,415,500,0,0
uncontrolled,1:2,1000,0,0,0,0,0,0.0,0,167,167,167,0,0,0,9693.0,0.0,9693.0,0.0,0.0,0,0,334,330,284,46,4,50,112050.0,210590.0,322640.0,61622.0,186.73333333333332,50,200,121743.0,210590.0,332333.0,501,0,333,667,500,501,451,50,0.25055555555555553,136.59423503325942,61604.0,50,263.74057649667407,118947.0,breakdown,1,1800.0,600.0,2400.0,240,46,4,497,501,0,0
uncontrolled,1:2,1000,0,0,0,0,0,0.0,0,167,167,167,0,0,0,9809.0,0.0,9809.0,0.0,0.0,0,0,334,330,282,48,4,52,112956.0,215293.0,328249.0,62196.0,188.47272727272727,53,202,122765.0,215293.0,338058.0,501,0,333,667,500,501,449,52,0.24944444444444444,138.48329621380847,62179.0,52,266.4877505567929,119653.0,breakdown,2,1800.0,600.0,2400.0,239,48,4,497,501,0,0
uncontrolled,1:2,1000,0,0,0,0,0,0.0,0,167,167,167,0,0,0,9786.0,0.0,9786.0,0.0,0.0,0,0,334,329,284,45,5,50,111876.0,212571.0,324447.0,61490.0,186.89969604863222,50,200,121662.0,212571.0,334233.0,501,0,333,667,500,501,451,50,0.25055555555555553,136.3059866962306,61474.0,50,263.6008869179601,118884.0,breakdown,3,1800.0,600.0,2400.0,240,45,5,496,501,0,0
uncontrolled,1:2,1000,0,0,0,0,0,0.0,0,167,167,167,0,0,0,9699.0,0.0,9699.0,0.0,0.0,0,0,334,325,280,45,9,54,112628.0,218822.0,331450.0,62599.0,192.6123076923077,50,203,122327.0,218822.0,341149.0,501,0,333,667,500,501,447,54,0.24833333333333332,140.00671140939596,62583.0,54,267.37136465324386,119515.0,breakdown,4,1800.0,600.0,2400.0,251,45,9,492,501,0,0
uncontrolled,1:2,1000,0,0,0,0,0,0.0,0,167,167,167,0,0,0,9688.0,0.0,9688.0,0.0,0.0,0,0,334,321,274,47,13,60,112034.0,223832.0,335866.0,62388.0,194.3551401869159,53,208,121722.0,223832.0,345554.0,501,0,333,667,500,501,441,60,0.245,141.43990929705217,62375.0,60,269.01814058956916,118637.0,breakdown,5,1800.0,600.0,2400.0,251,47,13,488,501,0,0
cooperative_limited,1:2,1000,89,1,88,89,82,0.0,0,167,167,167,0,0,0,9833.0,0.0,9833.0,0.0,0.0,0,0,334,326,281,45,8,53,112123.0,212987.0,325110.0,62143.0,190.62269938650306,53,203,121956.0,212987.0,334943.0,501,0,333,667,500,501,448,53,0.24888888888888888,138.68973214285714,62133.0,53,266.04910714285717,119190.0,breakdown,1,1800.0,600.0,2400.0,244,45,8,493,501,0,0
cooperative_limited,1:2,1000,93,0,93,93,80,0.0,0,167,167,167,0,0,0,9984.0,0.0,9984.0,0.0,0.0,0,0,334,318,272,46,16,62,113414.0,233577.0,346991.0,64393.0,202.4937106918239,53,210,123398.0,233577.0,356975.0,501,0,333,667,500,501,439,62,0.24388888888888888,146.65831435079727,64383.0,62,274.5763097949886,120539.0,breakdown,2,1800.0,600.0,2400.0,247,46,16,485,501,0,0
cooperative_limited,1:2,1000,86,1,85,86,88,0.0,0,167,167,167,0,0,0,9880.0,0.0,9880.0,0.0,0.0,0,0,334,333,286,47,1,48,112041.0,208954.0,320995.0,62226.0,186.86486486486487,52,197,121921.0,208954.0,330875.0,501,0,333,667,500,501,453,48,0.25166666666666665,137.33774834437085,62214.0,48,262.52759381898454,118925.0,breakdown,3,1800.0,600.0,2400.0,241,47,1,500,501,0,0
cooperative_limited,1:2,1000,88,0,88,88,87,0.0,0,167,167,167,0,0,0,9798.0,0.0,9798.0,0.0,0.0,0,0,334,325,279,46,9,55,112600.0,216650.0,329250.0,63369.0,194.98153846153846,53,205,122398.0,216650.0,339048.0,501,0,333,667,500,501,446,55,0.2477777777777778,142.04708520179372,63353.0,55,267.91255605381167,119489.0,breakdown,4,1800.0,600.0,2400.0,241,46,9,492,501,0,0
cooperative_limited,1:2,1000,88,0,88,88,80,0.0,0,167,167,167,0,0,0,9833.0,0.0,9833.0,0.0,0.0,0,0,334,327,279,48,7,55,111561.0,211968.0,323529.0,62613.0,191.47706422018348,52,203,121394.0,211968.0,333362.0,501,0,333,667,500,501,446,55,0.2477777777777778,140.35874439461884,62600.0,55,265.2152466367713,118286.0,breakdown,5,1800.0,600.0,2400.0,243,48,7,494,501,0,0
ramp_fixed_4s,1:2,1000,0,0,0,0,0,4.0,206,167,167,167,0,0,0,9690.0,0.0,9690.0,0.0,0.0,0,0,334,238,195,43,96,139,110324.0,235157.0,345481.0,58100.0,244.11764705882354,49,202,120014.0,235157.0,355171.0,501,0,333,667,500,501,362,139,0.2011111111111111,160.4585635359116,58086.0,139,317.34806629834253,114880.0,breakdown,1,1800.0,600.0,2400.0,239,43,96,405,501,0,0
ramp_fixed_4s,1:2,1000,0,0,0,0,0,4.0,216,167,167,167,0,0,0,9834.0,0.0,9834.0,0.0,0.0,0,0,334,247,204,43,87,130,111279.0,232164.0,343443.0,58074.0,235.1174089068826,47,195,121113.0,232164.0,353277.0,501,0,333,667,500,501,371,130,0.2061111111111111,156.4797843665768,58054.0,130,314.23719676549865,116582.0,breakdown,2,1800.0,600.0,2400.0,234,43,87,414,501,0,0
ramp_fixed_4s,1:2,1000,0,0,0,0,0,4.0,209,167,167,167,0,0,0,9747.0,0.0,9747.0,0.0,0.0,0,0,334,241,199,42,93,135,111404.0,241565.0,352969.0,59048.0,245.0124481327801,47,202,121151.0,241565.0,362716.0,501,0,333,667,500,501,366,135,0.20333333333333334,161.27322404371586,59026.0,135,319.08469945355193,116785.0,breakdown,3,1800.0,600.0,2400.0,244,42,93,408,501,0,0
ramp_fixed_4s,1:2,1000,0,0,0,0,0,4.0,210,167,167,167,0,0,0,9693.0,0.0,9693.0,0.0,0.0,0,0,334,242,198,44,92,136,110527.0,236469.0,346996.0,59295.0,245.0206611570248,49,201,120220.0,236469.0,356689.0,501,0,333,667,500,501,365,136,0.20277777777777778,162.38630136986302,59271.0,136,316.06301369863013,115363.0,breakdown,4,1800.0,600.0,2400.0,246,44,92,409,501,0,0
ramp_fixed_4s,1:2,1000,0,0,0,0,0,4.0,198,167,167,167,0,0,0,9680.0,0.0,9680.0,0.0,0.0,0,0,334,231,187,44,103,147,112225.0,255525.0,367750.0,61222.0,265.030303030303,48,213,121905.0,255525.0,377430.0,501,0,333,667,500,501,354,147,0.19666666666666666,172.8728813559322,61197.0,147,331.34180790960454,117295.0,breakdown,5,1800.0,600.0,2400.0,255,44,103,398,501,0,0
ramp_fixed_6s,1:2,1000,0,0,0,0,0,6.0,189,167,167,167,0,0,0,9697.0,0.0,9697.0,0.0,0.0,0,0,334,223,179,44,111,155,110865.0,243043.0,353908.0,55861.0,250.49775784753362,45,202,120562.0,243043.0,363605.0,501,0,333,667,500,501,346,155,0.1922222222222222,161.0549132947977,55725.0,155,331.45953757225436,114685.0,breakdown,1,1800.0,600.0,2400.0,237,44,111,390,501,0,0
ramp_fixed_6s,1:2,1000,0,0,0,0,0,6.0,194,167,167,167,0,0,0,9838.0,0.0,9838.0,0.0,0.0,0,0,334,228,185,43,106,149,110889.0,235486.0,346375.0,54565.0,239.3201754385965,52,195,120727.0,235486.0,356213.0,501,0,333,667,500,501,352,149,0.19555555555555557,154.64488636363637,54435.0,149,326.98579545454544,115099.0,breakdown,2,1800.0,600.0,2400.0,230,43,106,395,501,0,0
ramp_fixed_6s,1:2,1000,0,0,0,0,0,6.0,187,167,167,167,0,0,0,9767.0,0.0,9767.0,0.0,0.0,0,0,334,221,178,43,113,156,111151.0,244181.0,355332.0,55928.0,253.06787330316743,44,202,120918.0,244181.0,365099.0,501,0,333,667,500,501,345,156,0.19166666666666668,161.74492753623187,55802.0,156,334.30434782608694,115335.0,breakdown,3,1800.0,600.0,2400.0,240,43,113,388,501,0,0
ramp_fixed_6s,1:2,1000,0,0,0,0,0,6.0,188,167,167,167,0,0,0,9692.0,0.0,9692.0,0.0,0.0,0,0,334,223,179,44,111,155,110069.0,239009.0,349078.0,55519.0,248.96412556053812,45,200,119761.0,239009.0,358770.0,501,0,333,667,500,501,346,155,0.1922222222222222,160.10982658959537,55398.0,155,329.6994219653179,114076.0,breakdown,4,1800.0,600.0,2400.0,243,44,111,390,501,0,0
ramp_fixed_6s,1:2,1000,0,0,0,0,0,6.0,181,167,167,167,0,0,0,9701.0,0.0,9701.0,0.0,0.0,0,0,334,215,171,44,119,163,111805.0,256099.0,367904.0,58742.0,273.21860465116276,48,211,121506.0,256099.0,377605.0,501,0,333,667,500,501,338,163,0.18777777777777777,173.4378698224852,58622.0,163,342.3786982248521,115724.0,breakdown,5,1800.0,600.0,2400.0,247,44,119,382,501,0,0
ramp_fixed_8s,1:2,1000,0,0,0,0,0,8.0,169,167,167,167,0,0,0,9701.0,0.0,9701.0,0.0,0.0,0,0,334,206,162,44,128,172,110236.0,241129.0,351365.0,50023.0,242.83009708737865,44,198,119937.0,241129.0,361066.0,501,0,333,667,500,501,329,172,0.1827777777777778,150.84802431610942,49629.0,172,341.4498480243161,112337.0,breakdown,1,1800.0,600.0,2400.0,229,44,128,373,501,0,0
ramp_fixed_8s,1:2,1000,0,0,0,0,0,8.0,166,167,167,167,0,0,0,9830.0,0.0,9830.0,0.0,0.0,0,0,334,203,160,43,131,174,110893.0,246560.0,357453.0,50683.0,249.66995073891624,43,200,120723.0,246560.0,367283.0,501,0,333,667,500,501,327,174,0.18166666666666667,153.78593272171253,50288.0,174,346.85626911314984,113422.0,breakdown,2,1800.0,600.0,2400.0,227,43,131,370,501,0,0
ramp_fixed_8s,1:2,1000,0,0,0,0,0,8.0,168,167,167,167,0,0,0,9785.0,0.0,9785.0,0.0,0.0,0,0,334,205,162,43,129,172,108590.0,236301.0,344891.0,50954.0,248.55609756097562,44,197,118375.0,236301.0,354676.0,501,0,333,667,500,501,329,172,0.1827777777777778,153.54103343465044,50515.0,172,337.6352583586626,111082.0,breakdown,3,1800.0,600.0,2400.0,235,43,129,372,501,0,0
ramp_fixed_8s,1:2,1000,0,0,0,0,0,8.0,159,167,167,167,0,0,0,9689.0,0.0,9689.0,0.0,0.0,0,0,334,196,153,43,138,181,111220.0,254084.0,365304.0,53273.0,271.80102040816325,46,205,120909.0,254084.0,374993.0,501,0,333,667,500,501,320,181,0.17777777777777778,165.275,52888.0,181,355.034375,113611.0,breakdown,4,1800.0,600.0,2400.0,246,43,138,363,501,0,0
ramp_fixed_8s,1:2,1000,0,0,0,0,0,8.0,155,167,167,167,0,0,0,9701.0,0.0,9701.0,0.0,0.0,0,0,334,191,148,43,143,186,111643.0,262342.0,373985.0,55119.0,288.5811518324607,45,212,121344.0,262342.0,383686.0,501,0,333,667,500,501,315,186,0.175,173.72380952380954,54723.0,186,361.3777777777778,113834.0,breakdown,5,1800.0,600.0,2400.0,248,43,143,358,501,0,0
uncontrolled,1:3,1000,0,0,0,0,0,0.0,0,125,125,125,0,0,0,7307.0,0.0,7307.0,0.0,0.0,0,0,375,372,325,47,3,50,111838.0,211170.0,323008.0,55046.0,147.9731182795699,42,203,119145.0,211170.0,330315.0,500,0,250,750,500,500,450,50,0.25,122.28444444444445,55028.0,50,258.06,116127.0,breakdown,1,1800.0,600.0,2400.0,240,47,3,497,500,0,0
uncontrolled,1:3,1000,0,0,0,0,0,0.0,0,125,125,125,0,0,0,7428.0,0.0,7428.0,0.0,0.0,0,0,375,367,322,45,8,53,112382.0,221664.0,334046.0,55585.0,151.45776566757493,42,208,119810.0,221664.0,341474.0,500,0,250,750,500,500,447,53,0.24833333333333332,124.32662192393737,55574.0,53,261.88366890380314,117062.0,breakdown,2,1800.0,600.0,2400.0,245,45,8,492,500,0,0
uncontrolled,1:3,1000,0,0,0,0,0,0.0,0,125,125,125,0,0,0,7283.0,0.0,7283.0,0.0,0.0,0,0,375,360,315,45,15,60,112472.0,228676.0,341148.0,56815.0,157.81944444444446,42,212,119755.0,228676.0,348431.0,500,0,250,750,500,500,440,60,0.24444444444444444,129.10227272727272,56805.0,60,265.8681818181818,116982.0,breakdown,3,1800.0,600.0,2400.0,246,45,15,485,500,0,0
uncontrolled,1:3,1000,0,0,0,0,0,0.0,0,125,125,125,0,0,0,7251.0,0.0,7251.0,0.0,0.0,0,0,375,366,319,47,9,56,111189.0,217852.0,329041.0,55819.0,152.51092896174865,42,207,118440.0,217852.0,336292.0,500,0,250,750,500,500,444,56,0.24666666666666667,125.69369369369369,55808.0,56,259.85585585585585,115376.0,breakdown,4,1800.0,600.0,2400.0,240,47,9,491,500,0,0
uncontrolled,1:3,1000,0,0,0,0,0,0.0,0,125,125,125,0,0,0,7357.0,0.0,7357.0,0.0,0.0,0,0,375,365,319,46,10,56,111817.0,224416.0,336233.0,56159.0,153.86027397260273,41,209,119174.0,224416.0,343590.0,500,0,250,750,500,500,444,56,0.24666666666666667,126.44144144144144,56140.0,56,261.85360360360363,116263.0,breakdown,5,1800.0,600.0,2400.0,242,46,10,490,500,0,0
cooperative_limited,1:3,1000,88,14,74,88,144,0.0,0,125,125,125,0,0,0,7459.0,0.0,7459.0,0.0,0.0,0,0,375,375,337,38,0,38,111265.0,199929.0,311194.0,52410.0,139.76,41,190,118724.0,199929.0,318653.0,500,0,250,750,500,500,462,38,0.25666666666666665,113.4090909090909,52395.0,38,250.15151515151516,115570.0,breakdown,1,1800.0,600.0,2400.0,222,38,0,500,500,0,0
cooperative_limited,1:3,1000,89,3,86,89,118,0.0,0,125,125,125,0,0,0,7522.0,0.0,7522.0,0.0,0.0,0,0,375,367,322,45,8,53,112429.0,222288.0,334717.0,56219.0,153.18528610354224,43,207,119951.0,222288.0,342239.0,500,0,250,750,500,500,447,53,0.24833333333333332,125.73825503355705,56205.0,53,262.1633109619687,117187.0,breakdown,2,1800.0,600.0,2400.0,244,45,8,492,500,0,0
cooperative_limited,1:3,1000,88,4,84,88,131,0.0,0,125,125,125,0,0,0,7443.0,0.0,7443.0,0.0,0.0,0,0,375,373,328,45,2,47,112023.0,211467.0,323490.0,54711.0,146.67828418230562,42,200,119466.0,211467.0,330933.0,500,0,250,750,500,500,453,47,0.25166666666666665,120.73951434878587,54695.0,47,257.6048565121413,116695.0,breakdown,3,1800.0,600.0,2400.0,231,45,2,498,500,0,0
cooperative_limited,1:3,1000,88,4,84,88,125,0.0,0,125,125,125,0,0,0,7423.0,0.0,7423.0,0.0,0.0,0,0,375,375,337,38,0,38,110397.0,199224.0,309621.0,52863.0,140.968,42,192,117820.0,199224.0,317044.0,500,0,250,750,500,500,462,38,0.25666666666666665,114.3896103896104,52848.0,38,249.16017316017317,115112.0,breakdown,4,1800.0,600.0,2400.0,228,38,0,500,500,0,0
cooperative_limited,1:3,1000,89,6,83,89,117,0.0,0,125,125,125,0,0,0,7480.0,0.0,7480.0,0.0,0.0,0,0,375,361,314,47,14,61,111843.0,225785.0,337628.0,56239.0,155.78670360110803,43,209,119323.0,225785.0,345108.0,500,0,250,750,500,500,439,61,0.24388888888888888,128.07744874715263,56226.0,61,264.7380410022779,116220.0,breakdown,5,1800.0,600.0,2400.0,242,47,14,486,500,0,0
ramp_fixed_4s,1:3,1000,0,0,0,0,0,4.0,252,125,125,125,0,0,0,7335.0,0.0,7335.0,0.0,0.0,0,0,375,285,242,43,90,133,110416.0,233382.0,343798.0,47334.0,166.0842105263158,39,202,117751.0,233382.0,351133.0,500,0,250,750,500,500,367,133,0.2038888888888889,128.91553133514986,47312.0,133,308.2397820163488,113124.0,breakdown,1,1800.0,600.0,2400.0,232,43,90,410,500,0,0
ramp_fixed_4s,1:3,1000,0,0,0,0,0,4.0,260,125,125,125,0,0,0,7415.0,0.0,7415.0,0.0,0.0,0,0,375,292,248,44,83,127,110678.0,238884.0,349562.0,47691.0,163.32534246575344,38,205,118093.0,238884.0,356977.0,500,0,250,750,500,500,373,127,0.20722222222222222,127.77211796246648,47659.0,127,304.21983914209113,113474.0,breakdown,2,1800.0,600.0,2400.0,232,44,83,417,500,0,0
ramp_fixed_4s,1:3,1000,0,0,0,0,0,4.0,251,125,125,125,0,0,0,7292.0,0.0,7292.0,0.0,0.0,0,0,375,283,240,43,92,135,109705.0,235258.0,344963.0,48778.0,172.36042402826854,38,202,116997.0,235258.0,352255.0,500,0,250,750,500,500,365,135,0.20277777777777778,133.6027397260274,48765.0,135,308.21643835616436,112499.0,breakdown,3,1800.0,600.0,2400.0,234,43,92,408,500,0,0
ramp_fixed_4s,1:3,1000,0,0,0,0,0,4.0,244,125,125,125,0,0,0,7257.0,0.0,7257.0,0.0,0.0,0,0,375,278,234,44,97,141,111243.0,253520.0,364763.0,49092.0,176.58992805755395,40,211,118500.0,253520.0,372020.0,500,0,250,750,500,500,359,141,0.19944444444444445,136.6908077994429,49072.0,141,317.1225626740947,113847.0,breakdown,4,1800.0,600.0,2400.0,239,44,97,403,500,0,0
ramp_fixed_4s,1:3,1000,0,0,0,0,0,4.0,241,125,125,125,0,0,0,7342.0,0.0,7342.0,0.0,0.0,0,0,375,273,230,43,102,145,111001.0,257774.0,368775.0,50901.0,186.45054945054946,40,215,118343.0,257774.0,376117.0,500,0,250,750,500,500,355,145,0.19722222222222222,143.33802816901408,50885.0,145,320.3408450704225,113721.0,breakdown,5,1800.0,600.0,2400.0,245,43,102,398,500,0,0
ramp_fixed_6s,1:3,1000,0,0,0,0,0,6.0,235,125,125,125,0,0,0,7314.0,0.0,7314.0,0.0,0.0,0,0,375,270,227,43,105,148,109710.0,234416.0,344126.0,42643.0,157.93703703703704,37,197,117024.0,234416.0,351440.0,500,0,250,750,500,500,352,148,0.19555555555555557,120.7528409090909,42505.0,148,316.94602272727275,111565.0,breakdown,1,1800.0,600.0,2400.0,227,43,105,395,500,0,0
ramp_fixed_6s,1:3,1000,0,0,0,0,0,6.0,225,125,125,125,0,0,0,7415.0,0.0,7415.0,0.0,0.0,0,0,375,259,215,44,116,160,109692.0,249788.0,359480.0,45645.0,176.23552123552125,39,208,117107.0,249788.0,366895.0,500,0,250,750,500,500,340,160,0.18888888888888888,133.8,45492.0,160,327.36176470588236,111303.0,breakdown,2,1800.0,600.0,2400.0,242,44,116,384,500,0,0
ramp_fixed_6s,1:3,1000,0,0,0,0,0,6.0,241,125,125,125,0,0,0,7283.0,0.0,7283.0,0.0,0.0,0,0,375,275,232,43,100,143,108517.0,223974.0,332491.0,40601.0,147.64,38,191,115800.0,223974.0,339774.0,500,0,250,750,500,500,357,143,0.19833333333333333,113.26050420168067,40434.0,143,308.7002801120448,110206.0,breakdown,3,1800.0,600.0,2400.0,220,43,100,400,500,0,0
ramp_fixed_6s,1:3,1000,0,0,0,0,0,6.0,223,125,125,125,0,0,0,7257.0,0.0,7257.0,0.0,0.0,0,0,375,257,213,44,118,162,110998.0,257268.0,368266.0,45663.0,177.6770428015564,38,210,118255.0,257268.0,375523.0,500,0,250,750,500,500,338,162,0.18777777777777777,134.65976331360946,45515.0,162,332.8491124260355,112503.0,breakdown,4,1800.0,600.0,2400.0,241,44,118,382,500,0,0
ramp_fixed_6s,1:3,1000,0,0,0,0,0,6.0,229,125,125,125,0,0,0,7360.0,0.0,7360.0,0.0,0.0,0,0,375,264,220,44,111,155,110289.0,250003.0,360292.0,43885.0,166.2310606060606,38,203,117649.0,250003.0,367652.0,500,0,250,750,500,500,345,155,0.19166666666666668,126.72463768115942,43720.0,155,324.4579710144927,111938.0,breakdown,5,1800.0,600.0,2400.0,236,44,111,389,500,0,0
ramp_fixed_8s,1:3,1000,0,0,0,0,0,8.0,210,125,125,125,0,0,0,7336.0,0.0,7336.0,0.0,0.0,0,0,375,247,204,43,128,171,108661.0,245586.0,354247.0,34573.0,139.97165991902833,36,199,115997.0,245586.0,361583.0,500,0,250,750,500,500,329,171,0.1827777777777778,103.59270516717325,34082.0,171,330.39817629179333,108701.0,breakdown,1,1800.0,600.0,2400.0,216,43,128,372,500,0,0
ramp_fixed_8s,1:3,1000,0,0,0,0,0,8.0,203,125,125,125,0,0,0,7410.0,0.0,7410.0,0.0,0.0,0,0,375,240,196,44,135,179,109924.0,253783.0,363707.0,36996.0,154.15,34,205,117334.0,253783.0,371117.0,500,0,250,750,500,500,321,179,0.17833333333333334,113.71339563862928,36502.0,179,341.41744548286607,109595.0,breakdown,2,1800.0,600.0,2400.0,237,44,135,365,500,0,0
ramp_fixed_8s,1:3,1000,0,0,0,0,0,8.0,204,125,125,125,0,0,0,7272.0,0.0,7272.0,0.0,0.0,0,0,375,241,196,45,134,179,109601.0,250751.0,360352.0,36918.0,153.18672199170123,36,204,116873.0,250751.0,367624.0,500,0,250,750,500,500,321,179,0.17833333333333334,113.4423676012461,36415.0,179,339.45482866043614,108965.0,breakdown,3,1800.0,600.0,2400.0,230,45,134,366,500,0,0
ramp_fixed_8s,1:3,1000,0,0,0,0,0,8.0,206,125,125,125,0,0,0,7287.0,0.0,7287.0,0.0,0.0,0,0,375,243,198,45,132,177,109519.0,252282.0,361801.0,36093.0,148.53086419753086,35,205,116806.0,252282.0,369088.0,500,0,250,750,500,500,323,177,0.17944444444444443,110.13931888544892,35575.0,177,336.71826625386996,108760.0,breakdown,4,1800.0,600.0,2400.0,225,45,132,368,500,0,0
ramp_fixed_8s,1:3,1000,0,0,0,0,0,8.0,206,125,125,125,0,0,0,7346.0,0.0,7346.0,0.0,0.0,0,0,375,243,199,44,132,176,109787.0,252245.0,362032.0,35637.0,146.65432098765433,35,202,117133.0,252245.0,369378.0,500,0,250,750,500,500,324,176,0.18,108.30555555555556,35091.0,176,337.95061728395063,109496.0,breakdown,5,1800.0,600.0,2400.0,226,44,132,368,500,0,0
uncontrolled,1:4,1000,0,0,0,0,0,0.0,0,100,100,100,0,0,0,5890.0,0.0,5890.0,0.0,0.0,0,0,400,400,400,0,0,0,105718.0,132165.0,237883.0,36666.0,91.665,39,146,111608.0,132165.0,243773.0,500,0,200,800,500,500,500,0,0.2777777777777778,73.308,36654.0,0,223.216,111608.0,queue,1,1800.0,600.0,2400.0,178,0,0,500,500,0,0
uncontrolled,1:4,1000,0,0,0,0,0,0.0,0,100,100,100,0,0,0,5982.0,0.0,5982.0,0.0,0.0,0,0,400,400,400,0,0,0,106611.0,151434.0,258045.0,38284.0,95.71,37,152,112593.0,151434.0,264027.0,500,0,200,800,500,500,500,0,0.2777777777777778,76.53,38265.0,0,225.186,112593.0,queue,2,1800.0,600.0,2400.0,183,0,0,500,500,0,0
uncontrolled,1:4,1000,0,0,0,0,0,0.0,0,100,100,100,0,0,0,5984.0,0.0,5984.0,0.0,0.0,0,0,400,400,400,0,0,0,104063.0,132096.0,236159.0,35402.0,88.505,39,143,110047.0,132096.0,242143.0,500,0,200,800,500,500,500,0,0.2777777777777778,70.766,35383.0,0,220.094,110047.0,queue,3,1800.0,600.0,2400.0,172,0,0,500,500,0,0
uncontrolled,1:4,1000,0,0,0,0,0,0.0,0,100,100,100,0,0,0,5867.0,0.0,5867.0,0.0,0.0,0,0,400,400,400,0,0,0,103377.0,129526.0,232903.0,35328.0,88.32,37,142,109244.0,129526.0,238770.0,500,0,200,800,500,500,500,0,0.2777777777777778,70.612,35306.0,0,218.488,109244.0,queue,4,1800.0,600.0,2400.0,163,0,0,500,500,0,0
uncontrolled,1:4,1000,0,0,0,0,0,0.0,0,100,100,100,0,0,0,5965.0,0.0,5965.0,0.0,0.0,0,0,400,400,400,0,0,0,102723.0,121284.0,224007.0,34390.0,85.975,38,133,108688.0,121284.0,229972.0,500,0,200,800,500,500,500,0,0.2777777777777778,68.744,34372.0,0,217.376,108688.0,queue,5,1800.0,600.0,2400.0,163,0,0,500,500,0,0
cooperative_limited,1:4,1000,89,0,89,89,160,0.0,0,100,100,100,0,0,0,6028.0,0.0,6028.0,0.0,0.0,0,0,400,400,359,41,0,41,112039.0,209986.0,322025.0,50568.0,126.42,40,197,118067.0,209986.0,328053.0,500,0,200,800,500,500,459,41,0.255,110.13725490196079,50553.0,41,250.86274509803923,115146.0,breakdown,1,1800.0,600.0,2400.0,229,41,0,500,500,0,0
cooperative_limited,1:4,1000,86,0,86,86,150,0.0,0,100,100,100,0,0,0,6068.0,0.0,6068.0,0.0,0.0,0,0,400,400,362,38,0,38,111386.0,208538.0,319924.0,50303.0,125.7575,39,200,117454.0,208538.0,325992.0,500,0,200,800,500,500,462,38,0.25666666666666665,108.83766233766234,50283.0,38,248.06926406926408,114608.0,breakdown,2,1800.0,600.0,2400.0,229,38,0,500,500,0,0
cooperative_limited,1:4,1000,87,0,87,87,152,0.0,0,100,100,100,0,0,0,6075.0,0.0,6075.0,0.0,0.0,0,0,400,400,356,44,0,44,112080.0,216434.0,328514.0,51204.0,128.01,40,202,118155.0,216434.0,334589.0,500,0,200,800,500,500,456,44,0.25333333333333335,112.2609649122807,51191.0,44,253.08991228070175,115409.0,breakdown,3,1800.0,600.0,2400.0,230,44,0,500,500,0,0
cooperative_limited,1:4,1000,91,0,91,91,142,0.0,0,100,100,100,0,0,0,5971.0,0.0,5971.0,0.0,0.0,0,0,400,397,350,47,3,50,111269.0,219683.0,330952.0,52292.0,131.71788413098236,39,207,117240.0,219683.0,336923.0,500,0,200,800,500,500,450,50,0.25,116.16444444444444,52274.0,50,253.8177777777778,114218.0,breakdown,4,1800.0,600.0,2400.0,243,47,3,497,500,0,0
cooperative_limited,1:4,1000,79,1,78,79,165,0.0,0,100,100,100,0,0,0,6016.0,0.0,6016.0,0.0,0.0,0,0,400,400,380,20,0,20,109156.0,178780.0,287936.0,46136.0,115.34,39,177,115172.0,178780.0,293952.0,500,0,200,800,500,500,480,20,0.26666666666666666,96.07291666666667,46115.0,20,236.04166666666666,113300.0,breakdown,5,1800.0,600.0,2400.0,214,20,0,500,500,0,0
ramp_fixed_4s,1:4,1000,0,0,0,0,0,4.0,345,100,100,100,0,0,0,5907.0,0.0,5907.0,0.0,0.0,0,0,400,377,333,44,23,67,107676.0,151051.0,258727.0,23394.0,62.05305039787798,32,139,113583.0,151051.0,264634.0,500,0,200,800,500,500,433,67,0.24055555555555555,53.9445727482679,23358.0,67,251.62124711316397,108952.0,breakdown,1,1800.0,600.0,2400.0,169,44,23,477,500,0,0
ramp_fixed_4s,1:4,1000,0,0,0,0,0,4.0,327,100,100,100,0,0,0,5971.0,0.0,5971.0,0.0,0.0,0,0,400,360,316,44,40,84,108519.0,183642.0,292161.0,28103.0,78.06388888888888,33,158,114490.0,183642.0,298132.0,500,0,200,800,500,500,416,84,0.2311111111111111,67.48798076923077,28075.0,84,263.75,109720.0,breakdown,2,1800.0,600.0,2400.0,174,44,40,460,500,0,0
ramp_fixed_4s,1:4,1000,0,0,0,0,0,4.0,333,100,100,100,0,0,0,5996.0,0.0,5996.0,0.0,0.0,0,0,400,366,322,44,34,78,107374.0,164806.0,272180.0,26302.0,71.86338797814207,34,151,113370.0,164806.0,278176.0,500,0,200,800,500,500,422,78,0.23444444444444446,62.258293838862556,26273.0,78,257.21800947867297,108546.0,breakdown,3,1800.0,600.0,2400.0,177,44,34,466,500,0,0
ramp_fixed_4s,1:4,1000,0,0,0,0,0,4.0,328,100,100,100,0,0,0,5883.0,0.0,5883.0,0.0,0.0,0,0,400,360,316,44,40,84,107754.0,172556.0,280310.0,27340.0,75.94444444444444,32,153,113637.0,172556.0,286193.0,500,0,200,800,500,500,416,84,0.2311111111111111,65.65384615384616,27312.0,84,261.46634615384613,108770.0,breakdown,4,1800.0,600.0,2400.0,175,44,40,460,500,0,0
ramp_fixed_4s,1:4,1000,0,0,0,0,0,4.0,328,100,100,100,0,0,0,5946.0,0.0,5946.0,0.0,0.0,0,0,400,359,316,43,41,84,107725.0,178590.0,286315.0,29564.0,82.35097493036211,34,155,113671.0,178590.0,292261.0,500,0,200,800,500,500,416,84,0.2311111111111111,70.97836538461539,29527.0,84,262.03125,109005.0,breakdown,5,1800.0,600.0,2400.0,184,43,41,459,500,0,0
ramp_fixed_6s,1:4,1000,0,0,0,0,0,6.0,312,100,100,100,0,0,0,5903.0,0.0,5903.0,0.0,0.0,0,0,400,347,304,43,53,96,107185.0,163705.0,270890.0,20268.0,58.40922190201729,34,149,113088.0,163705.0,276793.0,500,0,200,800,500,500,404,96,0.22444444444444445,49.70544554455446,20081.0,96,266.4306930693069,107638.0,breakdown,1,1800.0,600.0,2400.0,174,43,53,447,500,0,0
ramp_fixed_6s,1:4,1000,0,0,0,0,0,6.0,321,100,100,100,0,0,0,5966.0,0.0,5966.0,0.0,0.0,0,0,400,355,312,43,45,88,106140.0,171379.0,277519.0,18861.0,53.12957746478873,31,144,112106.0,171379.0,283485.0,500,0,200,800,500,500,412,88,0.2288888888888889,45.21601941747573,18629.0,88,258.33252427184465,106433.0,breakdown,2,1800.0,600.0,2400.0,150,43,45,455,500,0,0
ramp_fixed_6s,1:4,1000,0,0,0,0,0,6.0,332,100,100,100,0,0,0,5991.0,0.0,5991.0,0.0,0.0,0,0,400,366,324,42,34,76,104706.0,141870.0,246576.0,16609.0,45.37978142076503,31,130,110697.0,141870.0,252567.0,500,0,200,800,500,500,424,76,0.23555555555555555,38.72405660377358,16419.0,76,248.24528301886792,105256.0,breakdown,3,1800.0,600.0,2400.0,153,42,34,466,500,0,0
ramp_fixed_6s,1:4,1000,0,0,0,0,0,6.0,325,100,100,100,0,0,0,5890.0,0.0,5890.0,0.0,0.0,0,0,400,359,316,43,41,84,105829.0,155254.0,261083.0,16595.0,46.22562674094708,31,138,111719.0,155254.0,266973.0,500,0,200,800,500,500,416,84,0.2311111111111111,39.36538461538461,16376.0,84,255.02644230769232,106091.0,breakdown,4,1800.0,600.0,2400.0,152,43,41,459,500,0,0
ramp_fixed_6s,1:4,1000,0,0,0,0,0,6.0,319,100,100,100,0,0,0,5946.0,0.0,5946.0,0.0,0.0,0,0,400,354,311,43,46,89,105681.0,161938.0,267619.0,19759.0,55.81638418079096,31,143,111627.0,161938.0,273565.0,500,0,200,800,500,500,411,89,0.22833333333333333,47.52068126520681,19531.0,89,258.338199513382,106177.0,breakdown,5,1800.0,600.0,2400.0,159,43,46,454,500,0,0
ramp_fixed_8s,1:4,1000,0,0,0,0,0,8.0,293,100,100,100,0,0,0,5918.0,0.0,5918.0,0.0,0.0,0,0,400,330,286,44,70,114,103360.0,171155.0,274515.0,7032.0,21.30909090909091,20,145,109278.0,171155.0,280433.0,500,0,200,800,500,500,386,114,0.21444444444444444,16.21761658031088,6260.0,114,263.1735751295337,101585.0,breakdown,1,1800.0,600.0,2400.0,153,44,70,430,500,0,0
ramp_fixed_8s,1:4,1000,0,0,0,0,0,8.0,289,100,100,100,0,0,0,5961.0,0.0,5961.0,0.0,0.0,0,0,400,325,282,43,75,118,101180.0,174302.0,275482.0,6525.0,20.076923076923077,22,149,107141.0,174302.0,281443.0,500,0,200,800,500,500,382,118,0.21222222222222223,15.057591623036648,5752.0,118,261.0130890052356,99707.0,breakdown,2,1800.0,600.0,2400.0,163,43,75,425,500,0,0
ramp_fixed_8s,1:4,1000,0,0,0,0,0,8.0,279,100,100,100,0,0,0,5984.0,0.0,5984.0,0.0,0.0,0,0,400,316,272,44,84,128,104015.0,188449.0,292464.0,10261.0,32.471518987341774,26,159,109999.0,188449.0,298448.0,500,0,200,800,500,500,372,128,0.20666666666666667,25.56989247311828,9512.0,128,275.1639784946237,102361.0,breakdown,3,1800.0,600.0,2400.0,166,44,84,416,500,0,0
ramp_fixed_8s,1:4,1000,0,0,0,0,0,8.0,287,100,100,100,0,0,0,5880.0,0.0,5880.0,0.0,0.0,0,0,400,323,280,43,77,120,103463.0,174987.0,278450.0,7600.0,23.529411764705884,16,152,109343.0,174987.0,284330.0,500,0,200,800,500,500,380,120,0.2111111111111111,18.08421052631579,6872.0,120,268.1921052631579,101913.0,breakdown,4,1800.0,600.0,2400.0,161,43,77,423,500,0,0
ramp_fixed_8s,1:4,1000,0,0,0,0,0,8.0,281,100,100,100,0,0,0,5957.0,0.0,5957.0,0.0,0.0,0,0,400,317,273,44,83,127,103388.0,188501.0,291889.0,9336.0,29.451104100946374,24,158,109345.0,188501.0,297846.0,500,0,200,800,500,500,373,127,0.20722222222222222,22.975871313672922,8570.0,127,271.9490616621984,101437.0,breakdown,5,1800.0,600.0,2400.0,160,44,83,417,500,0,0
uncontrolled,1:5,1000,0,0,0,0,0,0.0,0,84,84,84,0,0,0,5115.0,0.0,5115.0,0.0,0.0,0,0,417,417,417,0,0,0,27898.0,0.0,27898.0,338.0,0.8105515587529976,6,0,33013.0,0.0,33013.0,501,0,167,833,500,501,501,0,0.2783333333333333,0.6746506986027944,338.0,0,65.8942115768463,33013.0,queue,1,1800.0,600.0,2400.0,6,0,0,501,501,0,0
uncontrolled,1:5,1000,0,0,0,0,0,0.0,0,84,84,84,0,0,0,5126.0,0.0,5126.0,0.0,0.0,0,0,417,417,417,0,0,0,29215.0,0.0,29215.0,661.0,1.5851318944844124,9,0,34341.0,0.0,34341.0,501,0,167,833,500,501,501,0,0.2783333333333333,1.3193612774451098,661.0,0,68.54491017964072,34341.0,queue,2,1800.0,600.0,2400.0,9,0,0,501,501,0,0
uncontrolled,1:5,1000,0,0,0,0,0,0.0,0,84,84,84,0,0,0,5143.0,0.0,5143.0,0.0,0.0,0,0,417,417,417,0,0,0,27561.0,0.0,27561.0,164.0,0.3932853717026379,5,0,32704.0,0.0,32704.0,501,0,167,833,500,501,501,0,0.2783333333333333,0.3273453093812375,164.0,0,65.27744510978044,32704.0,queue,3,1800.0,600.0,2400.0,5,0,0,501,501,0,0
uncontrolled,1:5,1000,0,0,0,0,0,0.0,0,84,84,84,0,0,0,5077.0,0.0,5077.0,0.0,0.0,0,0,417,417,417,0,0,0,27414.0,0.0,27414.0,201.0,0.48201438848920863,5,0,32491.0,0.0,32491.0,501,0,167,833,500,501,501,0,0.2783333333333333,0.40119760479041916,201.0,0,64.85229540918164,32491.0,queue,4,1800.0,600.0,2400.0,5,0,0,501,501,0,0
uncontrolled,1:5,1000,0,0,0,0,0,0.0,0,84,84,84,0,0,0,5126.0,0.0,5126.0,0.0,0.0,0,0,417,417,417,0,0,0,27994.0,0.0,27994.0,395.0,0.947242206235012,6,0,33120.0,0.0,33120.0,501,0,167,833,500,501,501,0,0.2783333333333333,0.7884231536926147,395.0,0,66.10778443113773,33120.0,queue,5,1800.0,600.0,2400.0,6,0,0,501,501,0,0
cooperative_limited,1:5,1000,7,0,7,7,37,0.0,0,84,84,84,0,0,0,5123.0,0.0,5123.0,0.0,0.0,0,0,417,417,417,0,0,0,29268.0,0.0,29268.0,823.0,1.973621103117506,11,0,34391.0,0.0,34391.0,501,0,167,833,500,501,501,0,0.2783333333333333,1.6427145708582835,823.0,0,68.64471057884232,34391.0,queue,1,1800.0,600.0,2400.0,11,0,0,501,501,0,0
cooperative_limited,1:5,1000,6,0,6,6,40,0.0,0,84,84,84,0,0,0,5160.0,0.0,5160.0,0.0,0.0,0,0,417,417,417,0,0,0,29991.0,0.0,29991.0,867.0,2.079136690647482,10,0,35151.0,0.0,35151.0,501,0,167,833,500,501,501,0,0.2783333333333333,1.7305389221556886,867.0,0,70.16167664670658,35151.0,queue,2,1800.0,600.0,2400.0,10,0,0,501,501,0,0
cooperative_limited,1:5,1000,1,0,1,1,6,0.0,0,84,84,84,0,0,0,5140.0,0.0,5140.0,0.0,0.0,0,0,417,417,417,0,0,0,27581.0,0.0,27581.0,180.0,0.4316546762589928,5,0,32721.0,0.0,32721.0,501,0,167,833,500,501,501,0,0.2783333333333333,0.3592814371257485,180.0,0,65.31137724550898,32721.0,queue,3,1800.0,600.0,2400.0,5,0,0,501,501,0,0
cooperative_limited,1:5,1000,2,0,2,2,13,0.0,0,84,84,84,0,0,0,5076.0,0.0,5076.0,0.0,0.0,0,0,417,417,417,0,0,0,27539.0,0.0,27539.0,279.0,0.6690647482014388,6,0,32615.0,0.0,32615.0,501,0,167,833,500,501,501,0,0.2783333333333333,0.5568862275449101,279.0,0,65.0998003992016,32615.0,queue,4,1800.0,600.0,2400.0,6,0,0,501,501,0,0
cooperative_limited,1:5,1000,5,0,5,5,29,0.0,0,84,84,84,0,0,0,5146.0,0.0,5146.0,0.0,0.0,0,0,417,417,417,0,0,0,28507.0,0.0,28507.0,569.0,1.3645083932853717,6,0,33653.0,0.0,33653.0,501,0,167,833,500,501,501,0,0.2783333333333333,1.1357285429141717,569.0,0,67.17165668662675,33653.0,queue,5,1800.0,600.0,2400.0,6,0,0,501,501,0,0
ramp_fixed_4s,1:5,1000,0,0,0,0,0,4.0,417,84,84,84,0,0,0,5081.0,0.0,5081.0,0.0,0.0,0,0,417,417,417,0,0,0,77787.0,16068.0,93855.0,896.0,2.1486810551558753,14,29,82868.0,16068.0,98936.0,501,0,167,833,500,501,501,0,0.2783333333333333,1.744510978043912,874.0,0,165.40518962075848,82868.0,queue,1,1800.0,600.0,2400.0,29,0,0,501,501,0,0
ramp_fixed_4s,1:5,1000,0,0,0,0,0,4.0,417,84,84,84,0,0,0,5147.0,0.0,5147.0,0.0,0.0,0,0,417,417,417,0,0,0,73068.0,9386.0,82454.0,220.0,0.5275779376498801,4,22,78215.0,9386.0,87601.0,501,0,167,833,500,501,501,0,0.2783333333333333,0.4111776447105788,206.0,0,156.11776447105788,78215.0,queue,2,1800.0,600.0,2400.0,22,0,0,501,501,0,0
ramp_fixed_4s,1:5,1000,0,0,0,0,0,4.0,417,84,84,84,0,0,0,5058.0,0.0,5058.0,0.0,0.0,0,0,417,417,417,0,0,0,74547.0,12345.0,86892.0,140.0,0.33573141486810554,4,24,79605.0,12345.0,91950.0,501,0,167,833,500,501,501,0,0.2783333333333333,0.25149700598802394,126.0,0,158.89221556886227,79605.0,queue,3,1800.0,600.0,2400.0,28,0,0,501,501,0,0
ramp_fixed_4s,1:5,1000,0,0,0,0,0,4.0,417,84,84,84,0,0,0,5054.0,0.0,5054.0,0.0,0.0,0,0,417,417,417,0,0,0,73786.0,8932.0,82718.0,115.0,0.27577937649880097,2,19,78840.0,8932.0,87772.0,501,0,167,833,500,501,501,0,0.2783333333333333,0.20758483033932135,104.0,0,157.36526946107784,78840.0,queue,4,1800.0,600.0,2400.0,20,0,0,501,501,0,0
ramp_fixed_4s,1:5,1000,0,0,0,0,0,4.0,417,84,84,84,0,0,0,5100.0,0.0,5100.0,0.0,0.0,0,0,417,417,417,0,0,0,70344.0,6545.0,76889.0,229.0,0.5491606714628298,5,18,75444.0,6545.0,81989.0,501,0,167,833,500,501,501,0,0.2783333333333333,0.4431137724550898,222.0,0,150.5868263473054,75444.0,queue,5,1800.0,600.0,2400.0,18,0,0,501,501,0,0
ramp_fixed_6s,1:5,1000,0,0,0,0,0,6.0,397,84,84,84,0,0,0,5004.0,0.0,5004.0,0.0,0.0,0,0,417,417,388,29,0,29,95588.0,78298.0,173886.0,580.0,1.3908872901678657,4,86,100592.0,78298.0,178890.0,501,0,167,833,500,501,472,29,0.26222222222222225,0.6610169491525424,312.0,29,202.5656779661017,95611.0,breakdown,1,1800.0,600.0,2400.0,86,29,0,501,501,0,0
ramp_fixed_6s,1:5,1000,0,0,0,0,0,6.0,397,84,84,84,0,0,0,5051.0,0.0,5051.0,0.0,0.0,0,0,417,417,387,30,0,30,96075.0,78369.0,174444.0,644.0,1.5443645083932853,5,86,101126.0,78369.0,179495.0,501,0,167,833,500,501,471,30,0.26166666666666666,0.8152866242038217,384.0,30,203.56687898089172,95880.0,breakdown,2,1800.0,600.0,2400.0,86,30,0,501,501,0,0
ramp_fixed_6s,1:5,1000,0,0,0,0,0,6.0,397,84,84,84,0,0,0,4998.0,0.0,4998.0,0.0,0.0,0,0,417,417,387,30,0,30,95488.0,78061.0,173549.0,513.0,1.2302158273381294,2,86,100486.0,78061.0,178547.0,501,0,167,833,500,501,471,30,0.26166666666666666,0.524416135881104,247.0,30,202.1656050955414,95220.0,breakdown,3,1800.0,600.0,2400.0,87,30,0,501,501,0,0
ramp_fixed_6s,1:5,1000,0,0,0,0,0,6.0,397,84,84,84,0,0,0,5033.0,0.0,5033.0,0.0,0.0,0,0,417,417,388,29,0,29,95375.0,78027.0,173402.0,506.0,1.2134292565947242,3,86,100408.0,78027.0,178435.0,501,0,167,833,500,501,472,29,0.26222222222222225,0.5021186440677966,237.0,29,202.16525423728814,95422.0,breakdown,4,1800.0,600.0,2400.0,86,29,0,501,501,0,0
ramp_fixed_6s,1:5,1000,0,0,0,0,0,6.0,396,84,84,84,0,0,0,5066.0,0.0,5066.0,0.0,0.0,0,0,417,417,387,30,0,30,95886.0,78859.0,174745.0,728.0,1.7458033573141487,8,87,100952.0,78859.0,179811.0,501,0,167,833,500,501,471,30,0.26166666666666666,0.9681528662420382,456.0,30,203.51380042462844,95855.0,breakdown,5,1800.0,600.0,2400.0,87,30,0,501,501,0,0
ramp_fixed_8s,1:5,1000,0,0,0,0,0,8.0,299,84,84,84,0,0,0,5018.0,0.0,5018.0,0.0,0.0,0,0,417,335,291,44,82,126,98284.0,187173.0,285457.0,2170.0,6.477611940298507,5,157,103302.0,187173.0,290475.0,501,0,167,833,500,501,375,126,0.20833333333333334,3.546666666666667,1330.0,126,254.71733333333333,95519.0,breakdown,1,1800.0,600.0,2400.0,159,44,82,419,501,0,0
ramp_fixed_8s,1:5,1000,0,0,0,0,0,8.0,298,84,84,84,0,0,0,4994.0,0.0,4994.0,0.0,0.0,0,0,417,335,292,43,82,125,98354.0,187666.0,286020.0,2053.0,6.128358208955224,3,157,103348.0,187666.0,291014.0,501,0,167,833,500,501,376,125,0.2088888888888889,3.324468085106383,1250.0,125,255.33244680851064,96005.0,breakdown,2,1800.0,600.0,2400.0,159,43,82,419,501,0,0
ramp_fixed_8s,1:5,1000,0,0,0,0,0,8.0,299,84,84,84,0,0,0,5003.0,0.0,5003.0,0.0,0.0,0,0,417,335,291,44,82,126,98201.0,187182.0,285383.0,2054.0,6.13134328358209,3,157,103204.0,187182.0,290386.0,501,0,167,833,500,501,375,126,0.20833333333333334,3.32,1245.0,126,254.48533333333333,95432.0,breakdown,3,1800.0,600.0,2400.0,159,44,82,419,501,0,0
ramp_fixed_8s,1:5,1000,0,0,0,0,0,8.0,299,84,84,84,0,0,0,4975.0,0.0,4975.0,0.0,0.0,0,0,417,335,292,43,82,125,98226.0,187148.0,285374.0,2048.0,6.113432835820896,4,157,103201.0,187148.0,290349.0,501,0,167,833,500,501,376,125,0.2088888888888889,3.3218085106382977,1249.0,125,254.7127659574468,95772.0,breakdown,4,1800.0,600.0,2400.0,158,43,82,419,501,0,0
ramp_fixed_8s,1:5,1000,0,0,0,0,0,8.0,298,84,84,84,0,0,0,5018.0,0.0,5018.0,0.0,0.0,0,0,417,335,291,44,82,126,98377.0,187422.0,285799.0,2111.0,6.3014925373134325,5,157,103395.0,187422.0,290817.0,501,0,167,833,500,501,375,126,0.20833333333333334,3.469333333333333,1301.0,126,255.09066666666666,95659.0,breakdown,5,1800.0,600.0,2400.0,159,44,82,419,501,0,0
uncontrolled,1:1,1200,0,0,0,0,0,0.0,0,300,300,300,0,0,0,17812.0,0.0,17812.0,0.0,0.0,0,0,300,286,238,48,14,62,112816.0,221583.0,334399.0,71470.0,249.8951048951049,53,209,130628.0,221583.0,352211.0,600,0,600,600,600,600,538,62,0.29888888888888887,132.82342007434943,71459.0,62,236.8996282527881,127452.0,breakdown,1,1800.0,600.0,2400.0,258,48,14,586,600,0,0
uncontrolled,1:1,1200,0,0,0,0,0,0.0,0,300,300,300,0,0,0,17855.0,0.0,17855.0,0.0,0.0,0,0,300,294,249,45,6,51,112974.0,216406.0,329380.0,69661.0,236.9421768707483,53,202,130829.0,216406.0,347235.0,600,0,600,600,600,600,549,51,0.305,126.85974499089254,69646.0,51,233.16211293260474,128006.0,breakdown,2,1800.0,600.0,2400.0,244,45,6,594,600,0,0
uncontrolled,1:1,1200,0,0,0,0,0,0.0,0,300,300,300,0,0,0,17584.0,0.0,17584.0,0.0,0.0,0,0,300,280,232,48,20,68,113728.0,232496.0,346224.0,71892.0,256.75714285714287,53,213,131312.0,232496.0,363808.0,600,0,600,600,600,600,532,68,0.29555555555555557,135.1109022556391,71879.0,68,240.9436090225564,128182.0,breakdown,3,1800.0,600.0,2400.0,264,48,20,580,600,0,0
uncontrolled,1:1,1200,0,0,0,0,0,0.0,0,300,300,300,0,0,0,17491.0,0.0,17491.0,0.0,0.0,0,0,300,277,232,45,23,68,113686.0,238664.0,352350.0,73605.0,265.72202166064983,53,215,131177.0,238664.0,369841.0,600,0,600,600,600,600,532,68,0.29555555555555557,138.32894736842104,73591.0,68,241.3515037593985,128399.0,breakdown,4,1800.0,600.0,2400.0,268,45,23,577,600,0,0
uncontrolled,1:1,1200,0,0,0,0,0,0.0,0,300,300,300,0,0,0,17542.0,0.0,17542.0,0.0,0.0,0,0,300,279,232,47,21,68,113780.0,230821.0,344601.0,73177.0,262.2831541218638,53,214,131322.0,230821.0,362143.0,600,0,600,600,600,600,532,68,0.29555555555555557,137.52443609022558,73163.0,68,241.0639097744361,128246.0,breakdown,5,1800.0,600.0,2400.0,257,47,21,579,600,0,0
cooperative_limited,1:1,1200,108,6,102,108,45,0.0,0,300,300,300,0,0,0,17954.0,0.0,17954.0,0.0,0.0,0,0,300,285,237,48,15,63,113038.0,227591.0,340629.0,72210.0,253.3684210526316,53,211,130992.0,227591.0,358583.0,600,0,600,600,600,600,537,63,0.29833333333333334,134.45437616387338,72202.0,63,238.15456238361267,127889.0,breakdown,1,1800.0,600.0,2400.0,259,48,15,585,600,0,0
cooperative_limited,1:1,1200,108,6,102,108,42,0.0,0,300,300,300,0,0,0,18006.0,0.0,18006.0,0.0,0.0,0,0,300,284,237,47,16,63,113626.0,230003.0,343629.0,72150.0,254.04929577464787,53,212,131632.0,230003.0,361635.0,600,0,600,600,600,600,537,63,0.29833333333333334,134.3296089385475,72135.0,63,239.45810055865923,128589.0,breakdown,2,1800.0,600.0,2400.0,249,47,16,584,600,0,0
cooperative_limited,1:1,1200,108,5,103,108,40,0.0,0,300,300,300,0,0,0,17735.0,0.0,17735.0,0.0,0.0,0,0,300,276,230,46,24,70,113820.0,238186.0,352006.0,73497.0,266.29347826086956,53,217,131555.0,238186.0,369741.0,600,0,600,600,600,600,530,70,0.29444444444444445,138.65849056603773,73489.0,70,242.76415094339623,128665.0,breakdown,3,1800.0,600.0,2400.0,270,46,24,576,600,0,0
cooperative_limited,1:1,1200,109,4,105,109,40,0.0,0,300,300,300,0,0,0,17661.0,0.0,17661.0,0.0,0.0,0,0,300,279,234,45,21,66,113604.0,233303.0,346907.0,73860.0,264.73118279569894,53,214,131265.0,233303.0,364568.0,600,0,600,600,600,600,534,66,0.2966666666666667,138.2996254681648,73852.0,66,240.65168539325842,128508.0,breakdown,4,1800.0,600.0,2400.0,267,45,21,579,600,0,0
cooperative_limited,1:1,1200,108,5,103,108,39,0.0,0,300,300,300,0,0,0,17680.0,0.0,17680.0,0.0,0.0,0,0,300,277,230,47,23,70,113772.0,233137.0,346909.0,73578.0,265.6245487364621,53,216,131452.0,233137.0,364589.0,600,0,600,600,600,600,530,70,0.29444444444444445,138.79811320754717,73563.0,70,242.38301886792453,128463.0,breakdown,5,1800.0,600.0,2400.0,262,47,23,577,600,0,0
ramp_fixed_4s,1:1,1200,0,0,0,0,0,4.0,167,300,300,300,0,0,0,17827.0,0.0,17827.0,0.0,0.0,0,0,300,200,156,44,100,144,111928.0,245592.0,357520.0,71068.0,355.34,53,210,129755.0,245592.0,375347.0,600,0,600,600,600,600,456,144,0.25333333333333335,155.81798245614036,71053.0,144,273.93640350877195,124915.0,breakdown,1,1800.0,600.0,2400.0,252,44,100,500,600,0,0
ramp_fixed_4s,1:1,1200,0,0,0,0,0,4.0,177,300,300,300,0,0,0,17869.0,0.0,17869.0,0.0,0.0,0,0,300,208,165,43,92,135,111852.0,240605.0,352457.0,68631.0,329.9567307692308,53,203,129721.0,240605.0,370326.0,600,0,600,600,600,600,465,135,0.25833333333333336,147.5505376344086,68611.0,135,268.81075268817204,124997.0,breakdown,2,1800.0,600.0,2400.0,245,43,92,508,600,0,0
ramp_fixed_4s,1:1,1200,0,0,0,0,0,4.0,159,300,300,300,0,0,0,17567.0,0.0,17567.0,0.0,0.0,0,0,300,192,149,43,108,151,111991.0,256094.0,368085.0,71416.0,371.9583333333333,53,213,129558.0,256094.0,385652.0,600,0,600,600,600,600,449,151,0.24944444444444444,159.02004454342983,71400.0,151,278.728285077951,125149.0,breakdown,3,1800.0,600.0,2400.0,265,43,108,492,600,0,0
ramp_fixed_4s,1:1,1200,0,0,0,0,0,4.0,157,300,300,300,0,0,0,17494.0,0.0,17494.0,0.0,0.0,0,0,300,189,147,42,111,153,112611.0,262083.0,374694.0,72708.0,384.6984126984127,53,215,130105.0,262083.0,392188.0,600,0,600,600,600,600,447,153,0.24833333333333332,162.61744966442953,72690.0,153,281.0402684563758,125625.0,breakdown,4,1800.0,600.0,2400.0,268,42,111,489,600,0,0
ramp_fixed_4s,1:1,1200,0,0,0,0,0,4.0,165,300,300,300,0,0,0,17557.0,0.0,17557.0,0.0,0.0,0,0,300,196,154,42,104,146,112426.0,250261.0,362687.0,71828.0,366.46938775510205,53,211,129983.0,250261.0,380244.0,600,0,600,600,600,600,454,146,0.25222222222222224,158.1806167400881,71814.0,146,276.66299559471366,125605.0,breakdown,5,1800.0,600.0,2400.0,261,42,104,496,600,0,0
ramp_fixed_6s,1:1,1200,0,0,0,0,0,6.0,147,300,300,300,0,0,0,17820.0,0.0,17820.0,0.0,0.0,0,0,300,181,138,43,119,162,111752.0,249188.0,360940.0,69371.0,383.2651933701657,53,208,129572.0,249188.0,378760.0,600,0,600,600,600,600,438,162,0.24333333333333335,158.11872146118722,69256.0,162,282.9406392694064,123928.0,breakdown,1,1800.0,600.0,2400.0,250,43,119,481,600,0,0
ramp_fixed_6s,1:1,1200,0,0,0,0,0,6.0,152,300,300,300,0,0,0,17874.0,0.0,17874.0,0.0,0.0,0,0,300,187,143,44,113,157,111643.0,246716.0,358359.0,67489.0,360.903743315508,53,203,129517.0,246716.0,376233.0,600,0,600,600,600,600,443,157,0.2461111111111111,152.12415349887132,67391.0,157,279.4650112866817,123803.0,breakdown,2,1800.0,600.0,2400.0,245,44,113,487,600,0,0
ramp_fixed_6s,1:1,1200,0,0,0,0,0,6.0,140,300,300,300,0,0,0,17560.0,0.0,17560.0,0.0,0.0,0,0,300,174,131,43,126,169,111905.0,260224.0,372129.0,71187.0,409.12068965517244,53,213,129465.0,260224.0,389689.0,600,0,600,600,600,600,431,169,0.23944444444444443,164.97911832946636,71106.0,169,287.4570765661253,123894.0,breakdown,3,1800.0,600.0,2400.0,264,43,126,474,600,0,0
ramp_fixed_6s,1:1,1200,0,0,0,0,0,6.0,137,300,300,300,0,0,0,17491.0,0.0,17491.0,0.0,0.0,0,0,300,171,128,43,129,172,112545.0,266773.0,379318.0,72672.0,424.9824561403509,53,215,130036.0,266773.0,396809.0,600,0,600,600,600,600,428,172,0.23777777777777778,169.6285046728972,72601.0,172,290.5911214953271,124373.0,breakdown,4,1800.0,600.0,2400.0,268,43,129,471,600,0,0
ramp_fixed_6s,1:1,1200,0,0,0,0,0,6.0,142,300,300,300,0,0,0,17546.0,0.0,17546.0,0.0,0.0,0,0,300,177,132,45,123,168,112347.0,254923.0,367270.0,71105.0,401.7231638418079,53,210,129893.0,254923.0,384816.0,600,0,600,600,600,600,432,168,0.24,164.3935185185185,71018.0,168,286.837962962963,123914.0,breakdown,5,1800.0,600.0,2400.0,263,45,123,477,600,0,0
ramp_fixed_8s,1:1,1200,0,0,0,0,0,8.0,120,300,300,300,0,0,0,17833.0,0.0,17833.0,0.0,0.0,0,0,300,157,113,44,143,187,111723.0,259838.0,371561.0,69627.0,443.484076433121,53,211,129556.0,259838.0,389394.0,600,0,600,600,600,600,413,187,0.22944444444444445,167.80145278450362,69302.0,187,295.3026634382567,121960.0,breakdown,1,1800.0,600.0,2400.0,252,44,143,457,600,0,0
ramp_fixed_8s,1:1,1200,0,0,0,0,0,8.0,130,300,300,300,0,0,0,17873.0,0.0,17873.0,0.0,0.0,0,0,300,166,123,43,134,177,111540.0,250812.0,362352.0,65390.0,393.9156626506024,53,202,129413.0,250812.0,380225.0,600,0,600,600,600,600,423,177,0.235,153.80851063829786,65061.0,177,288.3829787234043,121986.0,breakdown,2,1800.0,600.0,2400.0,244,43,134,466,600,0,0
ramp_fixed_8s,1:1,1200,0,0,0,0,0,8.0,116,300,300,300,0,0,0,17586.0,0.0,17586.0,0.0,0.0,0,0,300,153,109,44,147,191,111777.0,264901.0,376678.0,70707.0,462.1372549019608,53,213,129363.0,264901.0,394264.0,600,0,600,600,600,600,409,191,0.22722222222222221,172.11735941320293,70396.0,191,297.71882640586796,121767.0,breakdown,3,1800.0,600.0,2400.0,266,44,147,453,600,0,0
ramp_fixed_8s,1:1,1200,0,0,0,0,0,8.0,115,300,300,300,0,0,0,17499.0,0.0,17499.0,0.0,0.0,0,0,300,152,109,43,148,191,112456.0,269799.0,382255.0,71024.0,467.2631578947368,53,213,129955.0,269799.0,399754.0,600,0,600,600,600,600,409,191,0.22722222222222221,172.90953545232273,70720.0,191,299.78484107579465,122612.0,breakdown,4,1800.0,600.0,2400.0,266,43,148,452,600,0,0
ramp_fixed_8s,1:1,1200,0,0,0,0,0,8.0,117,300,300,300,0,0,0,17536.0,0.0,17536.0,0.0,0.0,0,0,300,153,110,43,147,190,112373.0,265344.0,377717.0,70183.0,458.7124183006536,53,215,129909.0,265344.0,395253.0,600,0,600,600,600,600,410,190,0.22777777777777777,170.4170731707317,69871.0,190,298.73414634146343,122481.0,breakdown,5,1800.0,600.0,2400.0,255,43,147,453,600,0,0
uncontrolled,1:2,1200,0,0,0,0,0,0.0,0,200,200,200,0,0,0,11708.0,0.0,11708.0,0.0,0.0,0,0,400,308,262,46,92,138,114926.0,342379.0,457305.0,68179.0,221.3603896103896,53,290,126634.0,342379.0,469013.0,600,0,400,800,600,600,462,138,0.25666666666666665,147.53246753246754,68160.0,138,267.9069264069264,123773.0,breakdown,1,1800.0,600.0,2400.0,335,46,92,508,600,0,0
uncontrolled,1:2,1200,0,0,0,0,0,0.0,0,200,200,200,0,0,0,11763.0,0.0,11763.0,0.0,0.0,0,0,400,312,266,46,88,134,115308.0,338217.0,453525.0,66875.0,214.34294871794873,53,283,127071.0,338217.0,465288.0,600,0,400,800,600,600,466,134,0.2588888888888889,143.47424892703862,66859.0,134,266.343347639485,124116.0,breakdown,2,1800.0,600.0,2400.0,336,46,88,512,600,0,0
uncontrolled,1:2,1200,0,0,0,0,0,0.0,0,200,200,200,0,0,0,11705.0,0.0,11705.0,0.0,0.0,0,0,400,308,262,46,92,138,115280.0,341091.0,456371.0,67599.0,219.47727272727272,53,287,126985.0,341091.0,468076.0,600,0,400,800,600,600,462,138,0.25666666666666665,146.2922077922078,67587.0,138,268.4761904761905,124036.0,breakdown,3,1800.0,600.0,2400.0,330,46,92,508,600,0,0
uncontrolled,1:2,1200,0,0,0,0,0,0.0,0,200,200,200,0,0,0,11569.0,0.0,11569.0,0.0,0.0,0,0,400,305,258,47,95,142,115192.0,343978.0,459170.0,68041.0,223.08524590163935,53,289,126761.0,343978.0,470739.0,600,0,400,800,600,600,458,142,0.2544444444444444,148.53275109170306,68028.0,142,270.1943231441048,123749.0,breakdown,4,1800.0,600.0,2400.0,327,47,95,505,600,0,0
uncontrolled,1:2,1200,0,0,0,0,0,0.0,0,200,200,200,0,0,0,11591.0,0.0,11591.0,0.0,0.0,0,0,400,311,264,47,89,136,114426.0,335291.0,449717.0,67683.0,217.63022508038586,53,286,126017.0,335291.0,461308.0,600,0,400,800,600,600,464,136,0.2577777777777778,145.8405172413793,67670.0,136,265.2715517241379,123086.0,breakdown,5,1800.0,600.0,2400.0,328,47,89,511,600,0,0
cooperative_limited,1:2,1200,99,1,98,99,71,0.0,0,200,200,200,0,0,0,11842.0,0.0,11842.0,0.0,0.0,0,0,400,315,270,45,85,130,114643.0,330212.0,444855.0,67021.0,212.76507936507937,53,281,126485.0,330212.0,456697.0,600,0,400,800,600,600,470,130,0.2611111111111111,142.5744680851064,67010.0,130,263.22340425531917,123715.0,breakdown,1,1800.0,600.0,2400.0,326,45,85,515,600,0,0
cooperative_limited,1:2,1200,100,1,99,100,61,0.0,0,200,200,200,0,0,0,11913.0,0.0,11913.0,0.0,0.0,0,0,400,305,258,47,95,142,115393.0,347287.0,462680.0,69662.0,228.4,53,290,127306.0,347287.0,474593.0,600,0,400,800,600,600,458,142,0.2544444444444444,152.08515283842794,69655.0,142,271.410480349345,124306.0,breakdown,2,1800.0,600.0,2400.0,332,47,95,505,600,0,0
cooperative_limited,1:2,1200,100,0,100,100,66,0.0,0,200,200,200,0,0,0,11854.0,0.0,11854.0,0.0,0.0,0,0,400,304,258,46,96,142,115448.0,346814.0,462262.0,69029.0,227.0690789473684,53,290,127302.0,346814.0,474116.0,600,0,400,800,600,600,458,142,0.2544444444444444,150.68558951965065,69014.0,142,271.3122270742358,124261.0,breakdown,3,1800.0,600.0,2400.0,342,46,96,504,600,0,0
cooperative_limited,1:2,1200,99,1,98,99,68,0.0,0,200,200,200,0,0,0,11728.0,0.0,11728.0,0.0,0.0,0,0,400,311,266,45,89,134,115023.0,337358.0,452381.0,67931.0,218.42765273311898,53,285,126751.0,337358.0,464109.0,600,0,400,800,600,600,466,134,0.2588888888888889,145.74678111587983,67918.0,134,265.95922746781116,123937.0,breakdown,4,1800.0,600.0,2400.0,325,45,89,511,600,0,0
cooperative_limited,1:2,1200,99,1,98,99,75,0.0,0,200,200,200,0,0,0,11759.0,0.0,11759.0,0.0,0.0,0,0,400,318,273,45,82,127,114385.0,324850.0,439235.0,65964.0,207.43396226415095,53,278,126144.0,324850.0,450994.0,600,0,400,800,600,600,473,127,0.2627777777777778,139.42283298097252,65947.0,127,260.8689217758985,123391.0,breakdown,5,1800.0,600.0,2400.0,320,45,82,518,600,0,0
ramp_fixed_4s,1:2,1200,0,0,0,0,0,4.0,190,200,200,200,0,0,0,11676.0,0.0,11676.0,0.0,0.0,0,0,400,222,179,43,178,221,113789.0,361212.0,475001.0,63456.0,285.8378378378378,53,284,125465.0,361212.0,486677.0,600,0,400,800,600,600,379,221,0.21055555555555555,167.39313984168865,63442.0,221,318.311345646438,120640.0,breakdown,1,1800.0,600.0,2400.0,329,43,178,422,600,0,0
ramp_fixed_4s,1:2,1200,0,0,0,0,0,4.0,195,200,200,200,0,0,0,11771.0,0.0,11771.0,0.0,0.0,0,0,400,227,183,44,173,217,113989.0,361427.0,475416.0,64052.0,282.1674008810573,53,283,125760.0,361427.0,487187.0,600,0,400,800,600,600,383,217,0.2127777777777778,167.21148825065274,64042.0,217,315.3968668407311,120797.0,breakdown,2,1800.0,600.0,2400.0,336,44,173,427,600,0,0
ramp_fixed_4s,1:2,1200,0,0,0,0,0,4.0,189,200,200,200,0,0,0,11701.0,0.0,11701.0,0.0,0.0,0,0,400,221,178,43,179,222,113934.0,365647.0,479581.0,65843.0,297.9321266968326,53,289,125635.0,365647.0,491282.0,600,0,400,800,600,600,378,222,0.21,174.13492063492063,65823.0,222,320.6984126984127,121224.0,breakdown,3,1800.0,600.0,2400.0,329,43,179,421,600,0,0
ramp_fixed_4s,1:2,1200,0,0,0,0,0,4.0,185,200,200,200,0,0,0,11561.0,0.0,11561.0,0.0,0.0,0,0,400,218,174,44,182,226,113613.0,369860.0,483473.0,66855.0,306.6743119266055,53,290,125174.0,369860.0,495034.0,600,0,400,800,600,600,374,226,0.20777777777777778,178.71657754010695,66840.0,226,322.0534759358289,120448.0,breakdown,4,1800.0,600.0,2400.0,327,44,182,418,600,0,0
ramp_fixed_4s,1:2,1200,0,0,0,0,0,4.0,192,200,200,200,0,0,0,11589.0,0.0,11589.0,0.0,0.0,0,0,400,225,181,44,175,219,113656.0,359602.0,473258.0,64740.0,287.73333333333335,53,285,125245.0,359602.0,484847.0,600,0,400,800,600,600,381,219,0.21166666666666667,169.86614173228347,64719.0,219,316.20734908136484,120475.0,breakdown,5,1800.0,600.0,2400.0,325,44,175,425,600,0,0
ramp_fixed_6s,1:2,1200,0,0,0,0,0,6.0,170,200,200,200,0,0,0,11724.0,0.0,11724.0,0.0,0.0,0,0,400,204,160,44,196,240,113677.0,366309.0,479986.0,63008.0,308.8627450980392,53,286,125401.0,366309.0,491710.0,600,0,400,800,600,600,360,240,0.2,174.71666666666667,62898.0,240,332.25555555555553,119612.0,breakdown,1,1800.0,600.0,2400.0,331,44,196,404,600,0,0
ramp_fixed_6s,1:2,1200,0,0,0,0,0,6.0,170,200,200,200,0,0,0,11759.0,0.0,11759.0,0.0,0.0,0,0,400,205,160,45,195,240,113806.0,369133.0,482939.0,62501.0,304.8829268292683,53,284,125565.0,369133.0,494698.0,600,0,400,800,600,600,360,240,0.2,173.30555555555554,62390.0,240,332.18611111111113,119587.0,breakdown,2,1800.0,600.0,2400.0,337,45,195,405,600,0,0
ramp_fixed_6s,1:2,1200,0,0,0,0,0,6.0,160,200,200,200,0,0,0,11704.0,0.0,11704.0,0.0,0.0,0,0,400,195,152,43,205,248,113935.0,378418.0,492353.0,65698.0,336.91282051282053,53,294,125639.0,378418.0,504057.0,600,0,400,800,600,600,352,248,0.19555555555555557,186.33238636363637,65589.0,248,341.32670454545456,120147.0,breakdown,3,1800.0,600.0,2400.0,339,43,205,395,600,0,0
ramp_fixed_6s,1:2,1200,0,0,0,0,0,6.0,166,200,200,200,0,0,0,11549.0,0.0,11549.0,0.0,0.0,0,0,400,200,156,44,200,244,113557.0,372114.0,485671.0,64926.0,324.63,53,289,125106.0,372114.0,497220.0,600,0,400,800,600,600,356,244,0.19777777777777777,182.04494382022472,64808.0,244,335.13483146067415,119308.0,breakdown,4,1800.0,600.0,2400.0,325,44,200,400,600,0,0
ramp_fixed_6s,1:2,1200,0,0,0,0,0,6.0,169,200,200,200,0,0,0,11588.0,0.0,11588.0,0.0,0.0,0,0,400,203,158,45,197,242,113633.0,366105.0,479738.0,63346.0,312.04926108374383,52,288,125221.0,366105.0,491326.0,600,0,400,800,600,600,358,242,0.1988888888888889,176.60893854748602,63226.0,242,332.43854748603354,119013.0,breakdown,5,1800.0,600.0,2400.0,326,45,197,403,600,0,0
ramp_fixed_8s,1:2,1200,0,0,0,0,0,8.0,143,200,200,200,0,0,0,11716.0,0.0,11716.0,0.0,0.0,0,0,400,180,136,44,220,264,113655.0,377303.0,490958.0,61436.0,341.31111111111113,53,289,125371.0,377303.0,502674.0,600,0,400,800,600,600,336,264,0.18666666666666668,181.7470238095238,61067.0,264,350.63690476190476,117814.0,breakdown,1,1800.0,600.0,2400.0,334,44,220,380,600,0,0
ramp_fixed_8s,1:2,1200,0,0,0,0,0,8.0,146,200,200,200,0,0,0,11755.0,0.0,11755.0,0.0,0.0,0,0,400,183,139,44,217,261,113656.0,375070.0,488726.0,59728.0,326.3825136612022,53,284,125411.0,375070.0,500481.0,600,0,400,800,600,600,339,261,0.18833333333333332,175.12979351032448,59369.0,261,347.5073746312684,117805.0,breakdown,2,1800.0,600.0,2400.0,337,44,217,383,600,0,0
ramp_fixed_8s,1:2,1200,0,0,0,0,0,8.0,142,200,200,200,0,0,0,11704.0,0.0,11704.0,0.0,0.0,0,0,400,178,135,43,222,265,113703.0,376846.0,490549.0,61318.0,344.4831460674157,53,289,125407.0,376846.0,502253.0,600,0,400,800,600,600,335,265,0.18611111111111112,181.95820895522388,60956.0,265,351.910447761194,117890.0,breakdown,3,1800.0,600.0,2400.0,332,43,222,378,600,0,0
ramp_fixed_8s,1:2,1200,0,0,0,0,0,8.0,149,200,200,200,0,0,0,11568.0,0.0,11568.0,0.0,0.0,0,0,400,185,142,43,215,258,112423.0,363227.0,475650.0,59478.0,321.5027027027027,49,282,123991.0,363227.0,487218.0,600,0,400,800,600,600,342,258,0.19,172.7748538011696,59089.0,258,340.85087719298247,116571.0,breakdown,4,1800.0,600.0,2400.0,318,43,215,385,600,0,0
ramp_fixed_8s,1:2,1200,0,0,0,0,0,8.0,140,200,200,200,0,0,0,11562.0,0.0,11562.0,0.0,0.0,0,0,400,176,133,43,224,267,113660.0,381394.0,495054.0,62481.0,355.0056818181818,53,293,125222.0,381394.0,506616.0,600,0,400,800,600,600,333,267,0.185,186.56756756756758,62127.0,267,353.35135135135135,117666.0,breakdown,5,1800.0,600.0,2400.0,328,43,224,376,600,0,0
uncontrolled,1:3,1200,0,0,0,0,0,0.0,0,150,150,150,0,0,0,8788.0,0.0,8788.0,0.0,0.0,0,0,450,352,307,45,98,143,114758.0,353690.0,468448.0,58832.0,167.13636363636363,48,296,123546.0,353690.0,477236.0,600,0,300,900,600,600,457,143,0.2538888888888889,128.68927789934355,58811.0,143,264.34792122538295,120807.0,breakdown,1,1800.0,600.0,2400.0,338,45,98,502,600,0,0
uncontrolled,1:3,1200,0,0,0,0,0,0.0,0,150,150,150,0,0,0,8852.0,0.0,8852.0,0.0,0.0,0,0,450,342,296,46,108,154,115519.0,375612.0,491131.0,61090.0,178.62573099415204,50,308,124371.0,375612.0,499983.0,600,0,300,900,600,600,446,154,0.2477777777777778,136.92376681614348,61068.0,154,272.4013452914798,121491.0,breakdown,2,1800.0,600.0,2400.0,346,46,108,492,600,0,0
uncontrolled,1:3,1200,0,0,0,0,0,0.0,0,150,150,150,0,0,0,8742.0,0.0,8742.0,0.0,0.0,0,0,450,333,287,46,117,163,115498.0,381319.0,496817.0,61946.0,186.02402402402402,47,313,124240.0,381319.0,505559.0,600,0,300,900,600,600,437,163,0.2427777777777778,141.71853546910756,61931.0,163,277.60183066361554,121312.0,breakdown,3,1800.0,600.0,2400.0,352,46,117,483,600,0,0
uncontrolled,1:3,1200,0,0,0,0,0,0.0,0,150,150,150,0,0,0,8670.0,0.0,8670.0,0.0,0.0,0,0,450,339,294,45,111,156,114717.0,371223.0,485940.0,61951.0,182.7463126843658,47,307,123387.0,371223.0,494610.0,600,0,300,900,600,600,444,156,0.24666666666666667,139.49324324324326,61935.0,156,271.64639639639637,120611.0,breakdown,4,1800.0,600.0,2400.0,347,45,111,489,600,0,0
uncontrolled,1:3,1200,0,0,0,0,0,0.0,0,150,150,150,0,0,0,8785.0,0.0,8785.0,0.0,0.0,0,0,450,339,294,45,111,156,115163.0,373572.0,488735.0,61546.0,181.55162241887905,47,308,123948.0,373572.0,497520.0,600,0,300,900,600,600,444,156,0.24666666666666667,138.58333333333334,61531.0,156,273.1599099099099,121283.0,breakdown,5,1800.0,600.0,2400.0,346,45,111,489,600,0,0
cooperative_limited,1:3,1200,85,1,84,85,102,0.0,0,150,150,150,0,0,0,8908.0,0.0,8908.0,0.0,0.0,0,0,450,347,301,46,103,149,114823.0,362593.0,477416.0,60899.0,175.5014409221902,49,300,123731.0,362593.0,486324.0,600,0,300,900,600,600,451,149,0.25055555555555553,135.00443458980044,60887.0,149,267.9490022172949,120845.0,breakdown,1,1800.0,600.0,2400.0,342,46,103,497,600,0,0
cooperative_limited,1:3,1200,85,1,84,85,105,0.0,0,150,150,150,0,0,0,8976.0,0.0,8976.0,0.0,0.0,0,0,450,349,303,46,101,147,115451.0,363662.0,479113.0,61174.0,175.28366762177652,52,300,124427.0,363662.0,488089.0,600,0,300,900,600,600,453,147,0.25166666666666665,135.01103752759383,61160.0,147,268.3774834437086,121575.0,breakdown,2,1800.0,600.0,2400.0,336,46,101,499,600,0,0
cooperative_limited,1:3,1200,85,3,82,85,86,0.0,0,150,150,150,0,0,0,8886.0,0.0,8886.0,0.0,0.0,0,0,450,330,282,48,120,168,115631.0,384828.0,500459.0,63519.0,192.48181818181817,51,316,124517.0,384828.0,509345.0,600,0,300,900,600,600,432,168,0.24,146.9976851851852,63503.0,168,281.0138888888889,121398.0,breakdown,3,1800.0,600.0,2400.0,355,48,120,480,600,0,0
cooperative_limited,1:3,1200,85,1,84,85,103,0.0,0,150,150,150,0,0,0,8826.0,0.0,8826.0,0.0,0.0,0,0,450,347,300,47,103,150,114572.0,356778.0,471350.0,62217.0,179.29971181556195,51,300,123398.0,356778.0,480176.0,600,0,300,900,600,600,450,150,0.25,138.23111111111112,62204.0,150,267.88666666666666,120549.0,breakdown,4,1800.0,600.0,2400.0,344,47,103,497,600,0,0
cooperative_limited,1:3,1200,87,2,85,87,106,0.0,0,150,150,150,0,0,0,8904.0,0.0,8904.0,0.0,0.0,0,0,450,346,299,47,104,151,115172.0,366453.0,481625.0,61627.0,178.11271676300578,48,302,124076.0,366453.0,490529.0,600,0,300,900,600,600,449,151,0.24944444444444444,137.21826280623608,61611.0,151,269.83518930957683,121156.0,breakdown,5,1800.0,600.0,2400.0,339,47,104,496,600,0,0
ramp_fixed_4s,1:3,1200,0,0,0,0,0,4.0,232,150,150,150,0,0,0,8770.0,0.0,8770.0,0.0,0.0,0,0,450,265,221,44,185,229,113055.0,376071.0,489126.0,53210.0,200.79245283018867,43,296,121825.0,376071.0,497896.0,600,0,300,900,600,600,371,229,0.2061111111111111,143.3477088948787,53182.0,229,314.9191374663073,116835.0,breakdown,1,1800.0,600.0,2400.0,334,44,185,415,600,0,0
ramp_fixed_4s,1:3,1200,0,0,0,0,0,4.0,226,150,150,150,0,0,0,8861.0,0.0,8861.0,0.0,0.0,0,0,450,259,215,44,191,235,113290.0,388918.0,502208.0,56673.0,218.8146718146718,43,304,122151.0,388918.0,511069.0,600,0,300,900,600,600,365,235,0.20277777777777778,155.1917808219178,56645.0,235,322.27945205479455,117632.0,breakdown,2,1800.0,600.0,2400.0,338,44,191,409,600,0,0
ramp_fixed_4s,1:3,1200,0,0,0,0,0,4.0,218,150,150,150,0,0,0,8748.0,0.0,8748.0,0.0,0.0,0,0,450,250,205,45,200,245,113545.0,398406.0,511951.0,58090.0,232.36,47,311,122293.0,398406.0,520699.0,600,0,300,900,600,600,355,245,0.19722222222222222,163.55774647887324,58063.0,245,329.8197183098591,117086.0,breakdown,3,1800.0,600.0,2400.0,349,45,200,400,600,0,0
ramp_fixed_4s,1:3,1200,0,0,0,0,0,4.0,216,150,150,150,0,0,0,8661.0,0.0,8661.0,0.0,0.0,0,0,450,249,206,43,201,244,113443.0,395551.0,508994.0,57576.0,231.2289156626506,42,309,122104.0,395551.0,517655.0,600,0,300,900,600,600,356,244,0.19777777777777777,161.67696629213484,57557.0,244,329.6629213483146,117360.0,breakdown,4,1800.0,600.0,2400.0,345,43,201,399,600,0,0
ramp_fixed_4s,1:3,1200,0,0,0,0,0,4.0,215,150,150,150,0,0,0,8782.0,0.0,8782.0,0.0,0.0,0,0,450,247,204,43,203,246,113923.0,401565.0,515488.0,57866.0,234.2753036437247,43,311,122705.0,401565.0,524270.0,600,0,300,900,600,600,354,246,0.19666666666666666,163.40395480225988,57845.0,246,333.3305084745763,117999.0,breakdown,5,1800.0,600.0,2400.0,347,43,203,397,600,0,0
ramp_fixed_6s,1:3,1200,0,0,0,0,0,6.0,204,150,150,150,0,0,0,8778.0,0.0,8778.0,0.0,0.0,0,0,450,239,196,43,211,254,113061.0,389742.0,502803.0,52013.0,217.6276150627615,40,304,121839.0,389742.0,511581.0,600,0,300,900,600,600,346,254,0.1922222222222222,149.95375722543352,51884.0,254,336.3901734104046,116391.0,breakdown,1,1800.0,600.0,2400.0,338,43,211,389,600,0,0
ramp_fixed_6s,1:3,1200,0,0,0,0,0,6.0,203,150,150,150,0,0,0,8872.0,0.0,8872.0,0.0,0.0,0,0,450,237,194,43,213,256,113052.0,397247.0,510299.0,52784.0,222.71729957805908,46,304,121924.0,397247.0,519171.0,600,0,300,900,600,600,344,256,0.19111111111111112,153.01453488372093,52637.0,256,337.8110465116279,116207.0,breakdown,2,1800.0,600.0,2400.0,338,43,213,387,600,0,0
ramp_fixed_6s,1:3,1200,0,0,0,0,0,6.0,196,150,150,150,0,0,0,8745.0,0.0,8745.0,0.0,0.0,0,0,450,230,186,44,220,264,113240.0,403067.0,516307.0,54937.0,238.85652173913044,41,310,121985.0,403067.0,525052.0,600,0,300,900,600,600,336,264,0.18666666666666668,163.11904761904762,54808.0,264,345.58035714285717,116115.0,breakdown,3,1800.0,600.0,2400.0,346,44,220,380,600,0,0
ramp_fixed_6s,1:3,1200,0,0,0,0,0,6.0,216,150,150,150,0,0,0,8703.0,0.0,8703.0,0.0,0.0,0,0,450,250,208,42,200,242,110758.0,361853.0,472611.0,50071.0,200.284,40,290,119461.0,361853.0,481314.0,600,0,300,900,600,600,358,242,0.1988888888888889,139.44972067039106,49923.0,242,318.48324022346367,114017.0,breakdown,4,1800.0,600.0,2400.0,325,42,200,400,600,0,0
ramp_fixed_6s,1:3,1200,0,0,0,0,0,6.0,195,150,150,150,0,0,0,8788.0,0.0,8788.0,0.0,0.0,0,0,450,229,186,43,221,264,113615.0,406488.0,520103.0,54649.0,238.64192139737992,41,311,122403.0,406488.0,528891.0,600,0,300,900,600,600,336,264,0.18666666666666668,162.21130952380952,54503.0,264,347.5357142857143,116772.0,breakdown,5,1800.0,600.0,2400.0,345,43,221,379,600,0,0
ramp_fixed_8s,1:3,1200,0,0,0,0,0,8.0,191,150,150,150,0,0,0,8788.0,0.0,8788.0,0.0,0.0,0,0,450,227,183,44,223,267,111166.0,375129.0,486295.0,42645.0,187.863436123348,41,293,119954.0,375129.0,495083.0,600,0,300,900,600,600,333,267,0.185,126.65165165165165,42175.0,267,336.7267267267267,112130.0,breakdown,1,1800.0,600.0,2400.0,322,44,223,377,600,0,0
ramp_fixed_8s,1:3,1200,0,0,0,0,0,8.0,170,150,150,150,0,0,0,8842.0,0.0,8842.0,0.0,0.0,0,0,450,207,164,43,243,286,113165.0,410385.0,523550.0,50561.0,244.256038647343,41,312,122007.0,410385.0,532392.0,600,0,300,900,600,600,314,286,0.17444444444444446,159.6815286624204,50140.0,286,365.1656050955414,114662.0,breakdown,2,1800.0,600.0,2400.0,345,43,243,357,600,0,0
ramp_fixed_8s,1:3,1200,0,0,0,0,0,8.0,176,150,150,150,0,0,0,8757.0,0.0,8757.0,0.0,0.0,0,0,450,213,169,44,237,281,112132.0,398454.0,510586.0,48289.0,226.70892018779344,41,306,120889.0,398454.0,519343.0,600,0,300,900,600,600,319,281,0.17722222222222223,149.99059561128527,47847.0,281,355.1442006269593,113291.0,breakdown,3,1800.0,600.0,2400.0,339,44,237,363,600,0,0
ramp_fixed_8s,1:3,1200,0,0,0,0,0,8.0,175,150,150,150,0,0,0,8681.0,0.0,8681.0,0.0,0.0,0,0,450,212,168,44,238,282,112369.0,402815.0,515184.0,49151.0,231.8443396226415,41,307,121050.0,402815.0,523865.0,600,0,300,900,600,600,318,282,0.17666666666666667,153.20440251572327,48719.0,282,356.75471698113205,113448.0,breakdown,4,1800.0,600.0,2400.0,340,44,238,362,600,0,0
ramp_fixed_8s,1:3,1200,0,0,0,0,0,8.0,181,150,150,150,0,0,0,8783.0,0.0,8783.0,0.0,0.0,0,0,450,218,174,44,232,276,112970.0,402837.0,515807.0,45783.0,210.0137614678899,43,303,121753.0,402837.0,524590.0,600,0,300,900,600,600,324,276,0.18,140.0,45360.0,276,352.3240740740741,114153.0,breakdown,5,1800.0,600.0,2400.0,332,44,232,368,600,0,0
uncontrolled,1:4,1200,0,0,0,0,0,0.0,0,120,120,120,0,0,0,7040.0,0.0,7040.0,0.0,0.0,0,0,480,378,332,46,102,148,114333.0,361300.0,475633.0,55469.0,146.74338624338625,43,302,121373.0,361300.0,482673.0,600,0,240,960,600,600,452,148,0.2511111111111111,122.67477876106194,55449.0,148,262.3495575221239,118582.0,breakdown,1,1800.0,600.0,2400.0,336,46,102,498,600,0,0
uncontrolled,1:4,1200,0,0,0,0,0,0.0,0,120,120,120,0,0,0,7072.0,0.0,7072.0,0.0,0.0,0,0,480,377,332,45,103,148,114621.0,364089.0,478710.0,55486.0,147.17771883289126,42,305,121693.0,364089.0,485782.0,600,0,240,960,600,600,452,148,0.2511111111111111,122.69911504424779,55460.0,148,262.98230088495575,118868.0,breakdown,2,1800.0,600.0,2400.0,334,45,103,497,600,0,0
uncontrolled,1:4,1200,0,0,0,0,0,0.0,0,120,120,120,0,0,0,7102.0,0.0,7102.0,0.0,0.0,0,0,480,393,345,48,87,135,113902.0,344713.0,458615.0,51813.0,131.83969465648855,39,291,121004.0,344713.0,465717.0,600,0,240,960,600,600,465,135,0.25833333333333336,111.39139784946236,51797.0,135,253.6236559139785,117935.0,breakdown,3,1800.0,600.0,2400.0,321,48,87,513,600,0,0
uncontrolled,1:4,1200,0,0,0,0,0,0.0,0,120,120,120,0,0,0,6988.0,0.0,6988.0,0.0,0.0,0,0,480,381,335,46,99,145,113984.0,356048.0,470032.0,53598.0,140.6771653543307,42,300,120972.0,356048.0,477020.0,600,0,240,960,600,600,455,145,0.25277777777777777,117.77142857142857,53586.0,145,259.45274725274726,118051.0,breakdown,4,1800.0,600.0,2400.0,332,46,99,501,600,0,0
uncontrolled,1:4,1200,0,0,0,0,0,0.0,0,120,120,120,0,0,0,7051.0,0.0,7051.0,0.0,0.0,0,0,480,387,341,46,93,139,114304.0,353993.0,468297.0,53290.0,137.70025839793283,40,294,121355.0,353993.0,475348.0,600,0,240,960,600,600,461,139,0.2561111111111111,115.56832971800434,53277.0,139,256.9110629067245,118436.0,breakdown,5,1800.0,600.0,2400.0,325,46,93,507,600,0,0
cooperative_limited,1:4,1200,93,10,83,93,137,0.0,0,120,120,120,0,0,0,7223.0,0.0,7223.0,0.0,0.0,0,0,480,382,336,46,98,144,114507.0,359533.0,474040.0,55918.0,146.38219895287958,44,298,121730.0,359533.0,481263.0,600,0,240,960,600,600,456,144,0.25333333333333335,122.59868421052632,55905.0,144,260.82894736842104,118938.0,breakdown,1,1800.0,600.0,2400.0,337,46,98,502,600,0,0
cooperative_limited,1:4,1200,94,7,87,94,127,0.0,0,120,120,120,0,0,0,7208.0,0.0,7208.0,0.0,0.0,0,0,480,371,325,46,109,155,114864.0,370496.0,485360.0,57117.0,153.9541778975741,44,310,122072.0,370496.0,492568.0,600,0,240,960,600,600,445,155,0.24722222222222223,128.323595505618,57104.0,155,267.7730337078652,119159.0,breakdown,2,1800.0,600.0,2400.0,351,46,109,491,600,0,0
cooperative_limited,1:4,1200,93,9,84,93,128,0.0,0,120,120,120,0,0,0,7211.0,0.0,7211.0,0.0,0.0,0,0,480,375,329,46,105,151,114348.0,367758.0,482106.0,56417.0,150.44533333333334,44,304,121559.0,367758.0,489317.0,600,0,240,960,600,600,449,151,0.24944444444444444,125.61024498886414,56399.0,151,264.4632516703786,118744.0,breakdown,3,1800.0,600.0,2400.0,343,46,105,495,600,0,0
cooperative_limited,1:4,1200,91,6,85,91,132,0.0,0,120,120,120,0,0,0,7124.0,0.0,7124.0,0.0,0.0,0,0,480,387,342,45,93,138,113924.0,343651.0,457575.0,54238.0,140.1498708010336,43,294,121048.0,343651.0,464699.0,600,0,240,960,600,600,462,138,0.25666666666666665,117.36363636363636,54222.0,138,255.84415584415584,118200.0,breakdown,4,1800.0,600.0,2400.0,330,45,93,507,600,0,0
cooperative_limited,1:4,1200,92,10,82,92,134,0.0,0,120,120,120,0,0,0,7186.0,0.0,7186.0,0.0,0.0,0,0,480,381,335,46,99,145,114486.0,363320.0,477806.0,55697.0,146.18635170603673,44,301,121672.0,363320.0,484992.0,600,0,240,960,600,600,455,145,0.25277777777777777,122.36923076923077,55678.0,145,261.2241758241758,118857.0,breakdown,5,1800.0,600.0,2400.0,331,46,99,501,600,0,0
ramp_fixed_4s,1:4,1200,0,0,0,0,0,4.0,257,120,120,120,0,0,0,7049.0,0.0,7049.0,0.0,0.0,0,0,480,290,246,44,190,234,112889.0,386068.0,498957.0,47361.0,163.31379310344826,35,302,119938.0,386068.0,506006.0,600,0,240,960,600,600,366,234,0.20333333333333334,129.35245901639345,47343.0,234,314.275956284153,115025.0,breakdown,1,1800.0,600.0,2400.0,335,44,190,410,600,0,0
ramp_fixed_4s,1:4,1200,0,0,0,0,0,4.0,261,120,120,120,0,0,0,7070.0,0.0,7070.0,0.0,0.0,0,0,480,293,249,44,187,231,112575.0,380809.0,493384.0,46225.0,157.76450511945393,38,304,119645.0,380809.0,500454.0,600,0,240,960,600,600,369,231,0.205,125.21409214092141,46204.0,231,311.9024390243902,115092.0,breakdown,2,1800.0,600.0,2400.0,328,44,187,413,600,0,0
ramp_fixed_4s,1:4,1200,0,0,0,0,0,4.0,269,120,120,120,0,0,0,7097.0,0.0,7097.0,0.0,0.0,0,0,480,302,258,44,178,222,111801.0,370089.0,481890.0,43840.0,145.16556291390728,38,289,118898.0,370089.0,488987.0,600,0,240,960,600,600,378,222,0.21,115.91534391534391,43816.0,222,301.57936507936506,113997.0,breakdown,3,1800.0,600.0,2400.0,321,44,178,422,600,0,0
ramp_fixed_4s,1:4,1200,0,0,0,0,0,4.0,255,120,120,120,0,0,0,6985.0,0.0,6985.0,0.0,0.0,0,0,480,287,244,43,193,236,112279.0,390555.0,502834.0,48357.0,168.49128919860627,38,306,119264.0,390555.0,509819.0,600,0,240,960,600,600,364,236,0.20222222222222222,132.78296703296704,48333.0,236,315.44505494505495,114822.0,breakdown,4,1800.0,600.0,2400.0,337,43,193,407,600,0,0
ramp_fixed_4s,1:4,1200,0,0,0,0,0,4.0,266,120,120,120,0,0,0,7064.0,0.0,7064.0,0.0,0.0,0,0,480,298,255,43,182,225,112625.0,375416.0,488041.0,45160.0,151.54362416107384,38,293,119689.0,375416.0,495105.0,600,0,240,960,600,600,375,225,0.20833333333333334,120.34133333333334,45128.0,225,306.36,114885.0,breakdown,5,1800.0,600.0,2400.0,324,43,182,418,600,0,0
ramp_fixed_6s,1:4,1200,0,0,0,0,0,6.0,245,120,120,120,0,0,0,7044.0,0.0,7044.0,0.0,0.0,0,0,480,279,236,43,201,244,111273.0,377402.0,488675.0,40106.0,143.74910394265234,34,294,118317.0,377402.0,495719.0,600,0,240,960,600,600,356,244,0.19777777777777777,112.21067415730337,39947.0,244,316.6657303370786,112733.0,breakdown,1,1800.0,600.0,2400.0,320,43,201,399,600,0,0
ramp_fixed_6s,1:4,1200,0,0,0,0,0,6.0,232,120,120,120,0,0,0,7055.0,0.0,7055.0,0.0,0.0,0,0,480,266,222,44,214,258,112317.0,394711.0,507028.0,43747.0,164.4624060150376,39,309,119372.0,394711.0,514083.0,600,0,240,960,600,600,342,258,0.19,127.48538011695906,43600.0,258,331.53801169590645,113386.0,breakdown,2,1800.0,600.0,2400.0,331,44,214,386,600,0,0
ramp_fixed_6s,1:4,1200,0,0,0,0,0,6.0,246,120,120,120,0,0,0,7098.0,0.0,7098.0,0.0,0.0,0,0,480,280,237,43,200,243,111314.0,378625.0,489939.0,39223.0,140.08214285714286,33,292,118412.0,378625.0,497037.0,600,0,240,960,600,600,357,243,0.19833333333333333,109.39775910364146,39055.0,243,315.97478991596637,112803.0,breakdown,3,1800.0,600.0,2400.0,322,43,200,400,600,0,0
ramp_fixed_6s,1:4,1200,0,0,0,0,0,6.0,234,120,120,120,0,0,0,6984.0,0.0,6984.0,0.0,0.0,0,0,480,268,225,43,212,255,112420.0,400975.0,513395.0,43065.0,160.6902985074627,38,308,119404.0,400975.0,520379.0,600,0,240,960,600,600,345,255,0.19166666666666668,124.40289855072464,42919.0,255,330.15942028985506,113905.0,breakdown,4,1800.0,600.0,2400.0,330,43,212,388,600,0,0
ramp_fixed_6s,1:4,1200,0,0,0,0,0,6.0,239,120,120,120,0,0,0,7057.0,0.0,7057.0,0.0,0.0,0,0,480,273,230,43,207,250,112256.0,392260.0,504516.0,41480.0,151.94139194139194,34,300,119313.0,392260.0,511573.0,600,0,240,960,600,600,350,250,0.19444444444444445,118.07428571428571,41326.0,250,325.06,113771.0,breakdown,5,1800.0,600.0,2400.0,329,43,207,393,600,0,0
ramp_fixed_8s,1:4,1200,0,0,0,0,0,8.0,220,120,120,120,0,0,0,7044.0,0.0,7044.0,0.0,0.0,0,0,480,257,213,44,223,267,110475.0,380591.0,491066.0,30679.0,119.37354085603113,35,294,117519.0,380591.0,498110.0,600,0,240,960,600,600,333,267,0.185,90.49249249249249,30134.0,267,329.8168168168168,109829.0,breakdown,1,1800.0,600.0,2400.0,326,44,223,377,600,0,0
ramp_fixed_8s,1:4,1200,0,0,0,0,0,8.0,213,120,120,120,0,0,0,7052.0,0.0,7052.0,0.0,0.0,0,0,480,249,206,43,231,274,111617.0,398028.0,509645.0,33984.0,136.48192771084337,37,302,118669.0,398028.0,516697.0,600,0,240,960,600,600,326,274,0.1811111111111111,102.7239263803681,33488.0,274,341.0766871165644,111191.0,breakdown,2,1800.0,600.0,2400.0,334,43,231,369,600,0,0
ramp_fixed_8s,1:4,1200,0,0,0,0,0,8.0,220,120,120,120,0,0,0,7098.0,0.0,7098.0,0.0,0.0,0,0,480,257,213,44,223,267,111246.0,393323.0,504569.0,30550.0,118.8715953307393,26,296,118344.0,393323.0,511667.0,600,0,240,960,600,600,333,267,0.185,90.05105105105105,29987.0,267,332.2102102102102,110626.0,breakdown,3,1800.0,600.0,2400.0,311,44,223,377,600,0,0
ramp_fixed_8s,1:4,1200,0,0,0,0,0,8.0,217,120,120,120,0,0,0,6983.0,0.0,6983.0,0.0,0.0,0,0,480,254,211,43,226,269,111230.0,388628.0,499858.0,31942.0,125.75590551181102,31,299,118213.0,388628.0,506841.0,600,0,240,960,600,600,331,269,0.18388888888888888,94.8489425981873,31395.0,269,334.95770392749245,110871.0,breakdown,4,1800.0,600.0,2400.0,319,43,226,374,600,0,0
ramp_fixed_8s,1:4,1200,0,0,0,0,0,8.0,213,120,120,120,0,0,0,7057.0,0.0,7057.0,0.0,0.0,0,0,480,250,206,44,230,274,111625.0,398046.0,509671.0,33555.0,134.22,35,302,118682.0,398046.0,516728.0,600,0,240,960,600,600,326,274,0.1811111111111111,101.3957055214724,33055.0,274,340.4907975460123,111000.0,breakdown,5,1800.0,600.0,2400.0,327,44,230,370,600,0,0
uncontrolled,1:5,1200,0,0,0,0,0,0.0,0,100,100,100,0,0,0,5954.0,0.0,5954.0,0.0,0.0,0,0,500,464,419,45,36,81,111613.0,262635.0,374248.0,37946.0,81.78017241379311,38,238,117567.0,262635.0,380202.0,600,0,200,1000,600,600,519,81,0.28833333333333333,73.07514450867052,37926.0,81,221.242774566474,114825.0,breakdown,1,1800.0,600.0,2400.0,270,45,36,564,600,0,0
uncontrolled,1:5,1200,0,0,0,0,0,0.0,0,100,100,100,0,0,0,5940.0,0.0,5940.0,0.0,0.0,0,0,500,452,406,46,48,94,113088.0,284933.0,398021.0,40996.0,90.69911504424779,37,250,119028.0,284933.0,403961.0,600,0,200,1000,600,600,506,94,0.2811111111111111,80.9802371541502,40976.0,94,229.50592885375494,116130.0,breakdown,2,1800.0,600.0,2400.0,279,46,48,552,600,0,0
uncontrolled,1:5,1200,0,0,0,0,0,0.0,0,100,100,100,0,0,0,5887.0,0.0,5887.0,0.0,0.0,0,0,500,456,406,50,44,94,112733.0,287283.0,400016.0,38133.0,83.625,38,250,118620.0,287283.0,405903.0,600,0,200,1000,600,600,506,94,0.2811111111111111,75.31422924901186,38109.0,94,227.75691699604744,115245.0,breakdown,3,1800.0,600.0,2400.0,270,50,44,556,600,0,0
uncontrolled,1:5,1200,0,0,0,0,0,0.0,0,100,100,100,0,0,0,5879.0,0.0,5879.0,0.0,0.0,0,0,500,470,424,46,30,76,112149.0,261927.0,374076.0,35916.0,76.41702127659575,34,238,118028.0,261927.0,379955.0,600,0,200,1000,600,600,524,76,0.2911111111111111,68.5057251908397,35897.0,76,219.8091603053435,115180.0,breakdown,4,1800.0,600.0,2400.0,265,46,30,570,600,0,0
uncontrolled,1:5,1200,0,0,0,0,0,0.0,0,100,100,100,0,0,0,5872.0,0.0,5872.0,0.0,0.0,0,0,500,446,402,44,54,98,113059.0,296756.0,409815.0,40141.0,90.00224215246637,37,260,118931.0,296756.0,415687.0,600,0,200,1000,600,600,502,98,0.2788888888888889,79.92430278884463,40122.0,98,231.5378486055777,116232.0,breakdown,5,1800.0,600.0,2400.0,281,44,54,546,600,0,0
cooperative_limited,1:5,1200,88,0,88,88,157,0.0,0,100,100,100,0,0,0,6075.0,0.0,6075.0,0.0,0.0,0,0,500,402,357,45,98,143,114176.0,356596.0,470772.0,52488.0,130.56716417910448,39,299,120251.0,356596.0,476847.0,600,0,200,1000,600,600,457,143,0.2538888888888889,114.81838074398249,52472.0,143,256.94529540481403,117424.0,breakdown,1,1800.0,600.0,2400.0,333,45,98,502,600,0,0
cooperative_limited,1:5,1200,90,0,90,90,152,0.0,0,100,100,100,0,0,0,6071.0,0.0,6071.0,0.0,0.0,0,0,500,400,353,47,100,147,114544.0,360480.0,475024.0,52791.0,131.9775,39,301,120615.0,360480.0,481095.0,600,0,200,1000,600,600,453,147,0.25166666666666665,116.50993377483444,52779.0,147,259.6909492273731,117640.0,breakdown,2,1800.0,600.0,2400.0,339,47,100,500,600,0,0
cooperative_limited,1:5,1200,89,0,89,89,152,0.0,0,100,100,100,0,0,0,6006.0,0.0,6006.0,0.0,0.0,0,0,500,402,356,46,98,144,114482.0,356324.0,470806.0,52509.0,130.61940298507463,39,298,120488.0,356324.0,476812.0,600,0,200,1000,600,600,456,144,0.25333333333333335,115.1140350877193,52492.0,144,257.8201754385965,117566.0,breakdown,3,1800.0,600.0,2400.0,334,46,98,502,600,0,0
cooperative_limited,1:5,1200,90,0,90,90,146,0.0,0,100,100,100,0,0,0,5970.0,0.0,5970.0,0.0,0.0,0,0,500,396,352,44,104,148,113960.0,364858.0,478818.0,53802.0,135.86363636363637,41,304,119930.0,364858.0,484788.0,600,0,200,1000,600,600,452,148,0.2511111111111111,118.99557522123894,53786.0,148,259.3893805309734,117244.0,breakdown,4,1800.0,600.0,2400.0,339,44,104,496,600,0,0
cooperative_limited,1:5,1200,89,0,89,89,156,0.0,0,100,100,100,0,0,0,5982.0,0.0,5982.0,0.0,0.0,0,0,500,400,354,46,100,146,114203.0,360684.0,474887.0,52383.0,130.9575,38,300,120185.0,360684.0,480869.0,600,0,200,1000,600,600,454,146,0.25222222222222224,115.34801762114537,52368.0,146,258.2180616740088,117231.0,breakdown,5,1800.0,600.0,2400.0,333,46,100,500,600,0,0
ramp_fixed_4s,1:5,1200,0,0,0,0,0,4.0,349,100,100,100,0,0,0,5955.0,0.0,5955.0,0.0,0.0,0,0,500,380,337,43,120,163,109539.0,287076.0,396615.0,24081.0,63.37105263157895,34,234,115494.0,287076.0,402570.0,600,0,200,1000,600,600,437,163,0.2427777777777778,55.05263157894737,24058.0,163,253.69565217391303,110865.0,breakdown,1,1800.0,600.0,2400.0,252,43,120,480,600,0,0
ramp_fixed_4s,1:5,1200,0,0,0,0,0,4.0,329,100,100,100,0,0,0,5940.0,0.0,5940.0,0.0,0.0,0,0,500,362,318,44,138,182,110427.0,308246.0,418673.0,28984.0,80.06629834254143,34,252,116367.0,308246.0,424613.0,600,0,200,1000,600,600,418,182,0.23222222222222222,69.26315789473684,28952.0,182,266.52153110047846,111406.0,breakdown,2,1800.0,600.0,2400.0,271,44,138,462,600,0,0
ramp_fixed_4s,1:5,1200,0,0,0,0,0,4.0,336,100,100,100,0,0,0,5889.0,0.0,5889.0,0.0,0.0,0,0,500,368,324,44,132,176,110251.0,313925.0,424176.0,27232.0,74.0,35,251,116140.0,313925.0,430065.0,600,0,200,1000,600,600,424,176,0.23555555555555555,64.15801886792453,27203.0,176,262.35849056603774,111240.0,breakdown,3,1800.0,600.0,2400.0,262,44,132,468,600,0,0
ramp_fixed_4s,1:5,1200,0,0,0,0,0,4.0,338,100,100,100,0,0,0,5887.0,0.0,5887.0,0.0,0.0,0,0,500,370,327,43,130,173,110277.0,306404.0,416681.0,25677.0,69.3972972972973,31,247,116164.0,306404.0,422568.0,600,0,200,1000,600,600,427,173,0.23722222222222222,60.06791569086651,25649.0,173,261.1592505854801,111515.0,breakdown,4,1800.0,600.0,2400.0,269,43,130,470,600,0,0
ramp_fixed_4s,1:5,1200,0,0,0,0,0,4.0,333,100,100,100,0,0,0,5878.0,0.0,5878.0,0.0,0.0,0,0,500,365,321,44,135,179,110231.0,310676.0,420907.0,27636.0,75.71506849315068,34,252,116109.0,310676.0,426785.0,600,0,200,1000,600,600,421,179,0.2338888888888889,65.59857482185274,27617.0,179,264.23277909738715,111242.0,breakdown,5,1800.0,600.0,2400.0,265,44,135,465,600,0,0
ramp_fixed_6s,1:5,1200,0,0,0,0,0,6.0,318,100,100,100,0,0,0,5979.0,0.0,5979.0,0.0,0.0,0,0,500,352,310,42,148,190,108468.0,303280.0,411748.0,20283.0,57.62215909090909,32,247,114447.0,303280.0,417727.0,600,0,200,1000,600,600,410,190,0.22777777777777777,48.99756097560976,20089.0,190,266.0365853658537,109075.0,breakdown,1,1800.0,600.0,2400.0,262,42,148,452,600,0,0
ramp_fixed_6s,1:5,1200,0,0,0,0,0,6.0,323,100,100,100,0,0,0,5932.0,0.0,5932.0,0.0,0.0,0,0,500,357,314,43,143,186,108392.0,299262.0,407654.0,18842.0,52.778711484593835,28,239,114324.0,299262.0,413586.0,600,0,200,1000,600,600,414,186,0.23,44.95410628019324,18611.0,186,262.84057971014494,108816.0,breakdown,2,1800.0,600.0,2400.0,256,43,143,457,600,0,0
ramp_fixed_6s,1:5,1200,0,0,0,0,0,6.0,330,100,100,100,0,0,0,5936.0,0.0,5936.0,0.0,0.0,0,0,500,365,321,44,135,179,106896.0,281034.0,387930.0,17365.0,47.57534246575342,32,233,112832.0,281034.0,393866.0,600,0,200,1000,600,600,421,179,0.2338888888888889,40.736342042755346,17150.0,179,254.34441805225654,107079.0,breakdown,3,1800.0,600.0,2400.0,243,44,135,465,600,0,0
ramp_fixed_6s,1:5,1200,0,0,0,0,0,6.0,321,100,100,100,0,0,0,5887.0,0.0,5887.0,0.0,0.0,0,0,500,355,312,43,145,188,109503.0,305714.0,415217.0,18073.0,50.90985915492958,26,242,115390.0,305714.0,421104.0,600,0,200,1000,600,600,412,188,0.2288888888888889,43.37378640776699,17870.0,188,266.3033980582524,109717.0,breakdown,4,1800.0,600.0,2400.0,256,43,145,455,600,0,0
ramp_fixed_6s,1:5,1200,0,0,0,0,0,6.0,313,100,100,100,0,0,0,5876.0,0.0,5876.0,0.0,0.0,0,0,500,347,304,43,153,196,108688.0,312518.0,421206.0,20295.0,58.487031700288185,33,252,114564.0,312518.0,427082.0,600,0,200,1000,600,600,404,196,0.22444444444444445,49.757425742574256,20102.0,196,269.7277227722772,108970.0,breakdown,5,1800.0,600.0,2400.0,261,43,153,447,600,0,0
ramp_fixed_8s,1:5,1200,0,0,0,0,0,8.0,283,100,100,100,0,0,0,5979.0,0.0,5979.0,0.0,0.0,0,0,500,320,277,43,180,223,105167.0,327827.0,432994.0,8823.0,27.571875,23,254,111146.0,327827.0,438973.0,600,0,200,1000,600,600,377,223,0.20944444444444443,21.424403183023873,8077.0,223,275.3501326259947,103807.0,breakdown,1,1800.0,600.0,2400.0,262,43,180,420,600,0,0
ramp_fixed_8s,1:5,1200,0,0,0,0,0,8.0,275,100,100,100,0,0,0,5939.0,0.0,5939.0,0.0,0.0,0,0,500,311,268,43,189,232,107832.0,341463.0,449295.0,12408.0,39.89710610932476,21,264,113771.0,341463.0,455234.0,600,0,200,1000,600,600,368,232,0.20444444444444446,31.8125,11707.0,232,288.9592391304348,106337.0,breakdown,2,1800.0,600.0,2400.0,273,43,189,411,600,0,0
ramp_fixed_8s,1:5,1200,0,0,0,0,0,8.0,267,100,100,100,0,0,0,5887.0,0.0,5887.0,0.0,0.0,0,0,500,304,260,44,196,240,109053.0,359810.0,468863.0,14832.0,48.78947368421053,27,271,114940.0,359810.0,474750.0,600,0,200,1000,600,600,360,240,0.2,39.352777777777774,14167.0,240,297.80555555555554,107210.0,breakdown,3,1800.0,600.0,2400.0,276,44,196,404,600,0,0
ramp_fixed_8s,1:5,1200,0,0,0,0,0,8.0,292,100,100,100,0,0,0,5891.0,0.0,5891.0,0.0,0.0,0,0,500,328,285,43,172,215,104355.0,318837.0,423192.0,6344.0,19.341463414634145,19,247,110246.0,318837.0,429083.0,600,0,200,1000,600,600,385,215,0.21388888888888888,14.441558441558442,5560.0,215,267.04415584415585,102812.0,breakdown,4,1800.0,600.0,2400.0,251,43,172,428,600,0,0
ramp_fixed_8s,1:5,1200,0,0,0,0,0,8.0,294,100,100,100,0,0,0,5884.0,0.0,5884.0,0.0,0.0,0,0,500,331,288,43,169,212,103046.0,314594.0,417640.0,5225.0,15.785498489425981,22,244,108930.0,314594.0,423524.0,600,0,200,1000,600,600,388,212,0.21555555555555556,11.43298969072165,4436.0,212,261.72938144329896,101551.0,breakdown,5,1800.0,600.0,2400.0,246,43,169,431,600,0,0
